Source,Target,Label,Publication_name
37/1873,37/1873,9564,"Reachability Analysis of Neural Masses and Seizure Control Based on Combination Convolutional Neural Network."
256/0672,23/1758,15218,"Recognition of words from brain-generated signals of speech-impaired people - Application of autoencoders as a neural Turing machine controller in deep neural networks."
183/0347,140/0859,131084,"Artificial neural network based screening of cervical cancer using a hierarchical modular neural network architecture (HMNNA) and novel benchmark uterine cervix cancer database."
183/0347,64/6125,131084,"Artificial neural network based screening of cervical cancer using a hierarchical modular neural network architecture (HMNNA) and novel benchmark uterine cervix cancer database."
183/0347,183/0341,131084,"Artificial neural network based screening of cervical cancer using a hierarchical modular neural network architecture (HMNNA) and novel benchmark uterine cervix cancer database."
140/0859,64/6125,131084,"Artificial neural network based screening of cervical cancer using a hierarchical modular neural network architecture (HMNNA) and novel benchmark uterine cervix cancer database."
140/0859,183/0341,131084,"Artificial neural network based screening of cervical cancer using a hierarchical modular neural network architecture (HMNNA) and novel benchmark uterine cervix cancer database."
64/6125,183/0341,131084,"Artificial neural network based screening of cervical cancer using a hierarchical modular neural network architecture (HMNNA) and novel benchmark uterine cervix cancer database."
21/10569,233/9371,133698,"Evaluating performance of neural codes in model neural communication networks."
21/10569,22/1425,133698,"Evaluating performance of neural codes in model neural communication networks."
233/9371,22/1425,133698,"Evaluating performance of neural codes in model neural communication networks."
29/137,29/137,133804,"Neural dynamics of emotion and cognition - From trajectories to underlying neural geometry."
173/8066,79/1276-3,134062,"Real-Time Implementation of a Neural Integrator Backstepping Control via Recurrent Wavelet First Order Neural Network."
173/8066,14/1249,134062,"Real-Time Implementation of a Neural Integrator Backstepping Control via Recurrent Wavelet First Order Neural Network."
173/8066,29/319,134062,"Real-Time Implementation of a Neural Integrator Backstepping Control via Recurrent Wavelet First Order Neural Network."
79/1276-3,14/1249,134062,"Real-Time Implementation of a Neural Integrator Backstepping Control via Recurrent Wavelet First Order Neural Network."
79/1276-3,29/319,134062,"Real-Time Implementation of a Neural Integrator Backstepping Control via Recurrent Wavelet First Order Neural Network."
14/1249,29/319,134062,"Real-Time Implementation of a Neural Integrator Backstepping Control via Recurrent Wavelet First Order Neural Network."
200/5849,179/8395,205841,"Cyber Attack Detection by Using Neural Network Approaches - Shallow Neural Network, Deep Neural Network and AutoEncoder."
200/5849,10/569,205841,"Cyber Attack Detection by Using Neural Network Approaches - Shallow Neural Network, Deep Neural Network and AutoEncoder."
179/8395,10/569,205841,"Cyber Attack Detection by Using Neural Network Approaches - Shallow Neural Network, Deep Neural Network and AutoEncoder."
24/2319,79/2621,329170,"Artificial Neural Networks and Machine Learning - ICANN 2019 - Theoretical Neural Computation - 28th International Conference on Artificial Neural Networks, Munich, Germany, September 17-19, 2019, Proceedings, Part I"
24/2319,248/5551,329170,"Artificial Neural Networks and Machine Learning - ICANN 2019 - Theoretical Neural Computation - 28th International Conference on Artificial Neural Networks, Munich, Germany, September 17-19, 2019, Proceedings, Part I"
24/2319,t/FabianJTheis,329170,"Artificial Neural Networks and Machine Learning - ICANN 2019 - Theoretical Neural Computation - 28th International Conference on Artificial Neural Networks, Munich, Germany, September 17-19, 2019, Proceedings, Part I"
79/2621,248/5551,329170,"Artificial Neural Networks and Machine Learning - ICANN 2019 - Theoretical Neural Computation - 28th International Conference on Artificial Neural Networks, Munich, Germany, September 17-19, 2019, Proceedings, Part I"
79/2621,t/FabianJTheis,329170,"Artificial Neural Networks and Machine Learning - ICANN 2019 - Theoretical Neural Computation - 28th International Conference on Artificial Neural Networks, Munich, Germany, September 17-19, 2019, Proceedings, Part I"
248/5551,t/FabianJTheis,329170,"Artificial Neural Networks and Machine Learning - ICANN 2019 - Theoretical Neural Computation - 28th International Conference on Artificial Neural Networks, Munich, Germany, September 17-19, 2019, Proceedings, Part I"
252/5843,252/5647,379029,"General Regression Neural Networks, Radial Basis Function Neural Networks, Support Vector Machines, and Feedforward Neural Networks."
252/5843,252/5880,379029,"General Regression Neural Networks, Radial Basis Function Neural Networks, Support Vector Machines, and Feedforward Neural Networks."
252/5647,252/5880,379029,"General Regression Neural Networks, Radial Basis Function Neural Networks, Support Vector Machines, and Feedforward Neural Networks."
214/1331,214/1269,478959,"Multi-objective symbolic regression using long-term artificial neural network memory (LTANN-MEM) and neural symbolization algorithm (NSA)."
214/1331,116/2999,478959,"Multi-objective symbolic regression using long-term artificial neural network memory (LTANN-MEM) and neural symbolization algorithm (NSA)."
214/1269,116/2999,478959,"Multi-objective symbolic regression using long-term artificial neural network memory (LTANN-MEM) and neural symbolization algorithm (NSA)."
217/2684,217/2684,481435,"Neural electrical activity and neural network growth."
230/0369,49/5462,481454,"Estimation of neural connections from partially observed neural spikes."
230/0369,92/4211,481454,"Estimation of neural connections from partially observed neural spikes."
230/0369,81/2408,481454,"Estimation of neural connections from partially observed neural spikes."
230/0369,88/822,481454,"Estimation of neural connections from partially observed neural spikes."
49/5462,92/4211,481454,"Estimation of neural connections from partially observed neural spikes."
49/5462,81/2408,481454,"Estimation of neural connections from partially observed neural spikes."
49/5462,88/822,481454,"Estimation of neural connections from partially observed neural spikes."
92/4211,81/2408,481454,"Estimation of neural connections from partially observed neural spikes."
92/4211,88/822,481454,"Estimation of neural connections from partially observed neural spikes."
81/2408,88/822,481454,"Estimation of neural connections from partially observed neural spikes."
55/6253-1,83/6792,517025,"Neural Observer and Adaptive Neural Control Design for a Class of Nonlinear Systems."
55/6253-1,03/3890-4,517025,"Neural Observer and Adaptive Neural Control Design for a Class of Nonlinear Systems."
55/6253-1,72/4213,517025,"Neural Observer and Adaptive Neural Control Design for a Class of Nonlinear Systems."
83/6792,03/3890-4,517025,"Neural Observer and Adaptive Neural Control Design for a Class of Nonlinear Systems."
83/6792,72/4213,517025,"Neural Observer and Adaptive Neural Control Design for a Class of Nonlinear Systems."
03/3890-4,72/4213,517025,"Neural Observer and Adaptive Neural Control Design for a Class of Nonlinear Systems."
81/6685-8,24/2718,517124,"Hybrid Fuzzy Wavelet Neural Networks Architecture Based on Polynomial Neural Networks and Fuzzy Set/Relation Inference-Based Wavelet Neurons."
81/6685-8,p/WitoldPedrycz,517124,"Hybrid Fuzzy Wavelet Neural Networks Architecture Based on Polynomial Neural Networks and Fuzzy Set/Relation Inference-Based Wavelet Neurons."
24/2718,p/WitoldPedrycz,517124,"Hybrid Fuzzy Wavelet Neural Networks Architecture Based on Polynomial Neural Networks and Fuzzy Set/Relation Inference-Based Wavelet Neurons."
22/1805-9,22/1805-9,738489,"Neural Signal Processing - Electrode-based Brain Imaging, Focalized Neural Stimulation, and Neural Dynamics Study."
209/7376,94/2575,820509,"Predicting river daily flow using wavelet-artificial neural networks based on regression analyses in comparison with artificial neural networks and support vector machine models."
44/6416,55/5795,853726,"The Growing Hierarchical Neural Gas Self-Organizing Neural Network."
23/3287,63/1807-1,853734,"Fractional Hopfield Neural Networks - Fractional Dynamic Associative Recurrent Neural Networks."
23/3287,79/1420,853734,"Fractional Hopfield Neural Networks - Fractional Dynamic Associative Recurrent Neural Networks."
63/1807-1,79/1420,853734,"Fractional Hopfield Neural Networks - Fractional Dynamic Associative Recurrent Neural Networks."
44/3507,25/1735,1139052,"Editorial - Neural Processing Letters Special Issue on "Neural Networks for Vision and Robotics"."
44/3507,24/2147,1139052,"Editorial - Neural Processing Letters Special Issue on "Neural Networks for Vision and Robotics"."
44/3507,79/6988,1139052,"Editorial - Neural Processing Letters Special Issue on "Neural Networks for Vision and Robotics"."
44/3507,61/4009,1139052,"Editorial - Neural Processing Letters Special Issue on "Neural Networks for Vision and Robotics"."
25/1735,24/2147,1139052,"Editorial - Neural Processing Letters Special Issue on "Neural Networks for Vision and Robotics"."
25/1735,79/6988,1139052,"Editorial - Neural Processing Letters Special Issue on "Neural Networks for Vision and Robotics"."
25/1735,61/4009,1139052,"Editorial - Neural Processing Letters Special Issue on "Neural Networks for Vision and Robotics"."
24/2147,79/6988,1139052,"Editorial - Neural Processing Letters Special Issue on "Neural Networks for Vision and Robotics"."
24/2147,61/4009,1139052,"Editorial - Neural Processing Letters Special Issue on "Neural Networks for Vision and Robotics"."
79/6988,61/4009,1139052,"Editorial - Neural Processing Letters Special Issue on "Neural Networks for Vision and Robotics"."
69/2253,69/2253,1435394,"Corrigendum to "Feedback associative memory based on a new hybrid model of generalized regression and self feedback neural networks" [Neural Netw. 23(7) (2010) 892-904]."
02/2544,49/5637,1435521,"Neural coordination can be enhanced by occasional interruption of normal firing patterns - A self-optimizing spiking neural network model."
02/2544,04/5508,1435521,"Neural coordination can be enhanced by occasional interruption of normal firing patterns - A self-optimizing spiking neural network model."
49/5637,04/5508,1435521,"Neural coordination can be enhanced by occasional interruption of normal firing patterns - A self-optimizing spiking neural network model."
91/1037,85/1640,1462480,"Lag Synchronization of Switched Neural Networks via Neural Activation Function and Applications in Image Encryption."
91/1037,24/647,1462480,"Lag Synchronization of Switched Neural Networks via Neural Activation Function and Applications in Image Encryption."
91/1037,65/4875,1462480,"Lag Synchronization of Switched Neural Networks via Neural Activation Function and Applications in Image Encryption."
91/1037,72/4065,1462480,"Lag Synchronization of Switched Neural Networks via Neural Activation Function and Applications in Image Encryption."
85/1640,24/647,1462480,"Lag Synchronization of Switched Neural Networks via Neural Activation Function and Applications in Image Encryption."
85/1640,65/4875,1462480,"Lag Synchronization of Switched Neural Networks via Neural Activation Function and Applications in Image Encryption."
85/1640,72/4065,1462480,"Lag Synchronization of Switched Neural Networks via Neural Activation Function and Applications in Image Encryption."
24/647,65/4875,1462480,"Lag Synchronization of Switched Neural Networks via Neural Activation Function and Applications in Image Encryption."
24/647,72/4065,1462480,"Lag Synchronization of Switched Neural Networks via Neural Activation Function and Applications in Image Encryption."
65/4875,72/4065,1462480,"Lag Synchronization of Switched Neural Networks via Neural Activation Function and Applications in Image Encryption."
95/3377,10/5695,1695246,"Studying the Role of Synchronized and Chaotic Spiking Neural Ensembles in Neural Information Processing."
95/3377,56/4401-2,1695246,"Studying the Role of Synchronized and Chaotic Spiking Neural Ensembles in Neural Information Processing."
95/3377,26/6480,1695246,"Studying the Role of Synchronized and Chaotic Spiking Neural Ensembles in Neural Information Processing."
10/5695,56/4401-2,1695246,"Studying the Role of Synchronized and Chaotic Spiking Neural Ensembles in Neural Information Processing."
10/5695,26/6480,1695246,"Studying the Role of Synchronized and Chaotic Spiking Neural Ensembles in Neural Information Processing."
56/4401-2,26/6480,1695246,"Studying the Role of Synchronized and Chaotic Spiking Neural Ensembles in Neural Information Processing."
81/6685-8,24/2718,1726079,"Design of hybrid radial basis function neural networks (HRBFNNs) realized with the aid of hybridization of fuzzy clustering method (FCM) and polynomial neural networks (PNNs)."
81/6685-8,p/WitoldPedrycz,1726079,"Design of hybrid radial basis function neural networks (HRBFNNs) realized with the aid of hybridization of fuzzy clustering method (FCM) and polynomial neural networks (PNNs)."
24/2718,p/WitoldPedrycz,1726079,"Design of hybrid radial basis function neural networks (HRBFNNs) realized with the aid of hybridization of fuzzy clustering method (FCM) and polynomial neural networks (PNNs)."
74/3395,65/4423,1890978,"A neural rehabilitation chip with neural recording, peak detection, spike rate counter, and biphasic neural stimulator."
74/3395,153/6056,1890978,"A neural rehabilitation chip with neural recording, peak detection, spike rate counter, and biphasic neural stimulator."
74/3395,153/5886,1890978,"A neural rehabilitation chip with neural recording, peak detection, spike rate counter, and biphasic neural stimulator."
74/3395,12/6129,1890978,"A neural rehabilitation chip with neural recording, peak detection, spike rate counter, and biphasic neural stimulator."
65/4423,153/6056,1890978,"A neural rehabilitation chip with neural recording, peak detection, spike rate counter, and biphasic neural stimulator."
65/4423,153/5886,1890978,"A neural rehabilitation chip with neural recording, peak detection, spike rate counter, and biphasic neural stimulator."
65/4423,12/6129,1890978,"A neural rehabilitation chip with neural recording, peak detection, spike rate counter, and biphasic neural stimulator."
153/6056,153/5886,1890978,"A neural rehabilitation chip with neural recording, peak detection, spike rate counter, and biphasic neural stimulator."
153/6056,12/6129,1890978,"A neural rehabilitation chip with neural recording, peak detection, spike rate counter, and biphasic neural stimulator."
153/5886,12/6129,1890978,"A neural rehabilitation chip with neural recording, peak detection, spike rate counter, and biphasic neural stimulator."
141/9730,141/9675,2002160,"Comparison of multi-objective evolutionary neural network, adaptive neuro-fuzzy inference system and bootstrap-based neural network for flood forecasting."
141/9730,128/4845,2002160,"Comparison of multi-objective evolutionary neural network, adaptive neuro-fuzzy inference system and bootstrap-based neural network for flood forecasting."
141/9730,02/8036,2002160,"Comparison of multi-objective evolutionary neural network, adaptive neuro-fuzzy inference system and bootstrap-based neural network for flood forecasting."
141/9730,141/9677,2002160,"Comparison of multi-objective evolutionary neural network, adaptive neuro-fuzzy inference system and bootstrap-based neural network for flood forecasting."
141/9730,141/9646,2002160,"Comparison of multi-objective evolutionary neural network, adaptive neuro-fuzzy inference system and bootstrap-based neural network for flood forecasting."
141/9730,141/9611,2002160,"Comparison of multi-objective evolutionary neural network, adaptive neuro-fuzzy inference system and bootstrap-based neural network for flood forecasting."
141/9675,128/4845,2002160,"Comparison of multi-objective evolutionary neural network, adaptive neuro-fuzzy inference system and bootstrap-based neural network for flood forecasting."
141/9675,02/8036,2002160,"Comparison of multi-objective evolutionary neural network, adaptive neuro-fuzzy inference system and bootstrap-based neural network for flood forecasting."
141/9675,141/9677,2002160,"Comparison of multi-objective evolutionary neural network, adaptive neuro-fuzzy inference system and bootstrap-based neural network for flood forecasting."
141/9675,141/9646,2002160,"Comparison of multi-objective evolutionary neural network, adaptive neuro-fuzzy inference system and bootstrap-based neural network for flood forecasting."
141/9675,141/9611,2002160,"Comparison of multi-objective evolutionary neural network, adaptive neuro-fuzzy inference system and bootstrap-based neural network for flood forecasting."
128/4845,02/8036,2002160,"Comparison of multi-objective evolutionary neural network, adaptive neuro-fuzzy inference system and bootstrap-based neural network for flood forecasting."
128/4845,141/9677,2002160,"Comparison of multi-objective evolutionary neural network, adaptive neuro-fuzzy inference system and bootstrap-based neural network for flood forecasting."
128/4845,141/9646,2002160,"Comparison of multi-objective evolutionary neural network, adaptive neuro-fuzzy inference system and bootstrap-based neural network for flood forecasting."
128/4845,141/9611,2002160,"Comparison of multi-objective evolutionary neural network, adaptive neuro-fuzzy inference system and bootstrap-based neural network for flood forecasting."
02/8036,141/9677,2002160,"Comparison of multi-objective evolutionary neural network, adaptive neuro-fuzzy inference system and bootstrap-based neural network for flood forecasting."
02/8036,141/9646,2002160,"Comparison of multi-objective evolutionary neural network, adaptive neuro-fuzzy inference system and bootstrap-based neural network for flood forecasting."
02/8036,141/9611,2002160,"Comparison of multi-objective evolutionary neural network, adaptive neuro-fuzzy inference system and bootstrap-based neural network for flood forecasting."
141/9677,141/9646,2002160,"Comparison of multi-objective evolutionary neural network, adaptive neuro-fuzzy inference system and bootstrap-based neural network for flood forecasting."
141/9677,141/9611,2002160,"Comparison of multi-objective evolutionary neural network, adaptive neuro-fuzzy inference system and bootstrap-based neural network for flood forecasting."
141/9646,141/9611,2002160,"Comparison of multi-objective evolutionary neural network, adaptive neuro-fuzzy inference system and bootstrap-based neural network for flood forecasting."
96/630,96/630,2002234,"Applications of neural computing in the twenty-first century and 21 years of Neural Computing & Applications."
92/8836,00/1457,2004333,"Modular Neural Tile Architecture for Compact Embedded Hardware Spiking Neural Network."
92/8836,83/9736,2004333,"Modular Neural Tile Architecture for Compact Embedded Hardware Spiking Neural Network."
92/8836,66/10859,2004333,"Modular Neural Tile Architecture for Compact Embedded Hardware Spiking Neural Network."
92/8836,s/GerardJMSmit,2004333,"Modular Neural Tile Architecture for Compact Embedded Hardware Spiking Neural Network."
92/8836,09/402,2004333,"Modular Neural Tile Architecture for Compact Embedded Hardware Spiking Neural Network."
92/8836,02/752,2004333,"Modular Neural Tile Architecture for Compact Embedded Hardware Spiking Neural Network."
92/8836,81/6902,2004333,"Modular Neural Tile Architecture for Compact Embedded Hardware Spiking Neural Network."
92/8836,m/LiamMcDaid,2004333,"Modular Neural Tile Architecture for Compact Embedded Hardware Spiking Neural Network."
00/1457,83/9736,2004333,"Modular Neural Tile Architecture for Compact Embedded Hardware Spiking Neural Network."
00/1457,66/10859,2004333,"Modular Neural Tile Architecture for Compact Embedded Hardware Spiking Neural Network."
00/1457,s/GerardJMSmit,2004333,"Modular Neural Tile Architecture for Compact Embedded Hardware Spiking Neural Network."
00/1457,09/402,2004333,"Modular Neural Tile Architecture for Compact Embedded Hardware Spiking Neural Network."
00/1457,02/752,2004333,"Modular Neural Tile Architecture for Compact Embedded Hardware Spiking Neural Network."
00/1457,81/6902,2004333,"Modular Neural Tile Architecture for Compact Embedded Hardware Spiking Neural Network."
00/1457,m/LiamMcDaid,2004333,"Modular Neural Tile Architecture for Compact Embedded Hardware Spiking Neural Network."
83/9736,66/10859,2004333,"Modular Neural Tile Architecture for Compact Embedded Hardware Spiking Neural Network."
83/9736,s/GerardJMSmit,2004333,"Modular Neural Tile Architecture for Compact Embedded Hardware Spiking Neural Network."
83/9736,09/402,2004333,"Modular Neural Tile Architecture for Compact Embedded Hardware Spiking Neural Network."
83/9736,02/752,2004333,"Modular Neural Tile Architecture for Compact Embedded Hardware Spiking Neural Network."
83/9736,81/6902,2004333,"Modular Neural Tile Architecture for Compact Embedded Hardware Spiking Neural Network."
83/9736,m/LiamMcDaid,2004333,"Modular Neural Tile Architecture for Compact Embedded Hardware Spiking Neural Network."
66/10859,s/GerardJMSmit,2004333,"Modular Neural Tile Architecture for Compact Embedded Hardware Spiking Neural Network."
66/10859,09/402,2004333,"Modular Neural Tile Architecture for Compact Embedded Hardware Spiking Neural Network."
66/10859,02/752,2004333,"Modular Neural Tile Architecture for Compact Embedded Hardware Spiking Neural Network."
66/10859,81/6902,2004333,"Modular Neural Tile Architecture for Compact Embedded Hardware Spiking Neural Network."
66/10859,m/LiamMcDaid,2004333,"Modular Neural Tile Architecture for Compact Embedded Hardware Spiking Neural Network."
s/GerardJMSmit,09/402,2004333,"Modular Neural Tile Architecture for Compact Embedded Hardware Spiking Neural Network."
s/GerardJMSmit,02/752,2004333,"Modular Neural Tile Architecture for Compact Embedded Hardware Spiking Neural Network."
s/GerardJMSmit,81/6902,2004333,"Modular Neural Tile Architecture for Compact Embedded Hardware Spiking Neural Network."
s/GerardJMSmit,m/LiamMcDaid,2004333,"Modular Neural Tile Architecture for Compact Embedded Hardware Spiking Neural Network."
09/402,02/752,2004333,"Modular Neural Tile Architecture for Compact Embedded Hardware Spiking Neural Network."
09/402,81/6902,2004333,"Modular Neural Tile Architecture for Compact Embedded Hardware Spiking Neural Network."
09/402,m/LiamMcDaid,2004333,"Modular Neural Tile Architecture for Compact Embedded Hardware Spiking Neural Network."
02/752,81/6902,2004333,"Modular Neural Tile Architecture for Compact Embedded Hardware Spiking Neural Network."
02/752,m/LiamMcDaid,2004333,"Modular Neural Tile Architecture for Compact Embedded Hardware Spiking Neural Network."
81/6902,m/LiamMcDaid,2004333,"Modular Neural Tile Architecture for Compact Embedded Hardware Spiking Neural Network."
30/8366,67/4912,2272544,"Erratum ("A State-Space Analysis for Reconstruction of Goal-Directed Movements Using Neural Signals" Neural Computation, Volume 18, Number 10, pp. 2465-2494)."
09/6631,08/3144,2274568,"A year of neural network research - Special Issue on the 2011 International Joint Conference on Neural Networks."
09/6631,s/HavaTSiegelmann,2274568,"A year of neural network research - Special Issue on the 2011 International Joint Conference on Neural Networks."
09/6631,84/6337,2274568,"A year of neural network research - Special Issue on the 2011 International Joint Conference on Neural Networks."
09/6631,87/7031,2274568,"A year of neural network research - Special Issue on the 2011 International Joint Conference on Neural Networks."
08/3144,s/HavaTSiegelmann,2274568,"A year of neural network research - Special Issue on the 2011 International Joint Conference on Neural Networks."
08/3144,84/6337,2274568,"A year of neural network research - Special Issue on the 2011 International Joint Conference on Neural Networks."
08/3144,87/7031,2274568,"A year of neural network research - Special Issue on the 2011 International Joint Conference on Neural Networks."
s/HavaTSiegelmann,84/6337,2274568,"A year of neural network research - Special Issue on the 2011 International Joint Conference on Neural Networks."
s/HavaTSiegelmann,87/7031,2274568,"A year of neural network research - Special Issue on the 2011 International Joint Conference on Neural Networks."
84/6337,87/7031,2274568,"A year of neural network research - Special Issue on the 2011 International Joint Conference on Neural Networks."
120/2654,57/2565,2295418,"Neural-Fitted TD-Leaf Learning for Playing Othello With Structured Neural Networks."
74/1336,56/5094,2525451,"Comparison on Zhang neural dynamics and gradient-based neural dynamics for online solution of nonlinear time-varying equation."
74/1336,34/9180,2525451,"Comparison on Zhang neural dynamics and gradient-based neural dynamics for online solution of nonlinear time-varying equation."
74/1336,89/9180,2525451,"Comparison on Zhang neural dynamics and gradient-based neural dynamics for online solution of nonlinear time-varying equation."
56/5094,34/9180,2525451,"Comparison on Zhang neural dynamics and gradient-based neural dynamics for online solution of nonlinear time-varying equation."
56/5094,89/9180,2525451,"Comparison on Zhang neural dynamics and gradient-based neural dynamics for online solution of nonlinear time-varying equation."
34/9180,89/9180,2525451,"Comparison on Zhang neural dynamics and gradient-based neural dynamics for online solution of nonlinear time-varying equation."
46/4502,71/6463,2546520,"Phase Synchronization Motion and Neural Coding in Dynamic Transmission of Neural Information."
46/4502,12/9843,2546520,"Phase Synchronization Motion and Neural Coding in Dynamic Transmission of Neural Information."
46/4502,81/2557,2546520,"Phase Synchronization Motion and Neural Coding in Dynamic Transmission of Neural Information."
71/6463,12/9843,2546520,"Phase Synchronization Motion and Neural Coding in Dynamic Transmission of Neural Information."
71/6463,81/2557,2546520,"Phase Synchronization Motion and Neural Coding in Dynamic Transmission of Neural Information."
12/9843,81/2557,2546520,"Phase Synchronization Motion and Neural Coding in Dynamic Transmission of Neural Information."
98/4025,74/1336,2546529,"Zhang Neural Network Versus Gradient Neural Network for Solving Time-Varying Linear Inequalities."
89/2278,89/2278,2984601,"Stability analysis of discrete-time recurrent neural networks based on standard neural network models."
48/4143,48/7229,2984703,"Persistent Neural States - Stationary Localized Activity Patterns in Nonlinear Continuous n-Population, q-Dimensional Neural Networks."
48/4143,89/3847,2984703,"Persistent Neural States - Stationary Localized Activity Patterns in Nonlinear Continuous n-Population, q-Dimensional Neural Networks."
48/7229,89/3847,2984703,"Persistent Neural States - Stationary Localized Activity Patterns in Nonlinear Continuous n-Population, q-Dimensional Neural Networks."
49/3794,81/4331,2986034,"Facilitating neural dynamics for delay compensation - A road to predictive neural dynamics?"
82/1080,82/1080,3128686,"Self-Organizing Neural Grove - Efficient Multiple Classifier System with Pruned Self-Generating Neural Trees."
38/3872,33/4078,3177909,"Pruning Artificial Neural Networks Using Neural Complexity Measures."
38/3872,60/2808,3177909,"Pruning Artificial Neural Networks Using Neural Complexity Measures."
33/4078,60/2808,3177909,"Pruning Artificial Neural Networks Using Neural Complexity Measures."
33/3377,02/7007,3197478,"Deterministic neural dynamics transmitted through neural networks."
33/3377,30/5697,3197478,"Deterministic neural dynamics transmitted through neural networks."
02/7007,30/5697,3197478,"Deterministic neural dynamics transmitted through neural networks."
28/369,85/4472,3333051,"Dynamic Brain - from Neural Spikes to Behaviors, 12th International Summer School on Neural Networks, Erice, Italy, December 5-12, 2007, Revised Lectures"
28/369,81/4753,3333051,"Dynamic Brain - from Neural Spikes to Behaviors, 12th International Summer School on Neural Networks, Erice, Italy, December 5-12, 2007, Revised Lectures"
85/4472,81/4753,3333051,"Dynamic Brain - from Neural Spikes to Behaviors, 12th International Summer School on Neural Networks, Erice, Italy, December 5-12, 2007, Revised Lectures"
57/3737,57/3737,3391722,"Reducing uncertainties in neural network Jacobians and improving accuracy of neural network emulations with NN ensemble approaches."
24/2251,82/4320,3391733,"Erratum to "Fast neural network surrogates for very high dimensional physics-based models in computational oceanography" [Neural Netw. 20(4) (2007) 462-478]."
24/2251,33/3562,3391733,"Erratum to "Fast neural network surrogates for very high dimensional physics-based models in computational oceanography" [Neural Netw. 20(4) (2007) 462-478]."
24/2251,69/711,3391733,"Erratum to "Fast neural network surrogates for very high dimensional physics-based models in computational oceanography" [Neural Netw. 20(4) (2007) 462-478]."
24/2251,91/4457,3391733,"Erratum to "Fast neural network surrogates for very high dimensional physics-based models in computational oceanography" [Neural Netw. 20(4) (2007) 462-478]."
82/4320,33/3562,3391733,"Erratum to "Fast neural network surrogates for very high dimensional physics-based models in computational oceanography" [Neural Netw. 20(4) (2007) 462-478]."
82/4320,69/711,3391733,"Erratum to "Fast neural network surrogates for very high dimensional physics-based models in computational oceanography" [Neural Netw. 20(4) (2007) 462-478]."
82/4320,91/4457,3391733,"Erratum to "Fast neural network surrogates for very high dimensional physics-based models in computational oceanography" [Neural Netw. 20(4) (2007) 462-478]."
33/3562,69/711,3391733,"Erratum to "Fast neural network surrogates for very high dimensional physics-based models in computational oceanography" [Neural Netw. 20(4) (2007) 462-478]."
33/3562,91/4457,3391733,"Erratum to "Fast neural network surrogates for very high dimensional physics-based models in computational oceanography" [Neural Netw. 20(4) (2007) 462-478]."
69/711,91/4457,3391733,"Erratum to "Fast neural network surrogates for very high dimensional physics-based models in computational oceanography" [Neural Netw. 20(4) (2007) 462-478]."
15/3284,83/5255,3406838,"The Hierarchical Fast Learning Artificial Neural Network (HieFLANN) - An Autonomous Platform for Hierarchical Neural Network Construction."
15/3284,58/743,3406838,"The Hierarchical Fast Learning Artificial Neural Network (HieFLANN) - An Autonomous Platform for Hierarchical Neural Network Construction."
15/3284,73/1149,3406838,"The Hierarchical Fast Learning Artificial Neural Network (HieFLANN) - An Autonomous Platform for Hierarchical Neural Network Construction."
83/5255,58/743,3406838,"The Hierarchical Fast Learning Artificial Neural Network (HieFLANN) - An Autonomous Platform for Hierarchical Neural Network Construction."
83/5255,73/1149,3406838,"The Hierarchical Fast Learning Artificial Neural Network (HieFLANN) - An Autonomous Platform for Hierarchical Neural Network Construction."
58/743,73/1149,3406838,"The Hierarchical Fast Learning Artificial Neural Network (HieFLANN) - An Autonomous Platform for Hierarchical Neural Network Construction."
68/1792,02/622,3571393,"Erratum to "An on-line algorithm for creating self-organizing fuzzy neural networks" [Neural Networks 17(10)(2004)1477-1493]."
68/1792,m/TMartinMcGinnity,3571393,"Erratum to "An on-line algorithm for creating self-organizing fuzzy neural networks" [Neural Networks 17(10)(2004)1477-1493]."
02/622,m/TMartinMcGinnity,3571393,"Erratum to "An on-line algorithm for creating self-organizing fuzzy neural networks" [Neural Networks 17(10)(2004)1477-1493]."
02/9897,02/9897,3571398,"Erratum to "Applications of neural network methods to the processing of earth observation satellite data" [Neural Netw. (2) (2006) 168-177]."
62/6467,13/991,3733958,"Neural Splines - Exploiting Parallelism for Fuction Approximation Using Modular Neural Networks."
62/6467,04/6911,3733958,"Neural Splines - Exploiting Parallelism for Fuction Approximation Using Modular Neural Networks."
13/991,04/6911,3733958,"Neural Splines - Exploiting Parallelism for Fuction Approximation Using Modular Neural Networks."
02/5722,78/4444,3733959,"Neural and Fuzzy Neural Networks in Prediction of Natural Gas Consumption."
09/6601,95/1554,3879657,"Erratum to - Bounds on the number of hidden neurons in three-layer binary neural networks [Neural Networks 16 (7) 995-1002]."
09/6601,33/5774,3879657,"Erratum to - Bounds on the number of hidden neurons in three-layer binary neural networks [Neural Networks 16 (7) 995-1002]."
95/1554,33/5774,3879657,"Erratum to - Bounds on the number of hidden neurons in three-layer binary neural networks [Neural Networks 16 (7) 995-1002]."
88/4427,83/4849,3891067,"Classification capacity of a modular neural network implementing neurally inspired architecture and training rules."
88/4427,40/2745,3891067,"Classification capacity of a modular neural network implementing neurally inspired architecture and training rules."
88/4427,89/4055,3891067,"Classification capacity of a modular neural network implementing neurally inspired architecture and training rules."
83/4849,40/2745,3891067,"Classification capacity of a modular neural network implementing neurally inspired architecture and training rules."
83/4849,89/4055,3891067,"Classification capacity of a modular neural network implementing neurally inspired architecture and training rules."
40/2745,89/4055,3891067,"Classification capacity of a modular neural network implementing neurally inspired architecture and training rules."
83/814,99/492,4108805,"Artificial Neural Networks Manipulation Server - Research on the Integration of Databases and Artificial Neural Networks."
83/814,29/2451,4108805,"Artificial Neural Networks Manipulation Server - Research on the Integration of Databases and Artificial Neural Networks."
83/814,11/2762,4108805,"Artificial Neural Networks Manipulation Server - Research on the Integration of Databases and Artificial Neural Networks."
83/814,48/6925,4108805,"Artificial Neural Networks Manipulation Server - Research on the Integration of Databases and Artificial Neural Networks."
99/492,29/2451,4108805,"Artificial Neural Networks Manipulation Server - Research on the Integration of Databases and Artificial Neural Networks."
99/492,11/2762,4108805,"Artificial Neural Networks Manipulation Server - Research on the Integration of Databases and Artificial Neural Networks."
99/492,48/6925,4108805,"Artificial Neural Networks Manipulation Server - Research on the Integration of Databases and Artificial Neural Networks."
29/2451,11/2762,4108805,"Artificial Neural Networks Manipulation Server - Research on the Integration of Databases and Artificial Neural Networks."
29/2451,48/6925,4108805,"Artificial Neural Networks Manipulation Server - Research on the Integration of Databases and Artificial Neural Networks."
11/2762,48/6925,4108805,"Artificial Neural Networks Manipulation Server - Research on the Integration of Databases and Artificial Neural Networks."
59/2790,17/4515,4109275,"An intelligent sales forecasting system through integration of artificial neural networks and fuzzy neural networks with fuzzy weight elimination."
59/2790,61/3069,4109275,"An intelligent sales forecasting system through integration of artificial neural networks and fuzzy neural networks with fuzzy weight elimination."
17/4515,61/3069,4109275,"An intelligent sales forecasting system through integration of artificial neural networks and fuzzy neural networks with fuzzy weight elimination."
67/3565,53/2396,4119003,"The simplicial neural cell and its mixed-signal circuit implementation - an efficient neural-network architecture for intelligent signal processing in portable multimedia applications."
67/3565,03/689,4119003,"The simplicial neural cell and its mixed-signal circuit implementation - an efficient neural-network architecture for intelligent signal processing in portable multimedia applications."
67/3565,g/ManfredGlesner,4119003,"The simplicial neural cell and its mixed-signal circuit implementation - an efficient neural-network architecture for intelligent signal processing in portable multimedia applications."
53/2396,03/689,4119003,"The simplicial neural cell and its mixed-signal circuit implementation - an efficient neural-network architecture for intelligent signal processing in portable multimedia applications."
53/2396,g/ManfredGlesner,4119003,"The simplicial neural cell and its mixed-signal circuit implementation - an efficient neural-network architecture for intelligent signal processing in portable multimedia applications."
03/689,g/ManfredGlesner,4119003,"The simplicial neural cell and its mixed-signal circuit implementation - an efficient neural-network architecture for intelligent signal processing in portable multimedia applications."
25/6312,04/5177,4198661,"Development of neural models for the logistic equation and study of the neural based trajectories in the convergence, periodic, and chaotic regions."
25/6312,48/6531,4198661,"Development of neural models for the logistic equation and study of the neural based trajectories in the convergence, periodic, and chaotic regions."
04/5177,48/6531,4198661,"Development of neural models for the logistic equation and study of the neural based trajectories in the convergence, periodic, and chaotic regions."
03/3914,03/3914,4269055,"Neural Fuzzy Preference Integration Using Neural Preference Moore Machines."
52/6277,68/4000,4287086,"On-line retrainable neural networks - improving the performance of neural networks in image analysis problems."
52/6277,k/StefanosDKollias,4287086,"On-line retrainable neural networks - improving the performance of neural networks in image analysis problems."
68/4000,k/StefanosDKollias,4287086,"On-line retrainable neural networks - improving the performance of neural networks in image analysis problems."
75/1692,75/1692,4352033,"On redundancy in neural architecture - dynamics of a simple module-based neural network and initial-state independence."
73/5388,35/7027,4359606,"Multiple neural-network-based adaptive controller using orthonormal activation function neural networks."
73/5388,93/170,4359606,"Multiple neural-network-based adaptive controller using orthonormal activation function neural networks."
35/7027,93/170,4359606,"Multiple neural-network-based adaptive controller using orthonormal activation function neural networks."
95/2429,69/1370,4423103,"Comparing neural networks - a benchmark on growing neural gas, growing cell structures, and fuzzy ARTMAP."
12/4193,12/4193,4468664,"Book Review - "Neural Networks in Financial Engineering - Proceedings of the Fourth International Conference on Neural Networks in the Capital Markets (NNCM-95)", by A.-P. N. Refenes, Y. Abu-Mostafa, J. Moody, A. Weigend."
74/3810,24/4369,4475499,"Computational Neural Networks for Mapping Calorimetric Data - Application of Feed-forward Neural Netwroks to Kinetic Parameters Determination and Signals Filtering."
c/HubertYChan,69/2013,4481456,"On neural networks that design neural associative memories."
38/6444,10/3183,4481552,"Quantum neural networks (QNNs) - inherently fuzzy feedforward neural networks."
34/5942,85/6503,4570308,"Locally activated neural networks and stable neural controller design for nonlinear dynamic systems."
47/3188,55/1431,4620208,"Nonlinear neural controller with neural Smith predictor."
80/5269,05/5219,4620238,"Performance comparison of dynamic neural processor and recurrent neural networks."
80/5269,58/257,4620238,"Performance comparison of dynamic neural processor and recurrent neural networks."
05/5219,58/257,4620238,"Performance comparison of dynamic neural processor and recurrent neural networks."
24/1735,24/1735,4663206,"Neural Networks - Advances And Applications edited by E. Gelenbe North-Holland, Amsterdam, 1992, ix + 222 pp., distributed in USA and Canada by Elsevier Science Publishing Co., New York (Hardcover $108; paperback £24.95).An Introduction To The Modeling Of Neural Networks, by P. Peretto. Collection Alea-Saclay - Monographs and Texts in Statistical No 2, Cambridge University Press, 1992, xviii + 473 pp., (£60.00, Hardback); £24.95, Paperback)Neural Networks For Systems And Control, edited by K. Warwick, Irwin G.W. and Hunt K.J. IEE Control Engineering Series no 46, Peter Peregrinus, London, on behalf of Institution of Electrical Engineers, London, 1992, xiii + 260pp., (Hardcover, £39.00)."
14/5256,03/1897,4695417,"Measuring Natural Neural Processing with Artificial Neural Networks."
14/5256,29/3690,4695417,"Measuring Natural Neural Processing with Artificial Neural Networks."
14/5256,06/322,4695417,"Measuring Natural Neural Processing with Artificial Neural Networks."
03/1897,29/3690,4695417,"Measuring Natural Neural Processing with Artificial Neural Networks."
03/1897,06/322,4695417,"Measuring Natural Neural Processing with Artificial Neural Networks."
29/3690,06/322,4695417,"Measuring Natural Neural Processing with Artificial Neural Networks."
157/6135,157/6149,4804080,"Neural network models with higher order neural interactions."
90/3500,228/1976,9742,"Combining attention-based bidirectional gated recurrent neural network and two-dimensional convolutional neural network for document-level sentiment classification."
90/3500,252/7120,9742,"Combining attention-based bidirectional gated recurrent neural network and two-dimensional convolutional neural network for document-level sentiment classification."
90/3500,10/217-14,9742,"Combining attention-based bidirectional gated recurrent neural network and two-dimensional convolutional neural network for document-level sentiment classification."
228/1976,252/7120,9742,"Combining attention-based bidirectional gated recurrent neural network and two-dimensional convolutional neural network for document-level sentiment classification."
228/1976,10/217-14,9742,"Combining attention-based bidirectional gated recurrent neural network and two-dimensional convolutional neural network for document-level sentiment classification."
252/7120,10/217-14,9742,"Combining attention-based bidirectional gated recurrent neural network and two-dimensional convolutional neural network for document-level sentiment classification."
228/8601,228/8601,14789,"Analyzing genetic diseases using multimedia processing techniques associative decision tree-based learning and Hopfield dynamic neural networks from medical images."
76/10580,170/0770,14791,"Improved inception-residual convolutional neural network for object recognition."
76/10580,83/10067,14791,"Improved inception-residual convolutional neural network for object recognition."
76/10580,74/2526,14791,"Improved inception-residual convolutional neural network for object recognition."
76/10580,71/3518,14791,"Improved inception-residual convolutional neural network for object recognition."
170/0770,83/10067,14791,"Improved inception-residual convolutional neural network for object recognition."
170/0770,74/2526,14791,"Improved inception-residual convolutional neural network for object recognition."
170/0770,71/3518,14791,"Improved inception-residual convolutional neural network for object recognition."
83/10067,74/2526,14791,"Improved inception-residual convolutional neural network for object recognition."
83/10067,71/3518,14791,"Improved inception-residual convolutional neural network for object recognition."
74/2526,71/3518,14791,"Improved inception-residual convolutional neural network for object recognition."
150/1320,150/1320,14792,"Fuzzy rank correlation-based segmentation method and deep neural network for bone cancer identification."
31/3270,204/9574,14793,"An artificial neural network model for the prediction of bruxism by means of occlusal variables."
31/3270,50/9132,14793,"An artificial neural network model for the prediction of bruxism by means of occlusal variables."
31/3270,204/9685,14793,"An artificial neural network model for the prediction of bruxism by means of occlusal variables."
31/3270,195/4660,14793,"An artificial neural network model for the prediction of bruxism by means of occlusal variables."
31/3270,55/4449,14793,"An artificial neural network model for the prediction of bruxism by means of occlusal variables."
204/9574,50/9132,14793,"An artificial neural network model for the prediction of bruxism by means of occlusal variables."
204/9574,204/9685,14793,"An artificial neural network model for the prediction of bruxism by means of occlusal variables."
204/9574,195/4660,14793,"An artificial neural network model for the prediction of bruxism by means of occlusal variables."
204/9574,55/4449,14793,"An artificial neural network model for the prediction of bruxism by means of occlusal variables."
50/9132,204/9685,14793,"An artificial neural network model for the prediction of bruxism by means of occlusal variables."
50/9132,195/4660,14793,"An artificial neural network model for the prediction of bruxism by means of occlusal variables."
50/9132,55/4449,14793,"An artificial neural network model for the prediction of bruxism by means of occlusal variables."
204/9685,195/4660,14793,"An artificial neural network model for the prediction of bruxism by means of occlusal variables."
204/9685,55/4449,14793,"An artificial neural network model for the prediction of bruxism by means of occlusal variables."
195/4660,55/4449,14793,"An artificial neural network model for the prediction of bruxism by means of occlusal variables."
256/7513,20/8337,14794,"Neural network applications in fault diagnosis and detection - an overview of implementations in engineering-related systems."
256/7513,256/7443,14794,"Neural network applications in fault diagnosis and detection - an overview of implementations in engineering-related systems."
256/7513,160/9155,14794,"Neural network applications in fault diagnosis and detection - an overview of implementations in engineering-related systems."
20/8337,256/7443,14794,"Neural network applications in fault diagnosis and detection - an overview of implementations in engineering-related systems."
20/8337,160/9155,14794,"Neural network applications in fault diagnosis and detection - an overview of implementations in engineering-related systems."
256/7443,160/9155,14794,"Neural network applications in fault diagnosis and detection - an overview of implementations in engineering-related systems."
35/5426,228/2388,14796,"(μ , ν )-Pseudo-almost automorphic solutions for high-order Hopfield bidirectional associative memory neural networks."
151/0865,18/2696,14797,"On the automated, evolutionary design of neural networks - past, present, and future."
151/0865,v/PedroIsasiVinuela,14797,"On the automated, evolutionary design of neural networks - past, present, and future."
18/2696,v/PedroIsasiVinuela,14797,"On the automated, evolutionary design of neural networks - past, present, and future."
80/5657,42/3619,14806,"Pooling spike neural network for fast rendering in global illumination."
80/5657,131/3227,14806,"Pooling spike neural network for fast rendering in global illumination."
42/3619,131/3227,14806,"Pooling spike neural network for fast rendering in global illumination."
258/6360,86/3289,14810,"Estimation of hydrogen flow rate in atmospheric Ar - H2 plasma by using artificial neural network."
258/6360,258/6345,14810,"Estimation of hydrogen flow rate in atmospheric Ar - H2 plasma by using artificial neural network."
258/6360,258/6472,14810,"Estimation of hydrogen flow rate in atmospheric Ar - H2 plasma by using artificial neural network."
86/3289,258/6345,14810,"Estimation of hydrogen flow rate in atmospheric Ar - H2 plasma by using artificial neural network."
86/3289,258/6472,14810,"Estimation of hydrogen flow rate in atmospheric Ar - H2 plasma by using artificial neural network."
258/6345,258/6472,14810,"Estimation of hydrogen flow rate in atmospheric Ar - H2 plasma by using artificial neural network."
06/9875,09/6775,14815,"Basic filters for convolutional neural networks applied to music - Training or design?"
06/9875,202/1757,14815,"Basic filters for convolutional neural networks applied to music - Training or design?"
06/9875,95/4897,14815,"Basic filters for convolutional neural networks applied to music - Training or design?"
09/6775,202/1757,14815,"Basic filters for convolutional neural networks applied to music - Training or design?"
09/6775,95/4897,14815,"Basic filters for convolutional neural networks applied to music - Training or design?"
202/1757,95/4897,14815,"Basic filters for convolutional neural networks applied to music - Training or design?"
33/8436,79/7409,14824,"An enhanced diabetic retinopathy detection and classification approach using deep convolutional neural network."
33/8436,15/9596,14824,"An enhanced diabetic retinopathy detection and classification approach using deep convolutional neural network."
79/7409,15/9596,14824,"An enhanced diabetic retinopathy detection and classification approach using deep convolutional neural network."
53/5490,53/5490,14826,"A classifier of matrix modular neural network to simplify complex classification tasks."
200/8390,133/2009,14831,"Bioacoustic detection with wavelet-conditioned convolutional neural networks."
200/8390,82/3013,14831,"Bioacoustic detection with wavelet-conditioned convolutional neural networks."
200/8390,200/8935,14831,"Bioacoustic detection with wavelet-conditioned convolutional neural networks."
200/8390,163/2191,14831,"Bioacoustic detection with wavelet-conditioned convolutional neural networks."
200/8390,64/1485,14831,"Bioacoustic detection with wavelet-conditioned convolutional neural networks."
133/2009,82/3013,14831,"Bioacoustic detection with wavelet-conditioned convolutional neural networks."
133/2009,200/8935,14831,"Bioacoustic detection with wavelet-conditioned convolutional neural networks."
133/2009,163/2191,14831,"Bioacoustic detection with wavelet-conditioned convolutional neural networks."
133/2009,64/1485,14831,"Bioacoustic detection with wavelet-conditioned convolutional neural networks."
82/3013,200/8935,14831,"Bioacoustic detection with wavelet-conditioned convolutional neural networks."
82/3013,163/2191,14831,"Bioacoustic detection with wavelet-conditioned convolutional neural networks."
82/3013,64/1485,14831,"Bioacoustic detection with wavelet-conditioned convolutional neural networks."
200/8935,163/2191,14831,"Bioacoustic detection with wavelet-conditioned convolutional neural networks."
200/8935,64/1485,14831,"Bioacoustic detection with wavelet-conditioned convolutional neural networks."
163/2191,64/1485,14831,"Bioacoustic detection with wavelet-conditioned convolutional neural networks."
204/9756,204/9777,14835,"A methodology for detecting relevant single nucleotide polymorphism in prostate cancer with multivariate adaptive regression splines and backpropagation artificial neural networks."
204/9756,01/325,14835,"A methodology for detecting relevant single nucleotide polymorphism in prostate cancer with multivariate adaptive regression splines and backpropagation artificial neural networks."
204/9756,258/6560,14835,"A methodology for detecting relevant single nucleotide polymorphism in prostate cancer with multivariate adaptive regression splines and backpropagation artificial neural networks."
204/9756,147/5548,14835,"A methodology for detecting relevant single nucleotide polymorphism in prostate cancer with multivariate adaptive regression splines and backpropagation artificial neural networks."
204/9756,195/4656,14835,"A methodology for detecting relevant single nucleotide polymorphism in prostate cancer with multivariate adaptive regression splines and backpropagation artificial neural networks."
204/9756,258/6305,14835,"A methodology for detecting relevant single nucleotide polymorphism in prostate cancer with multivariate adaptive regression splines and backpropagation artificial neural networks."
204/9756,258/6807,14835,"A methodology for detecting relevant single nucleotide polymorphism in prostate cancer with multivariate adaptive regression splines and backpropagation artificial neural networks."
204/9756,220/9805,14835,"A methodology for detecting relevant single nucleotide polymorphism in prostate cancer with multivariate adaptive regression splines and backpropagation artificial neural networks."
204/9756,178/9445,14835,"A methodology for detecting relevant single nucleotide polymorphism in prostate cancer with multivariate adaptive regression splines and backpropagation artificial neural networks."
204/9756,55/4449,14835,"A methodology for detecting relevant single nucleotide polymorphism in prostate cancer with multivariate adaptive regression splines and backpropagation artificial neural networks."
204/9777,01/325,14835,"A methodology for detecting relevant single nucleotide polymorphism in prostate cancer with multivariate adaptive regression splines and backpropagation artificial neural networks."
204/9777,258/6560,14835,"A methodology for detecting relevant single nucleotide polymorphism in prostate cancer with multivariate adaptive regression splines and backpropagation artificial neural networks."
204/9777,147/5548,14835,"A methodology for detecting relevant single nucleotide polymorphism in prostate cancer with multivariate adaptive regression splines and backpropagation artificial neural networks."
204/9777,195/4656,14835,"A methodology for detecting relevant single nucleotide polymorphism in prostate cancer with multivariate adaptive regression splines and backpropagation artificial neural networks."
204/9777,258/6305,14835,"A methodology for detecting relevant single nucleotide polymorphism in prostate cancer with multivariate adaptive regression splines and backpropagation artificial neural networks."
204/9777,258/6807,14835,"A methodology for detecting relevant single nucleotide polymorphism in prostate cancer with multivariate adaptive regression splines and backpropagation artificial neural networks."
204/9777,220/9805,14835,"A methodology for detecting relevant single nucleotide polymorphism in prostate cancer with multivariate adaptive regression splines and backpropagation artificial neural networks."
204/9777,178/9445,14835,"A methodology for detecting relevant single nucleotide polymorphism in prostate cancer with multivariate adaptive regression splines and backpropagation artificial neural networks."
204/9777,55/4449,14835,"A methodology for detecting relevant single nucleotide polymorphism in prostate cancer with multivariate adaptive regression splines and backpropagation artificial neural networks."
01/325,258/6560,14835,"A methodology for detecting relevant single nucleotide polymorphism in prostate cancer with multivariate adaptive regression splines and backpropagation artificial neural networks."
01/325,147/5548,14835,"A methodology for detecting relevant single nucleotide polymorphism in prostate cancer with multivariate adaptive regression splines and backpropagation artificial neural networks."
01/325,195/4656,14835,"A methodology for detecting relevant single nucleotide polymorphism in prostate cancer with multivariate adaptive regression splines and backpropagation artificial neural networks."
01/325,258/6305,14835,"A methodology for detecting relevant single nucleotide polymorphism in prostate cancer with multivariate adaptive regression splines and backpropagation artificial neural networks."
01/325,258/6807,14835,"A methodology for detecting relevant single nucleotide polymorphism in prostate cancer with multivariate adaptive regression splines and backpropagation artificial neural networks."
01/325,220/9805,14835,"A methodology for detecting relevant single nucleotide polymorphism in prostate cancer with multivariate adaptive regression splines and backpropagation artificial neural networks."
01/325,178/9445,14835,"A methodology for detecting relevant single nucleotide polymorphism in prostate cancer with multivariate adaptive regression splines and backpropagation artificial neural networks."
01/325,55/4449,14835,"A methodology for detecting relevant single nucleotide polymorphism in prostate cancer with multivariate adaptive regression splines and backpropagation artificial neural networks."
258/6560,147/5548,14835,"A methodology for detecting relevant single nucleotide polymorphism in prostate cancer with multivariate adaptive regression splines and backpropagation artificial neural networks."
258/6560,195/4656,14835,"A methodology for detecting relevant single nucleotide polymorphism in prostate cancer with multivariate adaptive regression splines and backpropagation artificial neural networks."
258/6560,258/6305,14835,"A methodology for detecting relevant single nucleotide polymorphism in prostate cancer with multivariate adaptive regression splines and backpropagation artificial neural networks."
258/6560,258/6807,14835,"A methodology for detecting relevant single nucleotide polymorphism in prostate cancer with multivariate adaptive regression splines and backpropagation artificial neural networks."
258/6560,220/9805,14835,"A methodology for detecting relevant single nucleotide polymorphism in prostate cancer with multivariate adaptive regression splines and backpropagation artificial neural networks."
258/6560,178/9445,14835,"A methodology for detecting relevant single nucleotide polymorphism in prostate cancer with multivariate adaptive regression splines and backpropagation artificial neural networks."
258/6560,55/4449,14835,"A methodology for detecting relevant single nucleotide polymorphism in prostate cancer with multivariate adaptive regression splines and backpropagation artificial neural networks."
147/5548,195/4656,14835,"A methodology for detecting relevant single nucleotide polymorphism in prostate cancer with multivariate adaptive regression splines and backpropagation artificial neural networks."
147/5548,258/6305,14835,"A methodology for detecting relevant single nucleotide polymorphism in prostate cancer with multivariate adaptive regression splines and backpropagation artificial neural networks."
147/5548,258/6807,14835,"A methodology for detecting relevant single nucleotide polymorphism in prostate cancer with multivariate adaptive regression splines and backpropagation artificial neural networks."
147/5548,220/9805,14835,"A methodology for detecting relevant single nucleotide polymorphism in prostate cancer with multivariate adaptive regression splines and backpropagation artificial neural networks."
147/5548,178/9445,14835,"A methodology for detecting relevant single nucleotide polymorphism in prostate cancer with multivariate adaptive regression splines and backpropagation artificial neural networks."
147/5548,55/4449,14835,"A methodology for detecting relevant single nucleotide polymorphism in prostate cancer with multivariate adaptive regression splines and backpropagation artificial neural networks."
195/4656,258/6305,14835,"A methodology for detecting relevant single nucleotide polymorphism in prostate cancer with multivariate adaptive regression splines and backpropagation artificial neural networks."
195/4656,258/6807,14835,"A methodology for detecting relevant single nucleotide polymorphism in prostate cancer with multivariate adaptive regression splines and backpropagation artificial neural networks."
195/4656,220/9805,14835,"A methodology for detecting relevant single nucleotide polymorphism in prostate cancer with multivariate adaptive regression splines and backpropagation artificial neural networks."
195/4656,178/9445,14835,"A methodology for detecting relevant single nucleotide polymorphism in prostate cancer with multivariate adaptive regression splines and backpropagation artificial neural networks."
195/4656,55/4449,14835,"A methodology for detecting relevant single nucleotide polymorphism in prostate cancer with multivariate adaptive regression splines and backpropagation artificial neural networks."
258/6305,258/6807,14835,"A methodology for detecting relevant single nucleotide polymorphism in prostate cancer with multivariate adaptive regression splines and backpropagation artificial neural networks."
258/6305,220/9805,14835,"A methodology for detecting relevant single nucleotide polymorphism in prostate cancer with multivariate adaptive regression splines and backpropagation artificial neural networks."
258/6305,178/9445,14835,"A methodology for detecting relevant single nucleotide polymorphism in prostate cancer with multivariate adaptive regression splines and backpropagation artificial neural networks."
258/6305,55/4449,14835,"A methodology for detecting relevant single nucleotide polymorphism in prostate cancer with multivariate adaptive regression splines and backpropagation artificial neural networks."
258/6807,220/9805,14835,"A methodology for detecting relevant single nucleotide polymorphism in prostate cancer with multivariate adaptive regression splines and backpropagation artificial neural networks."
258/6807,178/9445,14835,"A methodology for detecting relevant single nucleotide polymorphism in prostate cancer with multivariate adaptive regression splines and backpropagation artificial neural networks."
258/6807,55/4449,14835,"A methodology for detecting relevant single nucleotide polymorphism in prostate cancer with multivariate adaptive regression splines and backpropagation artificial neural networks."
220/9805,178/9445,14835,"A methodology for detecting relevant single nucleotide polymorphism in prostate cancer with multivariate adaptive regression splines and backpropagation artificial neural networks."
220/9805,55/4449,14835,"A methodology for detecting relevant single nucleotide polymorphism in prostate cancer with multivariate adaptive regression splines and backpropagation artificial neural networks."
178/9445,55/4449,14835,"A methodology for detecting relevant single nucleotide polymorphism in prostate cancer with multivariate adaptive regression splines and backpropagation artificial neural networks."
93/7511,232/1661,14840,"Singing voice separation using a deep convolutional neural network trained by ideal binary mask and cross entropy."
93/7511,232/2203,14840,"Singing voice separation using a deep convolutional neural network trained by ideal binary mask and cross entropy."
93/7511,88/7595,14840,"Singing voice separation using a deep convolutional neural network trained by ideal binary mask and cross entropy."
93/7511,132/1691,14840,"Singing voice separation using a deep convolutional neural network trained by ideal binary mask and cross entropy."
232/1661,232/2203,14840,"Singing voice separation using a deep convolutional neural network trained by ideal binary mask and cross entropy."
232/1661,88/7595,14840,"Singing voice separation using a deep convolutional neural network trained by ideal binary mask and cross entropy."
232/1661,132/1691,14840,"Singing voice separation using a deep convolutional neural network trained by ideal binary mask and cross entropy."
232/2203,88/7595,14840,"Singing voice separation using a deep convolutional neural network trained by ideal binary mask and cross entropy."
232/2203,132/1691,14840,"Singing voice separation using a deep convolutional neural network trained by ideal binary mask and cross entropy."
88/7595,132/1691,14840,"Singing voice separation using a deep convolutional neural network trained by ideal binary mask and cross entropy."
189/9729,256/7384,14841,"State estimation of zinc air batteries using neural networks."
189/9729,200/9618,14841,"State estimation of zinc air batteries using neural networks."
189/9729,200/9454,14841,"State estimation of zinc air batteries using neural networks."
189/9729,189/9779,14841,"State estimation of zinc air batteries using neural networks."
256/7384,200/9618,14841,"State estimation of zinc air batteries using neural networks."
256/7384,200/9454,14841,"State estimation of zinc air batteries using neural networks."
256/7384,189/9779,14841,"State estimation of zinc air batteries using neural networks."
200/9618,200/9454,14841,"State estimation of zinc air batteries using neural networks."
200/9618,189/9779,14841,"State estimation of zinc air batteries using neural networks."
200/9454,189/9779,14841,"State estimation of zinc air batteries using neural networks."
97/9523,97/9523,14843,"A survey of FPGA-based accelerators for convolutional neural networks."
216/3226,242/8727,14844,"A systematic review and meta-analysis of artificial neural network application in geotechnical engineering - theory and applications."
216/3226,193/6592,14844,"A systematic review and meta-analysis of artificial neural network application in geotechnical engineering - theory and applications."
216/3226,256/3820,14844,"A systematic review and meta-analysis of artificial neural network application in geotechnical engineering - theory and applications."
216/3226,256/3829,14844,"A systematic review and meta-analysis of artificial neural network application in geotechnical engineering - theory and applications."
242/8727,193/6592,14844,"A systematic review and meta-analysis of artificial neural network application in geotechnical engineering - theory and applications."
242/8727,256/3820,14844,"A systematic review and meta-analysis of artificial neural network application in geotechnical engineering - theory and applications."
242/8727,256/3829,14844,"A systematic review and meta-analysis of artificial neural network application in geotechnical engineering - theory and applications."
193/6592,256/3820,14844,"A systematic review and meta-analysis of artificial neural network application in geotechnical engineering - theory and applications."
193/6592,256/3829,14844,"A systematic review and meta-analysis of artificial neural network application in geotechnical engineering - theory and applications."
256/3820,256/3829,14844,"A systematic review and meta-analysis of artificial neural network application in geotechnical engineering - theory and applications."
213/0205,213/0430,14847,"Bat algorithm-based weighted Laplacian probabilistic neural network."
213/0205,257/6397,14847,"Bat algorithm-based weighted Laplacian probabilistic neural network."
213/0430,257/6397,14847,"Bat algorithm-based weighted Laplacian probabilistic neural network."
144/2986,86/3289,14849,"Monitoring the fill level of a ball mill using vibration sensing and artificial neural network."
144/2986,147/5499,14849,"Monitoring the fill level of a ball mill using vibration sensing and artificial neural network."
144/2986,258/6721,14849,"Monitoring the fill level of a ball mill using vibration sensing and artificial neural network."
86/3289,147/5499,14849,"Monitoring the fill level of a ball mill using vibration sensing and artificial neural network."
86/3289,258/6721,14849,"Monitoring the fill level of a ball mill using vibration sensing and artificial neural network."
147/5499,258/6721,14849,"Monitoring the fill level of a ball mill using vibration sensing and artificial neural network."
179/0608,154/9761,14851,"A quadratic boundedness approach to a neural network-based simultaneous estimation of actuator and sensor faults."
179/0608,68/4739,14851,"A quadratic boundedness approach to a neural network-based simultaneous estimation of actuator and sensor faults."
179/0608,81/2683,14851,"A quadratic boundedness approach to a neural network-based simultaneous estimation of actuator and sensor faults."
154/9761,68/4739,14851,"A quadratic boundedness approach to a neural network-based simultaneous estimation of actuator and sensor faults."
154/9761,81/2683,14851,"A quadratic boundedness approach to a neural network-based simultaneous estimation of actuator and sensor faults."
68/4739,81/2683,14851,"A quadratic boundedness approach to a neural network-based simultaneous estimation of actuator and sensor faults."
81/516,147/8580,14854,"A novel modular RBF neural network based on a brain-like partition method."
81/516,98/2354,14854,"A novel modular RBF neural network based on a brain-like partition method."
81/516,38/3937,14854,"A novel modular RBF neural network based on a brain-like partition method."
147/8580,98/2354,14854,"A novel modular RBF neural network based on a brain-like partition method."
147/8580,38/3937,14854,"A novel modular RBF neural network based on a brain-like partition method."
98/2354,38/3937,14854,"A novel modular RBF neural network based on a brain-like partition method."
225/8078,167/0653,14861,"Automatic detection of lung cancer from biomedical data set using discrete AdaBoost optimized ensemble learning generalized neural networks."
225/8078,212/1489,14861,"Automatic detection of lung cancer from biomedical data set using discrete AdaBoost optimized ensemble learning generalized neural networks."
225/8078,225/8125,14861,"Automatic detection of lung cancer from biomedical data set using discrete AdaBoost optimized ensemble learning generalized neural networks."
167/0653,212/1489,14861,"Automatic detection of lung cancer from biomedical data set using discrete AdaBoost optimized ensemble learning generalized neural networks."
167/0653,225/8125,14861,"Automatic detection of lung cancer from biomedical data set using discrete AdaBoost optimized ensemble learning generalized neural networks."
212/1489,225/8125,14861,"Automatic detection of lung cancer from biomedical data set using discrete AdaBoost optimized ensemble learning generalized neural networks."
18/8544,159/2187,14873,"Alcoholism identification via convolutional neural network based on parametric ReLU, dropout, and batch normalization."
18/8544,154/3805,14873,"Alcoholism identification via convolutional neural network based on parametric ReLU, dropout, and batch normalization."
18/8544,150/1679,14873,"Alcoholism identification via convolutional neural network based on parametric ReLU, dropout, and batch normalization."
18/8544,39/2699-1,14873,"Alcoholism identification via convolutional neural network based on parametric ReLU, dropout, and batch normalization."
159/2187,154/3805,14873,"Alcoholism identification via convolutional neural network based on parametric ReLU, dropout, and batch normalization."
159/2187,150/1679,14873,"Alcoholism identification via convolutional neural network based on parametric ReLU, dropout, and batch normalization."
159/2187,39/2699-1,14873,"Alcoholism identification via convolutional neural network based on parametric ReLU, dropout, and batch normalization."
154/3805,150/1679,14873,"Alcoholism identification via convolutional neural network based on parametric ReLU, dropout, and batch normalization."
154/3805,39/2699-1,14873,"Alcoholism identification via convolutional neural network based on parametric ReLU, dropout, and batch normalization."
150/1679,39/2699-1,14873,"Alcoholism identification via convolutional neural network based on parametric ReLU, dropout, and batch normalization."
185/3592,129/2286,14879,"Understanding auditory representations of emotional expressions with neural networks."
185/3592,30/2130,14879,"Understanding auditory representations of emotional expressions with neural networks."
185/3592,03/3914,14879,"Understanding auditory representations of emotional expressions with neural networks."
129/2286,30/2130,14879,"Understanding auditory representations of emotional expressions with neural networks."
129/2286,03/3914,14879,"Understanding auditory representations of emotional expressions with neural networks."
30/2130,03/3914,14879,"Understanding auditory representations of emotional expressions with neural networks."
176/9302,49/581,14883,"A database-driven neural computing framework for classification of vertical jump patterns of healthy female netballers using 3D kinematics-EMG features."
176/9302,117/6963,14883,"A database-driven neural computing framework for classification of vertical jump patterns of healthy female netballers using 3D kinematics-EMG features."
49/581,117/6963,14883,"A database-driven neural computing framework for classification of vertical jump patterns of healthy female netballers using 3D kinematics-EMG features."
97/4708,21/4944,14891,"Nested rings - a simple scalable ring-based ROADM structure for neural application computing in mega datacenters."
86/7869,72/5531,15215,"Constructing multilayered neural networks with sparse, data-driven connectivity using biologically-inspired, complementary, homeostatic mechanisms."
203/4777,225/8758,15216,"Indirect and direct training of spiking neural networks for end-to-end control of a lane-keeping vehicle."
203/4777,09/4891,15216,"Indirect and direct training of spiking neural networks for end-to-end control of a lane-keeping vehicle."
203/4777,k/AloisKnoll,15216,"Indirect and direct training of spiking neural networks for end-to-end control of a lane-keeping vehicle."
203/4777,86/489-1,15216,"Indirect and direct training of spiking neural networks for end-to-end control of a lane-keeping vehicle."
225/8758,09/4891,15216,"Indirect and direct training of spiking neural networks for end-to-end control of a lane-keeping vehicle."
225/8758,k/AloisKnoll,15216,"Indirect and direct training of spiking neural networks for end-to-end control of a lane-keeping vehicle."
225/8758,86/489-1,15216,"Indirect and direct training of spiking neural networks for end-to-end control of a lane-keeping vehicle."
09/4891,k/AloisKnoll,15216,"Indirect and direct training of spiking neural networks for end-to-end control of a lane-keeping vehicle."
09/4891,86/489-1,15216,"Indirect and direct training of spiking neural networks for end-to-end control of a lane-keeping vehicle."
k/AloisKnoll,86/489-1,15216,"Indirect and direct training of spiking neural networks for end-to-end control of a lane-keeping vehicle."
230/2126,180/6757,15219,"Global exponential synchronization of delayed memristive neural networks with reaction-diffusion terms."
230/2126,34/7343,15219,"Global exponential synchronization of delayed memristive neural networks with reaction-diffusion terms."
230/2126,24/647,15219,"Global exponential synchronization of delayed memristive neural networks with reaction-diffusion terms."
230/2126,91/1037,15219,"Global exponential synchronization of delayed memristive neural networks with reaction-diffusion terms."
180/6757,34/7343,15219,"Global exponential synchronization of delayed memristive neural networks with reaction-diffusion terms."
180/6757,24/647,15219,"Global exponential synchronization of delayed memristive neural networks with reaction-diffusion terms."
180/6757,91/1037,15219,"Global exponential synchronization of delayed memristive neural networks with reaction-diffusion terms."
34/7343,24/647,15219,"Global exponential synchronization of delayed memristive neural networks with reaction-diffusion terms."
34/7343,91/1037,15219,"Global exponential synchronization of delayed memristive neural networks with reaction-diffusion terms."
24/647,91/1037,15219,"Global exponential synchronization of delayed memristive neural networks with reaction-diffusion terms."
189/4345,30/4194,15221,"A broad class of discrete-time hypercomplex-valued Hopfield neural networks."
03/1359,73/6284,15222,"A new fixed-time stability theorem and its application to the fixed-time synchronization of neural networks."
03/1359,40/1762,15222,"A new fixed-time stability theorem and its application to the fixed-time synchronization of neural networks."
03/1359,33/5774,15222,"A new fixed-time stability theorem and its application to the fixed-time synchronization of neural networks."
03/1359,170/4295,15222,"A new fixed-time stability theorem and its application to the fixed-time synchronization of neural networks."
03/1359,39/6153-9,15222,"A new fixed-time stability theorem and its application to the fixed-time synchronization of neural networks."
73/6284,40/1762,15222,"A new fixed-time stability theorem and its application to the fixed-time synchronization of neural networks."
73/6284,33/5774,15222,"A new fixed-time stability theorem and its application to the fixed-time synchronization of neural networks."
73/6284,170/4295,15222,"A new fixed-time stability theorem and its application to the fixed-time synchronization of neural networks."
73/6284,39/6153-9,15222,"A new fixed-time stability theorem and its application to the fixed-time synchronization of neural networks."
40/1762,33/5774,15222,"A new fixed-time stability theorem and its application to the fixed-time synchronization of neural networks."
40/1762,170/4295,15222,"A new fixed-time stability theorem and its application to the fixed-time synchronization of neural networks."
40/1762,39/6153-9,15222,"A new fixed-time stability theorem and its application to the fixed-time synchronization of neural networks."
33/5774,170/4295,15222,"A new fixed-time stability theorem and its application to the fixed-time synchronization of neural networks."
33/5774,39/6153-9,15222,"A new fixed-time stability theorem and its application to the fixed-time synchronization of neural networks."
170/4295,39/6153-9,15222,"A new fixed-time stability theorem and its application to the fixed-time synchronization of neural networks."
01/2038,228/1667,15223,"The GH-EXIN neural network for hierarchical clustering."
01/2038,238/7860,15223,"The GH-EXIN neural network for hierarchical clustering."
01/2038,219/2986,15223,"The GH-EXIN neural network for hierarchical clustering."
01/2038,15/6556,15223,"The GH-EXIN neural network for hierarchical clustering."
228/1667,238/7860,15223,"The GH-EXIN neural network for hierarchical clustering."
228/1667,219/2986,15223,"The GH-EXIN neural network for hierarchical clustering."
228/1667,15/6556,15223,"The GH-EXIN neural network for hierarchical clustering."
238/7860,219/2986,15223,"The GH-EXIN neural network for hierarchical clustering."
238/7860,15/6556,15223,"The GH-EXIN neural network for hierarchical clustering."
219/2986,15/6556,15223,"The GH-EXIN neural network for hierarchical clustering."
255/9507,256/0110,15225,"Realistic spiking neural network - Non-synaptic mechanisms improve convergence in cell assembly."
255/9507,71/6613,15225,"Realistic spiking neural network - Non-synaptic mechanisms improve convergence in cell assembly."
255/9507,256/0097,15225,"Realistic spiking neural network - Non-synaptic mechanisms improve convergence in cell assembly."
255/9507,146/0203,15225,"Realistic spiking neural network - Non-synaptic mechanisms improve convergence in cell assembly."
255/9507,84/1046,15225,"Realistic spiking neural network - Non-synaptic mechanisms improve convergence in cell assembly."
256/0110,71/6613,15225,"Realistic spiking neural network - Non-synaptic mechanisms improve convergence in cell assembly."
256/0110,256/0097,15225,"Realistic spiking neural network - Non-synaptic mechanisms improve convergence in cell assembly."
256/0110,146/0203,15225,"Realistic spiking neural network - Non-synaptic mechanisms improve convergence in cell assembly."
256/0110,84/1046,15225,"Realistic spiking neural network - Non-synaptic mechanisms improve convergence in cell assembly."
71/6613,256/0097,15225,"Realistic spiking neural network - Non-synaptic mechanisms improve convergence in cell assembly."
71/6613,146/0203,15225,"Realistic spiking neural network - Non-synaptic mechanisms improve convergence in cell assembly."
71/6613,84/1046,15225,"Realistic spiking neural network - Non-synaptic mechanisms improve convergence in cell assembly."
256/0097,146/0203,15225,"Realistic spiking neural network - Non-synaptic mechanisms improve convergence in cell assembly."
256/0097,84/1046,15225,"Realistic spiking neural network - Non-synaptic mechanisms improve convergence in cell assembly."
146/0203,84/1046,15225,"Realistic spiking neural network - Non-synaptic mechanisms improve convergence in cell assembly."
94/11077,118/3303,15227,"Multi-task learning for the prediction of wind power ramp events with deep neural networks."
94/11077,85/2221,15227,"Multi-task learning for the prediction of wind power ramp events with deep neural networks."
94/11077,43/4727,15227,"Multi-task learning for the prediction of wind power ramp events with deep neural networks."
94/11077,s/ASperduti,15227,"Multi-task learning for the prediction of wind power ramp events with deep neural networks."
94/11077,34/4610,15227,"Multi-task learning for the prediction of wind power ramp events with deep neural networks."
94/11077,h/CesarHervasMartinez,15227,"Multi-task learning for the prediction of wind power ramp events with deep neural networks."
118/3303,85/2221,15227,"Multi-task learning for the prediction of wind power ramp events with deep neural networks."
118/3303,43/4727,15227,"Multi-task learning for the prediction of wind power ramp events with deep neural networks."
118/3303,s/ASperduti,15227,"Multi-task learning for the prediction of wind power ramp events with deep neural networks."
118/3303,34/4610,15227,"Multi-task learning for the prediction of wind power ramp events with deep neural networks."
118/3303,h/CesarHervasMartinez,15227,"Multi-task learning for the prediction of wind power ramp events with deep neural networks."
85/2221,43/4727,15227,"Multi-task learning for the prediction of wind power ramp events with deep neural networks."
85/2221,s/ASperduti,15227,"Multi-task learning for the prediction of wind power ramp events with deep neural networks."
85/2221,34/4610,15227,"Multi-task learning for the prediction of wind power ramp events with deep neural networks."
85/2221,h/CesarHervasMartinez,15227,"Multi-task learning for the prediction of wind power ramp events with deep neural networks."
43/4727,s/ASperduti,15227,"Multi-task learning for the prediction of wind power ramp events with deep neural networks."
43/4727,34/4610,15227,"Multi-task learning for the prediction of wind power ramp events with deep neural networks."
43/4727,h/CesarHervasMartinez,15227,"Multi-task learning for the prediction of wind power ramp events with deep neural networks."
s/ASperduti,34/4610,15227,"Multi-task learning for the prediction of wind power ramp events with deep neural networks."
s/ASperduti,h/CesarHervasMartinez,15227,"Multi-task learning for the prediction of wind power ramp events with deep neural networks."
34/4610,h/CesarHervasMartinez,15227,"Multi-task learning for the prediction of wind power ramp events with deep neural networks."
234/6237,177/8814,15230,"Named entity recognition in electronic health records using transfer learning bootstrapped Neural Networks."
234/6237,81/760,15230,"Named entity recognition in electronic health records using transfer learning bootstrapped Neural Networks."
234/6237,51/10740,15230,"Named entity recognition in electronic health records using transfer learning bootstrapped Neural Networks."
177/8814,81/760,15230,"Named entity recognition in electronic health records using transfer learning bootstrapped Neural Networks."
177/8814,51/10740,15230,"Named entity recognition in electronic health records using transfer learning bootstrapped Neural Networks."
81/760,51/10740,15230,"Named entity recognition in electronic health records using transfer learning bootstrapped Neural Networks."
139/7455,139/7455,15231,"A counterexample regarding "New study on neural networks - The essential order of approximation"."
233/0711,s/JuanHumbertoSossaAzuela,15234,"Spiking Neural Networks applied to the classification of motor tasks in EEG signals."
233/0711,38/7736,15234,"Spiking Neural Networks applied to the classification of motor tasks in EEG signals."
233/0711,88/4564,15234,"Spiking Neural Networks applied to the classification of motor tasks in EEG signals."
s/JuanHumbertoSossaAzuela,38/7736,15234,"Spiking Neural Networks applied to the classification of motor tasks in EEG signals."
s/JuanHumbertoSossaAzuela,88/4564,15234,"Spiking Neural Networks applied to the classification of motor tasks in EEG signals."
38/7736,88/4564,15234,"Spiking Neural Networks applied to the classification of motor tasks in EEG signals."
34/7343,255/9963,15235,"Multistability of switched neural networks with sigmoidal activation functions under state-dependent switching."
34/7343,w/JunWang2,15235,"Multistability of switched neural networks with sigmoidal activation functions under state-dependent switching."
255/9963,w/JunWang2,15235,"Multistability of switched neural networks with sigmoidal activation functions under state-dependent switching."
232/2070,01/8502,15236,"A biologically plausible supervised learning method for spiking neural networks using the symmetric STDP rule."
232/2070,58/2821,15236,"A biologically plausible supervised learning method for spiking neural networks using the symmetric STDP rule."
232/2070,26/1194-2,15236,"A biologically plausible supervised learning method for spiking neural networks using the symmetric STDP rule."
01/8502,58/2821,15236,"A biologically plausible supervised learning method for spiking neural networks using the symmetric STDP rule."
01/8502,26/1194-2,15236,"A biologically plausible supervised learning method for spiking neural networks using the symmetric STDP rule."
58/2821,26/1194-2,15236,"A biologically plausible supervised learning method for spiking neural networks using the symmetric STDP rule."
22/2303,08/312,15237,"On the minimax optimality and superiority of deep neural network learning over sparse parameter spaces."
85/93,08/2359,15239,"New H∞ state estimation criteria of delayed static neural networks via the Lyapunov-Krasovskii functional with negative definite terms."
85/93,117/3097,15239,"New H∞ state estimation criteria of delayed static neural networks via the Lyapunov-Krasovskii functional with negative definite terms."
85/93,22/4613,15239,"New H∞ state estimation criteria of delayed static neural networks via the Lyapunov-Krasovskii functional with negative definite terms."
08/2359,117/3097,15239,"New H∞ state estimation criteria of delayed static neural networks via the Lyapunov-Krasovskii functional with negative definite terms."
08/2359,22/4613,15239,"New H∞ state estimation criteria of delayed static neural networks via the Lyapunov-Krasovskii functional with negative definite terms."
117/3097,22/4613,15239,"New H∞ state estimation criteria of delayed static neural networks via the Lyapunov-Krasovskii functional with negative definite terms."
144/2265,22/11006,15240,"Evolving artificial neural networks with feedback."
144/2265,37/5353,15240,"Evolving artificial neural networks with feedback."
22/11006,37/5353,15240,"Evolving artificial neural networks with feedback."
256/0553,08/5217,15244,"Synchronization in an array of coupled neural networks with delayed impulses - Average impulsive delay method."
256/0553,73/3317,15244,"Synchronization in an array of coupled neural networks with delayed impulses - Average impulsive delay method."
256/0553,54/5748,15244,"Synchronization in an array of coupled neural networks with delayed impulses - Average impulsive delay method."
08/5217,73/3317,15244,"Synchronization in an array of coupled neural networks with delayed impulses - Average impulsive delay method."
08/5217,54/5748,15244,"Synchronization in an array of coupled neural networks with delayed impulses - Average impulsive delay method."
73/3317,54/5748,15244,"Synchronization in an array of coupled neural networks with delayed impulses - Average impulsive delay method."
38/9022,76/7010,15245,"Adaptive fault-tolerant consensus for a class of leader-following systems using neural network learning strategy."
38/9022,34/25,15245,"Adaptive fault-tolerant consensus for a class of leader-following systems using neural network learning strategy."
38/9022,60/6903,15245,"Adaptive fault-tolerant consensus for a class of leader-following systems using neural network learning strategy."
38/9022,03/627,15245,"Adaptive fault-tolerant consensus for a class of leader-following systems using neural network learning strategy."
76/7010,34/25,15245,"Adaptive fault-tolerant consensus for a class of leader-following systems using neural network learning strategy."
76/7010,60/6903,15245,"Adaptive fault-tolerant consensus for a class of leader-following systems using neural network learning strategy."
76/7010,03/627,15245,"Adaptive fault-tolerant consensus for a class of leader-following systems using neural network learning strategy."
34/25,60/6903,15245,"Adaptive fault-tolerant consensus for a class of leader-following systems using neural network learning strategy."
34/25,03/627,15245,"Adaptive fault-tolerant consensus for a class of leader-following systems using neural network learning strategy."
60/6903,03/627,15245,"Adaptive fault-tolerant consensus for a class of leader-following systems using neural network learning strategy."
98/4371,44/429,15248,"Effects of infinite occurrence of hybrid impulses with quasi-synchronization of parameter mismatched neural networks."
98/4371,25/7045-3,15248,"Effects of infinite occurrence of hybrid impulses with quasi-synchronization of parameter mismatched neural networks."
44/429,25/7045-3,15248,"Effects of infinite occurrence of hybrid impulses with quasi-synchronization of parameter mismatched neural networks."
226/6376,k/NikolaKKasabov,15249,"Deep learning and deep knowledge representation in Spiking Neural Networks for Brain-Computer Interfaces."
226/6376,150/4110,15249,"Deep learning and deep knowledge representation in Spiking Neural Networks for Brain-Computer Interfaces."
k/NikolaKKasabov,150/4110,15249,"Deep learning and deep knowledge representation in Spiking Neural Networks for Brain-Computer Interfaces."
37/10443,243/6012,15251,"A review on neural network models of schizophrenia and autism spectrum disorder."
37/10443,243/6138,15251,"A review on neural network models of schizophrenia and autism spectrum disorder."
37/10443,02/6219,15251,"A review on neural network models of schizophrenia and autism spectrum disorder."
37/10443,02/6465,15251,"A review on neural network models of schizophrenia and autism spectrum disorder."
37/10443,03/2800,15251,"A review on neural network models of schizophrenia and autism spectrum disorder."
243/6012,243/6138,15251,"A review on neural network models of schizophrenia and autism spectrum disorder."
243/6012,02/6219,15251,"A review on neural network models of schizophrenia and autism spectrum disorder."
243/6012,02/6465,15251,"A review on neural network models of schizophrenia and autism spectrum disorder."
243/6012,03/2800,15251,"A review on neural network models of schizophrenia and autism spectrum disorder."
243/6138,02/6219,15251,"A review on neural network models of schizophrenia and autism spectrum disorder."
243/6138,02/6465,15251,"A review on neural network models of schizophrenia and autism spectrum disorder."
243/6138,03/2800,15251,"A review on neural network models of schizophrenia and autism spectrum disorder."
02/6219,02/6465,15251,"A review on neural network models of schizophrenia and autism spectrum disorder."
02/6219,03/2800,15251,"A review on neural network models of schizophrenia and autism spectrum disorder."
02/6465,03/2800,15251,"A review on neural network models of schizophrenia and autism spectrum disorder."
228/1917,159/9962-1,15256,"Event-triggered passivity and synchronization of delayed multiple-weighted coupled reaction-diffusion neural networks with non-identical nodes."
228/1917,166/0716,15256,"Event-triggered passivity and synchronization of delayed multiple-weighted coupled reaction-diffusion neural networks with non-identical nodes."
159/9962-1,166/0716,15256,"Event-triggered passivity and synchronization of delayed multiple-weighted coupled reaction-diffusion neural networks with non-identical nodes."
38/1796,s/BoShen-1,15258,"Finite-time resilient H∞ state estimation for discrete-time delayed neural networks under dynamic event-triggered mechanism."
38/1796,95/7037,15258,"Finite-time resilient H∞ state estimation for discrete-time delayed neural networks under dynamic event-triggered mechanism."
s/BoShen-1,95/7037,15258,"Finite-time resilient H∞ state estimation for discrete-time delayed neural networks under dynamic event-triggered mechanism."
10/2639-3,93/9060,15259,"The role of coupling connections in a model of the cortico-basal ganglia-thalamocortical neural loop for the generation of beta oscillations."
10/2639-3,01/2998,15259,"The role of coupling connections in a model of the cortico-basal ganglia-thalamocortical neural loop for the generation of beta oscillations."
10/2639-3,193/6563,15259,"The role of coupling connections in a model of the cortico-basal ganglia-thalamocortical neural loop for the generation of beta oscillations."
10/2639-3,09/7644,15259,"The role of coupling connections in a model of the cortico-basal ganglia-thalamocortical neural loop for the generation of beta oscillations."
93/9060,01/2998,15259,"The role of coupling connections in a model of the cortico-basal ganglia-thalamocortical neural loop for the generation of beta oscillations."
93/9060,193/6563,15259,"The role of coupling connections in a model of the cortico-basal ganglia-thalamocortical neural loop for the generation of beta oscillations."
93/9060,09/7644,15259,"The role of coupling connections in a model of the cortico-basal ganglia-thalamocortical neural loop for the generation of beta oscillations."
01/2998,193/6563,15259,"The role of coupling connections in a model of the cortico-basal ganglia-thalamocortical neural loop for the generation of beta oscillations."
01/2998,09/7644,15259,"The role of coupling connections in a model of the cortico-basal ganglia-thalamocortical neural loop for the generation of beta oscillations."
193/6563,09/7644,15259,"The role of coupling connections in a model of the cortico-basal ganglia-thalamocortical neural loop for the generation of beta oscillations."
132/4091,202/8248,15260,"Exploiting the stimuli encoding scheme of evolving Spiking Neural Networks for stream learning."
132/4091,48/1070,15260,"Exploiting the stimuli encoding scheme of evolving Spiking Neural Networks for stream learning."
132/4091,94/1127,15260,"Exploiting the stimuli encoding scheme of evolving Spiking Neural Networks for stream learning."
202/8248,48/1070,15260,"Exploiting the stimuli encoding scheme of evolving Spiking Neural Networks for stream learning."
202/8248,94/1127,15260,"Exploiting the stimuli encoding scheme of evolving Spiking Neural Networks for stream learning."
48/1070,94/1127,15260,"Exploiting the stimuli encoding scheme of evolving Spiking Neural Networks for stream learning."
132/4091,94/1127,15261,"Spiking Neural Networks and online learning - An overview and perspectives."
132/4091,48/1070,15261,"Spiking Neural Networks and online learning - An overview and perspectives."
132/4091,k/NikolaKKasabov,15261,"Spiking Neural Networks and online learning - An overview and perspectives."
94/1127,48/1070,15261,"Spiking Neural Networks and online learning - An overview and perspectives."
94/1127,k/NikolaKKasabov,15261,"Spiking Neural Networks and online learning - An overview and perspectives."
48/1070,k/NikolaKKasabov,15261,"Spiking Neural Networks and online learning - An overview and perspectives."
190/4780,75/6825,15262,"Spacial sampled-data control for H∞ output synchronization of directed coupled reaction-diffusion neural networks with mixed delays."
190/4780,63/7026-5,15262,"Spacial sampled-data control for H∞ output synchronization of directed coupled reaction-diffusion neural networks with mixed delays."
190/4780,131/9906,15262,"Spacial sampled-data control for H∞ output synchronization of directed coupled reaction-diffusion neural networks with mixed delays."
75/6825,63/7026-5,15262,"Spacial sampled-data control for H∞ output synchronization of directed coupled reaction-diffusion neural networks with mixed delays."
75/6825,131/9906,15262,"Spacial sampled-data control for H∞ output synchronization of directed coupled reaction-diffusion neural networks with mixed delays."
63/7026-5,131/9906,15262,"Spacial sampled-data control for H∞ output synchronization of directed coupled reaction-diffusion neural networks with mixed delays."
133/9966,117/8755,15265,"A scalable multi-signal approach for the parallelization of self-organizing neural networks."
133/9966,11/4163,15265,"A scalable multi-signal approach for the parallelization of self-organizing neural networks."
133/9966,75/2220,15265,"A scalable multi-signal approach for the parallelization of self-organizing neural networks."
117/8755,11/4163,15265,"A scalable multi-signal approach for the parallelization of self-organizing neural networks."
117/8755,75/2220,15265,"A scalable multi-signal approach for the parallelization of self-organizing neural networks."
11/4163,75/2220,15265,"A scalable multi-signal approach for the parallelization of self-organizing neural networks."
231/1072,74/2481,15267,"Event-driven implementation of deep spiking convolutional neural networks for supervised classification using the SpiNNaker neuromorphic platform."
231/1072,14/1270,15267,"Event-driven implementation of deep spiking convolutional neural networks for supervised classification using the SpiNNaker neuromorphic platform."
231/1072,78/1948,15267,"Event-driven implementation of deep spiking convolutional neural networks for supervised classification using the SpiNNaker neuromorphic platform."
74/2481,14/1270,15267,"Event-driven implementation of deep spiking convolutional neural networks for supervised classification using the SpiNNaker neuromorphic platform."
74/2481,78/1948,15267,"Event-driven implementation of deep spiking convolutional neural networks for supervised classification using the SpiNNaker neuromorphic platform."
14/1270,78/1948,15267,"Event-driven implementation of deep spiking convolutional neural networks for supervised classification using the SpiNNaker neuromorphic platform."
257/8744,36/11385,15268,"Modeling functional resting-state brain networks through neural message passing on the human connectome."
257/8744,257/8686,15268,"Modeling functional resting-state brain networks through neural message passing on the human connectome."
257/8744,70/9163,15268,"Modeling functional resting-state brain networks through neural message passing on the human connectome."
257/8744,37/3956,15268,"Modeling functional resting-state brain networks through neural message passing on the human connectome."
36/11385,257/8686,15268,"Modeling functional resting-state brain networks through neural message passing on the human connectome."
36/11385,70/9163,15268,"Modeling functional resting-state brain networks through neural message passing on the human connectome."
36/11385,37/3956,15268,"Modeling functional resting-state brain networks through neural message passing on the human connectome."
257/8686,70/9163,15268,"Modeling functional resting-state brain networks through neural message passing on the human connectome."
257/8686,37/3956,15268,"Modeling functional resting-state brain networks through neural message passing on the human connectome."
70/9163,37/3956,15268,"Modeling functional resting-state brain networks through neural message passing on the human connectome."
41/7254,24/7254,15269,"On the validity of memristor modeling in the neural network literature."
129/8719,50/4469,15270,"The robustness-fidelity trade-off in Grow When Required neural networks performing continuous novelty detection."
32/5355,81/6688,15271,"Gated spiking neural network using Iterative Free-Energy Optimization and rank-order coding for structure learning in memory sequences (INFERNO GATE)."
32/5355,175/9195,15271,"Gated spiking neural network using Iterative Free-Energy Optimization and rank-order coding for structure learning in memory sequences (INFERNO GATE)."
32/5355,52/7990,15271,"Gated spiking neural network using Iterative Free-Energy Optimization and rank-order coding for structure learning in memory sequences (INFERNO GATE)."
81/6688,175/9195,15271,"Gated spiking neural network using Iterative Free-Energy Optimization and rank-order coding for structure learning in memory sequences (INFERNO GATE)."
81/6688,52/7990,15271,"Gated spiking neural network using Iterative Free-Energy Optimization and rank-order coding for structure learning in memory sequences (INFERNO GATE)."
175/9195,52/7990,15271,"Gated spiking neural network using Iterative Free-Energy Optimization and rank-order coding for structure learning in memory sequences (INFERNO GATE)."
187/5121,39/11027,15274,"Cuneate spiking neural network learning to classify naturalistic texture stimuli under varying sensing conditions."
187/5121,155/2245,15274,"Cuneate spiking neural network learning to classify naturalistic texture stimuli under varying sensing conditions."
187/5121,26/11183,15274,"Cuneate spiking neural network learning to classify naturalistic texture stimuli under varying sensing conditions."
187/5121,07/8270,15274,"Cuneate spiking neural network learning to classify naturalistic texture stimuli under varying sensing conditions."
39/11027,155/2245,15274,"Cuneate spiking neural network learning to classify naturalistic texture stimuli under varying sensing conditions."
39/11027,26/11183,15274,"Cuneate spiking neural network learning to classify naturalistic texture stimuli under varying sensing conditions."
39/11027,07/8270,15274,"Cuneate spiking neural network learning to classify naturalistic texture stimuli under varying sensing conditions."
155/2245,26/11183,15274,"Cuneate spiking neural network learning to classify naturalistic texture stimuli under varying sensing conditions."
155/2245,07/8270,15274,"Cuneate spiking neural network learning to classify naturalistic texture stimuli under varying sensing conditions."
26/11183,07/8270,15274,"Cuneate spiking neural network learning to classify naturalistic texture stimuli under varying sensing conditions."
210/1009,168/8446,15275,"Tree-CNN - A hierarchical Deep Convolutional Neural Network for incremental learning."
210/1009,r/KaushikRoy,15275,"Tree-CNN - A hierarchical Deep Convolutional Neural Network for incremental learning."
168/8446,r/KaushikRoy,15275,"Tree-CNN - A hierarchical Deep Convolutional Neural Network for incremental learning."
256/0456,71/3675,15276,"Using a deep convolutional neural network to predict 2017 ozone concentrations, 24 hours in advance."
256/0456,256/0412,15276,"Using a deep convolutional neural network to predict 2017 ozone concentrations, 24 hours in advance."
256/0456,256/0399,15276,"Using a deep convolutional neural network to predict 2017 ozone concentrations, 24 hours in advance."
256/0456,49/1836,15276,"Using a deep convolutional neural network to predict 2017 ozone concentrations, 24 hours in advance."
256/0456,256/0612,15276,"Using a deep convolutional neural network to predict 2017 ozone concentrations, 24 hours in advance."
71/3675,256/0412,15276,"Using a deep convolutional neural network to predict 2017 ozone concentrations, 24 hours in advance."
71/3675,256/0399,15276,"Using a deep convolutional neural network to predict 2017 ozone concentrations, 24 hours in advance."
71/3675,49/1836,15276,"Using a deep convolutional neural network to predict 2017 ozone concentrations, 24 hours in advance."
71/3675,256/0612,15276,"Using a deep convolutional neural network to predict 2017 ozone concentrations, 24 hours in advance."
256/0412,256/0399,15276,"Using a deep convolutional neural network to predict 2017 ozone concentrations, 24 hours in advance."
256/0412,49/1836,15276,"Using a deep convolutional neural network to predict 2017 ozone concentrations, 24 hours in advance."
256/0412,256/0612,15276,"Using a deep convolutional neural network to predict 2017 ozone concentrations, 24 hours in advance."
256/0399,49/1836,15276,"Using a deep convolutional neural network to predict 2017 ozone concentrations, 24 hours in advance."
256/0399,256/0612,15276,"Using a deep convolutional neural network to predict 2017 ozone concentrations, 24 hours in advance."
49/1836,256/0612,15276,"Using a deep convolutional neural network to predict 2017 ozone concentrations, 24 hours in advance."
199/5294,80/4997,15284,"A review of learning in biologically plausible spiking neural networks."
199/5294,79/5796,15284,"A review of learning in biologically plausible spiking neural networks."
199/5294,40/9504,15284,"A review of learning in biologically plausible spiking neural networks."
199/5294,08/5485,15284,"A review of learning in biologically plausible spiking neural networks."
199/5294,m/TMartinMcGinnity,15284,"A review of learning in biologically plausible spiking neural networks."
80/4997,79/5796,15284,"A review of learning in biologically plausible spiking neural networks."
80/4997,40/9504,15284,"A review of learning in biologically plausible spiking neural networks."
80/4997,08/5485,15284,"A review of learning in biologically plausible spiking neural networks."
80/4997,m/TMartinMcGinnity,15284,"A review of learning in biologically plausible spiking neural networks."
79/5796,40/9504,15284,"A review of learning in biologically plausible spiking neural networks."
79/5796,08/5485,15284,"A review of learning in biologically plausible spiking neural networks."
79/5796,m/TMartinMcGinnity,15284,"A review of learning in biologically plausible spiking neural networks."
40/9504,08/5485,15284,"A review of learning in biologically plausible spiking neural networks."
40/9504,m/TMartinMcGinnity,15284,"A review of learning in biologically plausible spiking neural networks."
08/5485,m/TMartinMcGinnity,15284,"A review of learning in biologically plausible spiking neural networks."
231/7294,189/2260,15289,"Deep neural network and data augmentation methodology for off-axis iris segmentation in wearable headsets."
231/7294,120/9142,15289,"Deep neural network and data augmentation methodology for off-axis iris segmentation in wearable headsets."
189/2260,120/9142,15289,"Deep neural network and data augmentation methodology for off-axis iris segmentation in wearable headsets."
07/4221,120/5247,15291,"Finite-time and fixed-time anti-synchronization of Markovian neural networks with stochastic disturbances via switching control."
07/4221,67/1336-10,15291,"Finite-time and fixed-time anti-synchronization of Markovian neural networks with stochastic disturbances via switching control."
120/5247,67/1336-10,15291,"Finite-time and fixed-time anti-synchronization of Markovian neural networks with stochastic disturbances via switching control."
07/4221,120/5247,15292,"Multistability and attraction basins of discrete-time neural networks with nonmonotonic piecewise linear activation functions."
07/4221,67/1336-10,15292,"Multistability and attraction basins of discrete-time neural networks with nonmonotonic piecewise linear activation functions."
07/4221,35/5678,15292,"Multistability and attraction basins of discrete-time neural networks with nonmonotonic piecewise linear activation functions."
07/4221,91/7627,15292,"Multistability and attraction basins of discrete-time neural networks with nonmonotonic piecewise linear activation functions."
120/5247,67/1336-10,15292,"Multistability and attraction basins of discrete-time neural networks with nonmonotonic piecewise linear activation functions."
120/5247,35/5678,15292,"Multistability and attraction basins of discrete-time neural networks with nonmonotonic piecewise linear activation functions."
120/5247,91/7627,15292,"Multistability and attraction basins of discrete-time neural networks with nonmonotonic piecewise linear activation functions."
67/1336-10,35/5678,15292,"Multistability and attraction basins of discrete-time neural networks with nonmonotonic piecewise linear activation functions."
67/1336-10,91/7627,15292,"Multistability and attraction basins of discrete-time neural networks with nonmonotonic piecewise linear activation functions."
35/5678,91/7627,15292,"Multistability and attraction basins of discrete-time neural networks with nonmonotonic piecewise linear activation functions."
254/2181,180/6757,15294,"Sliding mode control of neural networks via continuous or periodic sampling event-triggering algorithm."
254/2181,24/647,15294,"Sliding mode control of neural networks via continuous or periodic sampling event-triggering algorithm."
254/2181,80/1641,15294,"Sliding mode control of neural networks via continuous or periodic sampling event-triggering algorithm."
254/2181,83/6353-1,15294,"Sliding mode control of neural networks via continuous or periodic sampling event-triggering algorithm."
254/2181,91/1037,15294,"Sliding mode control of neural networks via continuous or periodic sampling event-triggering algorithm."
180/6757,24/647,15294,"Sliding mode control of neural networks via continuous or periodic sampling event-triggering algorithm."
180/6757,80/1641,15294,"Sliding mode control of neural networks via continuous or periodic sampling event-triggering algorithm."
180/6757,83/6353-1,15294,"Sliding mode control of neural networks via continuous or periodic sampling event-triggering algorithm."
180/6757,91/1037,15294,"Sliding mode control of neural networks via continuous or periodic sampling event-triggering algorithm."
24/647,80/1641,15294,"Sliding mode control of neural networks via continuous or periodic sampling event-triggering algorithm."
24/647,83/6353-1,15294,"Sliding mode control of neural networks via continuous or periodic sampling event-triggering algorithm."
24/647,91/1037,15294,"Sliding mode control of neural networks via continuous or periodic sampling event-triggering algorithm."
80/1641,83/6353-1,15294,"Sliding mode control of neural networks via continuous or periodic sampling event-triggering algorithm."
80/1641,91/1037,15294,"Sliding mode control of neural networks via continuous or periodic sampling event-triggering algorithm."
83/6353-1,91/1037,15294,"Sliding mode control of neural networks via continuous or periodic sampling event-triggering algorithm."
254/2181,34/7343,15295,"Global synchronization of coupled delayed memristive reaction-diffusion neural networks."
254/2181,91/1037,15295,"Global synchronization of coupled delayed memristive reaction-diffusion neural networks."
254/2181,24/647,15295,"Global synchronization of coupled delayed memristive reaction-diffusion neural networks."
34/7343,91/1037,15295,"Global synchronization of coupled delayed memristive reaction-diffusion neural networks."
34/7343,24/647,15295,"Global synchronization of coupled delayed memristive reaction-diffusion neural networks."
91/1037,24/647,15295,"Global synchronization of coupled delayed memristive reaction-diffusion neural networks."
40/485,78/6727-8,15297,"A waiting-time-based event-triggered scheme for stabilization of complex-valued neural networks."
40/485,10/6543,15297,"A waiting-time-based event-triggered scheme for stabilization of complex-valued neural networks."
40/485,26/2210,15297,"A waiting-time-based event-triggered scheme for stabilization of complex-valued neural networks."
40/485,61/4396,15297,"A waiting-time-based event-triggered scheme for stabilization of complex-valued neural networks."
78/6727-8,10/6543,15297,"A waiting-time-based event-triggered scheme for stabilization of complex-valued neural networks."
78/6727-8,26/2210,15297,"A waiting-time-based event-triggered scheme for stabilization of complex-valued neural networks."
78/6727-8,61/4396,15297,"A waiting-time-based event-triggered scheme for stabilization of complex-valued neural networks."
10/6543,26/2210,15297,"A waiting-time-based event-triggered scheme for stabilization of complex-valued neural networks."
10/6543,61/4396,15297,"A waiting-time-based event-triggered scheme for stabilization of complex-valued neural networks."
26/2210,61/4396,15297,"A waiting-time-based event-triggered scheme for stabilization of complex-valued neural networks."
231/7379,257/8766,15298,"Structured pruning of recurrent neural networks through neuron selection."
231/7379,195/9712,15298,"Structured pruning of recurrent neural networks through neuron selection."
231/7379,68/1538,15298,"Structured pruning of recurrent neural networks through neuron selection."
257/8766,195/9712,15298,"Structured pruning of recurrent neural networks through neuron selection."
257/8766,68/1538,15298,"Structured pruning of recurrent neural networks through neuron selection."
195/9712,68/1538,15298,"Structured pruning of recurrent neural networks through neuron selection."
170/5754,91/1037,15300,"New approach to global Mittag-Leffler synchronization problem of fractional-order quaternion-valued BAM neural networks based on a new inequality."
170/5754,157/2440,15300,"New approach to global Mittag-Leffler synchronization problem of fractional-order quaternion-valued BAM neural networks based on a new inequality."
170/5754,30/4519,15300,"New approach to global Mittag-Leffler synchronization problem of fractional-order quaternion-valued BAM neural networks based on a new inequality."
91/1037,157/2440,15300,"New approach to global Mittag-Leffler synchronization problem of fractional-order quaternion-valued BAM neural networks based on a new inequality."
91/1037,30/4519,15300,"New approach to global Mittag-Leffler synchronization problem of fractional-order quaternion-valued BAM neural networks based on a new inequality."
157/2440,30/4519,15300,"New approach to global Mittag-Leffler synchronization problem of fractional-order quaternion-valued BAM neural networks based on a new inequality."
192/5381,51/2181,15301,"ℓ1-gain filter design of discrete-time positive neural networks with mixed delays."
192/5381,99/1128,15301,"ℓ1-gain filter design of discrete-time positive neural networks with mixed delays."
51/2181,99/1128,15301,"ℓ1-gain filter design of discrete-time positive neural networks with mixed delays."
33/4854,189/4446,15306,"Operation-aware Neural Networks for user response prediction."
33/4854,172/4941,15306,"Operation-aware Neural Networks for user response prediction."
33/4854,80/4685,15306,"Operation-aware Neural Networks for user response prediction."
33/4854,70/2932,15306,"Operation-aware Neural Networks for user response prediction."
189/4446,172/4941,15306,"Operation-aware Neural Networks for user response prediction."
189/4446,80/4685,15306,"Operation-aware Neural Networks for user response prediction."
189/4446,70/2932,15306,"Operation-aware Neural Networks for user response prediction."
172/4941,80/4685,15306,"Operation-aware Neural Networks for user response prediction."
172/4941,70/2932,15306,"Operation-aware Neural Networks for user response prediction."
80/4685,70/2932,15306,"Operation-aware Neural Networks for user response prediction."
117/6389,216/5236,15307,"Liver disease screening based on densely connected deep neural networks."
117/6389,257/8639,15307,"Liver disease screening based on densely connected deep neural networks."
117/6389,257/8688,15307,"Liver disease screening based on densely connected deep neural networks."
117/6389,59/983,15307,"Liver disease screening based on densely connected deep neural networks."
216/5236,257/8639,15307,"Liver disease screening based on densely connected deep neural networks."
216/5236,257/8688,15307,"Liver disease screening based on densely connected deep neural networks."
216/5236,59/983,15307,"Liver disease screening based on densely connected deep neural networks."
257/8639,257/8688,15307,"Liver disease screening based on densely connected deep neural networks."
257/8639,59/983,15307,"Liver disease screening based on densely connected deep neural networks."
257/8688,59/983,15307,"Liver disease screening based on densely connected deep neural networks."
219/6032,10/6543,15308,"Global Mittag-Leffler stability and synchronization of discrete-time fractional-order complex-valued neural networks with time delay."
219/6032,40/3427,15308,"Global Mittag-Leffler stability and synchronization of discrete-time fractional-order complex-valued neural networks with time delay."
10/6543,40/3427,15308,"Global Mittag-Leffler stability and synchronization of discrete-time fractional-order complex-valued neural networks with time delay."
219/6032,10/6543,15309,"Existence and finite-time stability of discrete fractional-order complex-valued neural networks with time delays."
219/6032,40/3427,15309,"Existence and finite-time stability of discrete fractional-order complex-valued neural networks with time delays."
10/6543,40/3427,15309,"Existence and finite-time stability of discrete fractional-order complex-valued neural networks with time delays."
24/10134,90/6986-1,15315,"A smoothing neural network for minimization l1-lp in sparse signal reconstruction with measurement noises."
24/10134,24/647,15315,"A smoothing neural network for minimization l1-lp in sparse signal reconstruction with measurement noises."
24/10134,75/4419,15315,"A smoothing neural network for minimization l1-lp in sparse signal reconstruction with measurement noises."
24/10134,83/6353-1,15315,"A smoothing neural network for minimization l1-lp in sparse signal reconstruction with measurement noises."
90/6986-1,24/647,15315,"A smoothing neural network for minimization l1-lp in sparse signal reconstruction with measurement noises."
90/6986-1,75/4419,15315,"A smoothing neural network for minimization l1-lp in sparse signal reconstruction with measurement noises."
90/6986-1,83/6353-1,15315,"A smoothing neural network for minimization l1-lp in sparse signal reconstruction with measurement noises."
24/647,75/4419,15315,"A smoothing neural network for minimization l1-lp in sparse signal reconstruction with measurement noises."
24/647,83/6353-1,15315,"A smoothing neural network for minimization l1-lp in sparse signal reconstruction with measurement noises."
75/4419,83/6353-1,15315,"A smoothing neural network for minimization l1-lp in sparse signal reconstruction with measurement noises."
208/4824,71/4467,15317,"Embedding topological features into convolutional neural network salient object detection."
07/6626,200/8014,22168,"Augmenting Recurrent Neural Networks Resilience by Dropout."
85/5901-16,80/6273-1,22171,"Stability Analysis for Delayed Neural Networks With an Improved General Free-Matrix-Based Integral Inequality."
85/5901-16,43/5113,22171,"Stability Analysis for Delayed Neural Networks With an Improved General Free-Matrix-Based Integral Inequality."
80/6273-1,43/5113,22171,"Stability Analysis for Delayed Neural Networks With an Improved General Free-Matrix-Based Integral Inequality."
149/0768,85/5075,22172,"Automatic Sleep Staging Employing Convolutional Neural Networks and Cortical Connectivity Images."
149/0768,208/6794,22172,"Automatic Sleep Staging Employing Convolutional Neural Networks and Cortical Connectivity Images."
149/0768,42/2356,22172,"Automatic Sleep Staging Employing Convolutional Neural Networks and Cortical Connectivity Images."
149/0768,09/2302,22172,"Automatic Sleep Staging Employing Convolutional Neural Networks and Cortical Connectivity Images."
85/5075,208/6794,22172,"Automatic Sleep Staging Employing Convolutional Neural Networks and Cortical Connectivity Images."
85/5075,42/2356,22172,"Automatic Sleep Staging Employing Convolutional Neural Networks and Cortical Connectivity Images."
85/5075,09/2302,22172,"Automatic Sleep Staging Employing Convolutional Neural Networks and Cortical Connectivity Images."
208/6794,42/2356,22172,"Automatic Sleep Staging Employing Convolutional Neural Networks and Cortical Connectivity Images."
208/6794,09/2302,22172,"Automatic Sleep Staging Employing Convolutional Neural Networks and Cortical Connectivity Images."
42/2356,09/2302,22172,"Automatic Sleep Staging Employing Convolutional Neural Networks and Cortical Connectivity Images."
16/722,50/3037,22175,"Neural Network-Based Distributed Cooperative Learning Control for Multiagent Systems via Event-Triggered Communication."
16/722,39/6898,22175,"Neural Network-Based Distributed Cooperative Learning Control for Multiagent Systems via Event-Triggered Communication."
16/722,l/JingLi20,22175,"Neural Network-Based Distributed Cooperative Learning Control for Multiagent Systems via Event-Triggered Communication."
16/722,69/7024-3,22175,"Neural Network-Based Distributed Cooperative Learning Control for Multiagent Systems via Event-Triggered Communication."
50/3037,39/6898,22175,"Neural Network-Based Distributed Cooperative Learning Control for Multiagent Systems via Event-Triggered Communication."
50/3037,l/JingLi20,22175,"Neural Network-Based Distributed Cooperative Learning Control for Multiagent Systems via Event-Triggered Communication."
50/3037,69/7024-3,22175,"Neural Network-Based Distributed Cooperative Learning Control for Multiagent Systems via Event-Triggered Communication."
39/6898,l/JingLi20,22175,"Neural Network-Based Distributed Cooperative Learning Control for Multiagent Systems via Event-Triggered Communication."
39/6898,69/7024-3,22175,"Neural Network-Based Distributed Cooperative Learning Control for Multiagent Systems via Event-Triggered Communication."
l/JingLi20,69/7024-3,22175,"Neural Network-Based Distributed Cooperative Learning Control for Multiagent Systems via Event-Triggered Communication."
189/9126,133/5231,22180,"Distribution-Free Probability Density Forecast Through Deep Neural Networks."
189/9126,133/5135,22180,"Distribution-Free Probability Density Forecast Through Deep Neural Networks."
189/9126,79/8673,22180,"Distribution-Free Probability Density Forecast Through Deep Neural Networks."
189/9126,98/6690-2,22180,"Distribution-Free Probability Density Forecast Through Deep Neural Networks."
133/5231,133/5135,22180,"Distribution-Free Probability Density Forecast Through Deep Neural Networks."
133/5231,79/8673,22180,"Distribution-Free Probability Density Forecast Through Deep Neural Networks."
133/5231,98/6690-2,22180,"Distribution-Free Probability Density Forecast Through Deep Neural Networks."
133/5135,79/8673,22180,"Distribution-Free Probability Density Forecast Through Deep Neural Networks."
133/5135,98/6690-2,22180,"Distribution-Free Probability Density Forecast Through Deep Neural Networks."
79/8673,98/6690-2,22180,"Distribution-Free Probability Density Forecast Through Deep Neural Networks."
81/6685-8,17/6853-1,22182,"A Time Wave Neural Network Framework for Solving Time-Dependent Project Scheduling Problems."
73/6656,73/6656,22187,"Noise Robust Projection Rule for Hyperbolic Hopfield Neural Networks."
14/5410,73/2273,22189,"Passivity Analysis for Quaternion-Valued Memristor-Based Neural Networks With Time-Varying Delay."
65/3945,20/6534,22191,"Adaptive Neural Network Learning Controller Design for a Class of Nonlinear Systems With Time-Varying State Constraints."
65/3945,21/2715-6,22191,"Adaptive Neural Network Learning Controller Design for a Class of Nonlinear Systems With Time-Varying State Constraints."
65/3945,83/210,22191,"Adaptive Neural Network Learning Controller Design for a Class of Nonlinear Systems With Time-Varying State Constraints."
65/3945,48/4856,22191,"Adaptive Neural Network Learning Controller Design for a Class of Nonlinear Systems With Time-Varying State Constraints."
20/6534,21/2715-6,22191,"Adaptive Neural Network Learning Controller Design for a Class of Nonlinear Systems With Time-Varying State Constraints."
20/6534,83/210,22191,"Adaptive Neural Network Learning Controller Design for a Class of Nonlinear Systems With Time-Varying State Constraints."
20/6534,48/4856,22191,"Adaptive Neural Network Learning Controller Design for a Class of Nonlinear Systems With Time-Varying State Constraints."
21/2715-6,83/210,22191,"Adaptive Neural Network Learning Controller Design for a Class of Nonlinear Systems With Time-Varying State Constraints."
21/2715-6,48/4856,22191,"Adaptive Neural Network Learning Controller Design for a Class of Nonlinear Systems With Time-Varying State Constraints."
83/210,48/4856,22191,"Adaptive Neural Network Learning Controller Design for a Class of Nonlinear Systems With Time-Varying State Constraints."
190/2607,46/1629,22194,"A White-Box Equivalent Neural Network Circuit Model for SoC Estimation of Electrochemical Cells."
190/2607,50/3787,22194,"A White-Box Equivalent Neural Network Circuit Model for SoC Estimation of Electrochemical Cells."
190/2607,58/4663,22194,"A White-Box Equivalent Neural Network Circuit Model for SoC Estimation of Electrochemical Cells."
46/1629,50/3787,22194,"A White-Box Equivalent Neural Network Circuit Model for SoC Estimation of Electrochemical Cells."
46/1629,58/4663,22194,"A White-Box Equivalent Neural Network Circuit Model for SoC Estimation of Electrochemical Cells."
50/3787,58/4663,22194,"A White-Box Equivalent Neural Network Circuit Model for SoC Estimation of Electrochemical Cells."
256/2798,163/0190,22196,"Self-Tuning Neural Predictive Control Scheme for Ultrabattery to Emulate a Virtual Synchronous Machine in Autonomous Power Systems."
152/9530,194/9125,22199,"Attack Detection and Approximation in Nonlinear Networked Control Systems Using Neural Networks."
152/9530,42/1744,22199,"Attack Detection and Approximation in Nonlinear Networked Control Systems Using Neural Networks."
194/9125,42/1744,22199,"Attack Detection and Approximation in Nonlinear Networked Control Systems Using Neural Networks."
258/4416,k/NikolaKKasabov,22201,"Selection and Optimization of Temporal Spike Encoding Methods for Spiking Neural Networks."
258/4416,258/4522,22201,"Selection and Optimization of Temporal Spike Encoding Methods for Spiking Neural Networks."
k/NikolaKKasabov,258/4522,22201,"Selection and Optimization of Temporal Spike Encoding Methods for Spiking Neural Networks."
146/2985,55/5795,22202,"The Forbidden Region Self-Organizing Map Neural Network."
146/2985,44/6416,22202,"The Forbidden Region Self-Organizing Map Neural Network."
55/5795,44/6416,22202,"The Forbidden Region Self-Organizing Map Neural Network."
17/9473,18/5744,22204,"Metacognitive Octonion-Valued Neural Networks as They Relate to Time Series Analysis."
25/9832,25/9832,22205,"Probabilistic Neural Network With Complex Exponential Activation Functions in Image Recognition."
48/4843,145/9409,22210,"Spatially Arranged Sparse Recurrent Neural Networks for Energy Efficient Associative Memory."
48/4843,53/7812,22210,"Spatially Arranged Sparse Recurrent Neural Networks for Energy Efficient Associative Memory."
48/4843,84/2763,22210,"Spatially Arranged Sparse Recurrent Neural Networks for Energy Efficient Associative Memory."
48/4843,34/2430,22210,"Spatially Arranged Sparse Recurrent Neural Networks for Energy Efficient Associative Memory."
48/4843,74/4786,22210,"Spatially Arranged Sparse Recurrent Neural Networks for Energy Efficient Associative Memory."
48/4843,62/989,22210,"Spatially Arranged Sparse Recurrent Neural Networks for Energy Efficient Associative Memory."
145/9409,53/7812,22210,"Spatially Arranged Sparse Recurrent Neural Networks for Energy Efficient Associative Memory."
145/9409,84/2763,22210,"Spatially Arranged Sparse Recurrent Neural Networks for Energy Efficient Associative Memory."
145/9409,34/2430,22210,"Spatially Arranged Sparse Recurrent Neural Networks for Energy Efficient Associative Memory."
145/9409,74/4786,22210,"Spatially Arranged Sparse Recurrent Neural Networks for Energy Efficient Associative Memory."
145/9409,62/989,22210,"Spatially Arranged Sparse Recurrent Neural Networks for Energy Efficient Associative Memory."
53/7812,84/2763,22210,"Spatially Arranged Sparse Recurrent Neural Networks for Energy Efficient Associative Memory."
53/7812,34/2430,22210,"Spatially Arranged Sparse Recurrent Neural Networks for Energy Efficient Associative Memory."
53/7812,74/4786,22210,"Spatially Arranged Sparse Recurrent Neural Networks for Energy Efficient Associative Memory."
53/7812,62/989,22210,"Spatially Arranged Sparse Recurrent Neural Networks for Energy Efficient Associative Memory."
84/2763,34/2430,22210,"Spatially Arranged Sparse Recurrent Neural Networks for Energy Efficient Associative Memory."
84/2763,74/4786,22210,"Spatially Arranged Sparse Recurrent Neural Networks for Energy Efficient Associative Memory."
84/2763,62/989,22210,"Spatially Arranged Sparse Recurrent Neural Networks for Energy Efficient Associative Memory."
34/2430,74/4786,22210,"Spatially Arranged Sparse Recurrent Neural Networks for Energy Efficient Associative Memory."
34/2430,62/989,22210,"Spatially Arranged Sparse Recurrent Neural Networks for Energy Efficient Associative Memory."
74/4786,62/989,22210,"Spatially Arranged Sparse Recurrent Neural Networks for Energy Efficient Associative Memory."
171/4446,22/5042,22218,"Scalable Digital Neuromorphic Architecture for Large-Scale Biophysically Meaningful Neural Network With Multi-Compartment Neurons."
171/4446,01/2998-2,22218,"Scalable Digital Neuromorphic Architecture for Large-Scale Biophysically Meaningful Neural Network With Multi-Compartment Neurons."
171/4446,41/3268,22218,"Scalable Digital Neuromorphic Architecture for Large-Scale Biophysically Meaningful Neural Network With Multi-Compartment Neurons."
171/4446,66/10616,22218,"Scalable Digital Neuromorphic Architecture for Large-Scale Biophysically Meaningful Neural Network With Multi-Compartment Neurons."
171/4446,10/5070,22218,"Scalable Digital Neuromorphic Architecture for Large-Scale Biophysically Meaningful Neural Network With Multi-Compartment Neurons."
171/4446,35/10617,22218,"Scalable Digital Neuromorphic Architecture for Large-Scale Biophysically Meaningful Neural Network With Multi-Compartment Neurons."
171/4446,09/7644,22218,"Scalable Digital Neuromorphic Architecture for Large-Scale Biophysically Meaningful Neural Network With Multi-Compartment Neurons."
22/5042,01/2998-2,22218,"Scalable Digital Neuromorphic Architecture for Large-Scale Biophysically Meaningful Neural Network With Multi-Compartment Neurons."
22/5042,41/3268,22218,"Scalable Digital Neuromorphic Architecture for Large-Scale Biophysically Meaningful Neural Network With Multi-Compartment Neurons."
22/5042,66/10616,22218,"Scalable Digital Neuromorphic Architecture for Large-Scale Biophysically Meaningful Neural Network With Multi-Compartment Neurons."
22/5042,10/5070,22218,"Scalable Digital Neuromorphic Architecture for Large-Scale Biophysically Meaningful Neural Network With Multi-Compartment Neurons."
22/5042,35/10617,22218,"Scalable Digital Neuromorphic Architecture for Large-Scale Biophysically Meaningful Neural Network With Multi-Compartment Neurons."
22/5042,09/7644,22218,"Scalable Digital Neuromorphic Architecture for Large-Scale Biophysically Meaningful Neural Network With Multi-Compartment Neurons."
01/2998-2,41/3268,22218,"Scalable Digital Neuromorphic Architecture for Large-Scale Biophysically Meaningful Neural Network With Multi-Compartment Neurons."
01/2998-2,66/10616,22218,"Scalable Digital Neuromorphic Architecture for Large-Scale Biophysically Meaningful Neural Network With Multi-Compartment Neurons."
01/2998-2,10/5070,22218,"Scalable Digital Neuromorphic Architecture for Large-Scale Biophysically Meaningful Neural Network With Multi-Compartment Neurons."
01/2998-2,35/10617,22218,"Scalable Digital Neuromorphic Architecture for Large-Scale Biophysically Meaningful Neural Network With Multi-Compartment Neurons."
01/2998-2,09/7644,22218,"Scalable Digital Neuromorphic Architecture for Large-Scale Biophysically Meaningful Neural Network With Multi-Compartment Neurons."
41/3268,66/10616,22218,"Scalable Digital Neuromorphic Architecture for Large-Scale Biophysically Meaningful Neural Network With Multi-Compartment Neurons."
41/3268,10/5070,22218,"Scalable Digital Neuromorphic Architecture for Large-Scale Biophysically Meaningful Neural Network With Multi-Compartment Neurons."
41/3268,35/10617,22218,"Scalable Digital Neuromorphic Architecture for Large-Scale Biophysically Meaningful Neural Network With Multi-Compartment Neurons."
41/3268,09/7644,22218,"Scalable Digital Neuromorphic Architecture for Large-Scale Biophysically Meaningful Neural Network With Multi-Compartment Neurons."
66/10616,10/5070,22218,"Scalable Digital Neuromorphic Architecture for Large-Scale Biophysically Meaningful Neural Network With Multi-Compartment Neurons."
66/10616,35/10617,22218,"Scalable Digital Neuromorphic Architecture for Large-Scale Biophysically Meaningful Neural Network With Multi-Compartment Neurons."
66/10616,09/7644,22218,"Scalable Digital Neuromorphic Architecture for Large-Scale Biophysically Meaningful Neural Network With Multi-Compartment Neurons."
10/5070,35/10617,22218,"Scalable Digital Neuromorphic Architecture for Large-Scale Biophysically Meaningful Neural Network With Multi-Compartment Neurons."
10/5070,09/7644,22218,"Scalable Digital Neuromorphic Architecture for Large-Scale Biophysically Meaningful Neural Network With Multi-Compartment Neurons."
35/10617,09/7644,22218,"Scalable Digital Neuromorphic Architecture for Large-Scale Biophysically Meaningful Neural Network With Multi-Compartment Neurons."
28/4937,85/1640,22224,"Stabilization of Second-Order Memristive Neural Networks With Mixed Time Delays via Nonreduced Order."
252/6983,99/6079,25255,"Residual Neural Network Vs Local Binary Convolutional Neural Networks for Bilingual Handwritten Digit Recognition."
252/6983,123/4406,25255,"Residual Neural Network Vs Local Binary Convolutional Neural Networks for Bilingual Handwritten Digit Recognition."
99/6079,123/4406,25255,"Residual Neural Network Vs Local Binary Convolutional Neural Networks for Bilingual Handwritten Digit Recognition."
132/4368,173/6358,29875,"Neural Autopoiesis - Organizing Self-Boundary by Stimulus Avoidance in Biological and Artificial Neural Networks."
132/4368,135/1081,29875,"Neural Autopoiesis - Organizing Self-Boundary by Stimulus Avoidance in Biological and Artificial Neural Networks."
132/4368,33/1930,29875,"Neural Autopoiesis - Organizing Self-Boundary by Stimulus Avoidance in Biological and Artificial Neural Networks."
132/4368,05/6815,29875,"Neural Autopoiesis - Organizing Self-Boundary by Stimulus Avoidance in Biological and Artificial Neural Networks."
132/4368,59/10272,29875,"Neural Autopoiesis - Organizing Self-Boundary by Stimulus Avoidance in Biological and Artificial Neural Networks."
132/4368,33/5895,29875,"Neural Autopoiesis - Organizing Self-Boundary by Stimulus Avoidance in Biological and Artificial Neural Networks."
132/4368,04/5508,29875,"Neural Autopoiesis - Organizing Self-Boundary by Stimulus Avoidance in Biological and Artificial Neural Networks."
173/6358,135/1081,29875,"Neural Autopoiesis - Organizing Self-Boundary by Stimulus Avoidance in Biological and Artificial Neural Networks."
173/6358,33/1930,29875,"Neural Autopoiesis - Organizing Self-Boundary by Stimulus Avoidance in Biological and Artificial Neural Networks."
173/6358,05/6815,29875,"Neural Autopoiesis - Organizing Self-Boundary by Stimulus Avoidance in Biological and Artificial Neural Networks."
173/6358,59/10272,29875,"Neural Autopoiesis - Organizing Self-Boundary by Stimulus Avoidance in Biological and Artificial Neural Networks."
173/6358,33/5895,29875,"Neural Autopoiesis - Organizing Self-Boundary by Stimulus Avoidance in Biological and Artificial Neural Networks."
173/6358,04/5508,29875,"Neural Autopoiesis - Organizing Self-Boundary by Stimulus Avoidance in Biological and Artificial Neural Networks."
135/1081,33/1930,29875,"Neural Autopoiesis - Organizing Self-Boundary by Stimulus Avoidance in Biological and Artificial Neural Networks."
135/1081,05/6815,29875,"Neural Autopoiesis - Organizing Self-Boundary by Stimulus Avoidance in Biological and Artificial Neural Networks."
135/1081,59/10272,29875,"Neural Autopoiesis - Organizing Self-Boundary by Stimulus Avoidance in Biological and Artificial Neural Networks."
135/1081,33/5895,29875,"Neural Autopoiesis - Organizing Self-Boundary by Stimulus Avoidance in Biological and Artificial Neural Networks."
135/1081,04/5508,29875,"Neural Autopoiesis - Organizing Self-Boundary by Stimulus Avoidance in Biological and Artificial Neural Networks."
33/1930,05/6815,29875,"Neural Autopoiesis - Organizing Self-Boundary by Stimulus Avoidance in Biological and Artificial Neural Networks."
33/1930,59/10272,29875,"Neural Autopoiesis - Organizing Self-Boundary by Stimulus Avoidance in Biological and Artificial Neural Networks."
33/1930,33/5895,29875,"Neural Autopoiesis - Organizing Self-Boundary by Stimulus Avoidance in Biological and Artificial Neural Networks."
33/1930,04/5508,29875,"Neural Autopoiesis - Organizing Self-Boundary by Stimulus Avoidance in Biological and Artificial Neural Networks."
05/6815,59/10272,29875,"Neural Autopoiesis - Organizing Self-Boundary by Stimulus Avoidance in Biological and Artificial Neural Networks."
05/6815,33/5895,29875,"Neural Autopoiesis - Organizing Self-Boundary by Stimulus Avoidance in Biological and Artificial Neural Networks."
05/6815,04/5508,29875,"Neural Autopoiesis - Organizing Self-Boundary by Stimulus Avoidance in Biological and Artificial Neural Networks."
59/10272,33/5895,29875,"Neural Autopoiesis - Organizing Self-Boundary by Stimulus Avoidance in Biological and Artificial Neural Networks."
59/10272,04/5508,29875,"Neural Autopoiesis - Organizing Self-Boundary by Stimulus Avoidance in Biological and Artificial Neural Networks."
33/5895,04/5508,29875,"Neural Autopoiesis - Organizing Self-Boundary by Stimulus Avoidance in Biological and Artificial Neural Networks."
203/8343,204/4379,30699,"Neural MMO v1.3 - A Massively Multiagent Game Environment for Training and Evaluating Neural Networks."
203/8343,21/17,30699,"Neural MMO v1.3 - A Massively Multiagent Game Environment for Training and Evaluating Neural Networks."
203/8343,36/9988,30699,"Neural MMO v1.3 - A Massively Multiagent Game Environment for Training and Evaluating Neural Networks."
204/4379,21/17,30699,"Neural MMO v1.3 - A Massively Multiagent Game Environment for Training and Evaluating Neural Networks."
204/4379,36/9988,30699,"Neural MMO v1.3 - A Massively Multiagent Game Environment for Training and Evaluating Neural Networks."
21/17,36/9988,30699,"Neural MMO v1.3 - A Massively Multiagent Game Environment for Training and Evaluating Neural Networks."
190/7243,258/0770,30947,"Exponential discretization of weights of neural network connections in pre-trained neural networks."
190/7243,258/0639,30947,"Exponential discretization of weights of neural network connections in pre-trained neural networks."
190/7243,190/7206,30947,"Exponential discretization of weights of neural network connections in pre-trained neural networks."
258/0770,258/0639,30947,"Exponential discretization of weights of neural network connections in pre-trained neural networks."
258/0770,190/7206,30947,"Exponential discretization of weights of neural network connections in pre-trained neural networks."
258/0639,190/7206,30947,"Exponential discretization of weights of neural network connections in pre-trained neural networks."
206/6423,258/3359,32456,"Neural Rule Ensembles - Encoding Sparse Feature Interactions into Neural Networks."
206/6423,155/0711,32456,"Neural Rule Ensembles - Encoding Sparse Feature Interactions into Neural Networks."
206/6423,59/3600,32456,"Neural Rule Ensembles - Encoding Sparse Feature Interactions into Neural Networks."
258/3359,155/0711,32456,"Neural Rule Ensembles - Encoding Sparse Feature Interactions into Neural Networks."
258/3359,59/3600,32456,"Neural Rule Ensembles - Encoding Sparse Feature Interactions into Neural Networks."
155/0711,59/3600,32456,"Neural Rule Ensembles - Encoding Sparse Feature Interactions into Neural Networks."
230/6682,211/0744,38642,"Prospects of Electrooculography in Human-Computer Interface Based Neural Rehabilitation for Neural Repair Patients."
230/6682,16/945,38642,"Prospects of Electrooculography in Human-Computer Interface Based Neural Rehabilitation for Neural Repair Patients."
230/6682,228/4359,38642,"Prospects of Electrooculography in Human-Computer Interface Based Neural Rehabilitation for Neural Repair Patients."
230/6682,232/5127,38642,"Prospects of Electrooculography in Human-Computer Interface Based Neural Rehabilitation for Neural Repair Patients."
211/0744,16/945,38642,"Prospects of Electrooculography in Human-Computer Interface Based Neural Rehabilitation for Neural Repair Patients."
211/0744,228/4359,38642,"Prospects of Electrooculography in Human-Computer Interface Based Neural Rehabilitation for Neural Repair Patients."
211/0744,232/5127,38642,"Prospects of Electrooculography in Human-Computer Interface Based Neural Rehabilitation for Neural Repair Patients."
16/945,228/4359,38642,"Prospects of Electrooculography in Human-Computer Interface Based Neural Rehabilitation for Neural Repair Patients."
16/945,232/5127,38642,"Prospects of Electrooculography in Human-Computer Interface Based Neural Rehabilitation for Neural Repair Patients."
228/4359,232/5127,38642,"Prospects of Electrooculography in Human-Computer Interface Based Neural Rehabilitation for Neural Repair Patients."
52/5264,97/164,49850,"NeuralTaint - A Key Segment Marking Tool Based on Neural Network."
52/5264,242/7076,49850,"NeuralTaint - A Key Segment Marking Tool Based on Neural Network."
52/5264,33/2568,49850,"NeuralTaint - A Key Segment Marking Tool Based on Neural Network."
52/5264,57/1674,49850,"NeuralTaint - A Key Segment Marking Tool Based on Neural Network."
97/164,242/7076,49850,"NeuralTaint - A Key Segment Marking Tool Based on Neural Network."
97/164,33/2568,49850,"NeuralTaint - A Key Segment Marking Tool Based on Neural Network."
97/164,57/1674,49850,"NeuralTaint - A Key Segment Marking Tool Based on Neural Network."
242/7076,33/2568,49850,"NeuralTaint - A Key Segment Marking Tool Based on Neural Network."
242/7076,57/1674,49850,"NeuralTaint - A Key Segment Marking Tool Based on Neural Network."
33/2568,57/1674,49850,"NeuralTaint - A Key Segment Marking Tool Based on Neural Network."
244/5681,72/5469,55257,"Bidirectional LSTM Malicious webpages detection algorithm based on convolutional neural network and independent recurrent neural network."
244/5681,21/7845,55257,"Bidirectional LSTM Malicious webpages detection algorithm based on convolutional neural network and independent recurrent neural network."
244/5681,244/5739,55257,"Bidirectional LSTM Malicious webpages detection algorithm based on convolutional neural network and independent recurrent neural network."
244/5681,244/5665,55257,"Bidirectional LSTM Malicious webpages detection algorithm based on convolutional neural network and independent recurrent neural network."
72/5469,21/7845,55257,"Bidirectional LSTM Malicious webpages detection algorithm based on convolutional neural network and independent recurrent neural network."
72/5469,244/5739,55257,"Bidirectional LSTM Malicious webpages detection algorithm based on convolutional neural network and independent recurrent neural network."
72/5469,244/5665,55257,"Bidirectional LSTM Malicious webpages detection algorithm based on convolutional neural network and independent recurrent neural network."
21/7845,244/5739,55257,"Bidirectional LSTM Malicious webpages detection algorithm based on convolutional neural network and independent recurrent neural network."
21/7845,244/5665,55257,"Bidirectional LSTM Malicious webpages detection algorithm based on convolutional neural network and independent recurrent neural network."
244/5739,244/5665,55257,"Bidirectional LSTM Malicious webpages detection algorithm based on convolutional neural network and independent recurrent neural network."
66/8467,92/4467,56118,"Comparative effectiveness of convolutional neural network (CNN) and recurrent neural network (RNN) architectures for radiology text report classification."
66/8467,215/5743,56118,"Comparative effectiveness of convolutional neural network (CNN) and recurrent neural network (RNN) architectures for radiology text report classification."
66/8467,92/5132,56118,"Comparative effectiveness of convolutional neural network (CNN) and recurrent neural network (RNN) architectures for radiology text report classification."
66/8467,12/1751,56118,"Comparative effectiveness of convolutional neural network (CNN) and recurrent neural network (RNN) architectures for radiology text report classification."
66/8467,243/9977,56118,"Comparative effectiveness of convolutional neural network (CNN) and recurrent neural network (RNN) architectures for radiology text report classification."
66/8467,04/1530,56118,"Comparative effectiveness of convolutional neural network (CNN) and recurrent neural network (RNN) architectures for radiology text report classification."
66/8467,244/0306,56118,"Comparative effectiveness of convolutional neural network (CNN) and recurrent neural network (RNN) architectures for radiology text report classification."
66/8467,191/4960,56118,"Comparative effectiveness of convolutional neural network (CNN) and recurrent neural network (RNN) architectures for radiology text report classification."
66/8467,35/5410,56118,"Comparative effectiveness of convolutional neural network (CNN) and recurrent neural network (RNN) architectures for radiology text report classification."
66/8467,119/3097,56118,"Comparative effectiveness of convolutional neural network (CNN) and recurrent neural network (RNN) architectures for radiology text report classification."
66/8467,209/9732,56118,"Comparative effectiveness of convolutional neural network (CNN) and recurrent neural network (RNN) architectures for radiology text report classification."
92/4467,215/5743,56118,"Comparative effectiveness of convolutional neural network (CNN) and recurrent neural network (RNN) architectures for radiology text report classification."
92/4467,92/5132,56118,"Comparative effectiveness of convolutional neural network (CNN) and recurrent neural network (RNN) architectures for radiology text report classification."
92/4467,12/1751,56118,"Comparative effectiveness of convolutional neural network (CNN) and recurrent neural network (RNN) architectures for radiology text report classification."
92/4467,243/9977,56118,"Comparative effectiveness of convolutional neural network (CNN) and recurrent neural network (RNN) architectures for radiology text report classification."
92/4467,04/1530,56118,"Comparative effectiveness of convolutional neural network (CNN) and recurrent neural network (RNN) architectures for radiology text report classification."
92/4467,244/0306,56118,"Comparative effectiveness of convolutional neural network (CNN) and recurrent neural network (RNN) architectures for radiology text report classification."
92/4467,191/4960,56118,"Comparative effectiveness of convolutional neural network (CNN) and recurrent neural network (RNN) architectures for radiology text report classification."
92/4467,35/5410,56118,"Comparative effectiveness of convolutional neural network (CNN) and recurrent neural network (RNN) architectures for radiology text report classification."
92/4467,119/3097,56118,"Comparative effectiveness of convolutional neural network (CNN) and recurrent neural network (RNN) architectures for radiology text report classification."
92/4467,209/9732,56118,"Comparative effectiveness of convolutional neural network (CNN) and recurrent neural network (RNN) architectures for radiology text report classification."
215/5743,92/5132,56118,"Comparative effectiveness of convolutional neural network (CNN) and recurrent neural network (RNN) architectures for radiology text report classification."
215/5743,12/1751,56118,"Comparative effectiveness of convolutional neural network (CNN) and recurrent neural network (RNN) architectures for radiology text report classification."
215/5743,243/9977,56118,"Comparative effectiveness of convolutional neural network (CNN) and recurrent neural network (RNN) architectures for radiology text report classification."
215/5743,04/1530,56118,"Comparative effectiveness of convolutional neural network (CNN) and recurrent neural network (RNN) architectures for radiology text report classification."
215/5743,244/0306,56118,"Comparative effectiveness of convolutional neural network (CNN) and recurrent neural network (RNN) architectures for radiology text report classification."
215/5743,191/4960,56118,"Comparative effectiveness of convolutional neural network (CNN) and recurrent neural network (RNN) architectures for radiology text report classification."
215/5743,35/5410,56118,"Comparative effectiveness of convolutional neural network (CNN) and recurrent neural network (RNN) architectures for radiology text report classification."
215/5743,119/3097,56118,"Comparative effectiveness of convolutional neural network (CNN) and recurrent neural network (RNN) architectures for radiology text report classification."
215/5743,209/9732,56118,"Comparative effectiveness of convolutional neural network (CNN) and recurrent neural network (RNN) architectures for radiology text report classification."
92/5132,12/1751,56118,"Comparative effectiveness of convolutional neural network (CNN) and recurrent neural network (RNN) architectures for radiology text report classification."
92/5132,243/9977,56118,"Comparative effectiveness of convolutional neural network (CNN) and recurrent neural network (RNN) architectures for radiology text report classification."
92/5132,04/1530,56118,"Comparative effectiveness of convolutional neural network (CNN) and recurrent neural network (RNN) architectures for radiology text report classification."
92/5132,244/0306,56118,"Comparative effectiveness of convolutional neural network (CNN) and recurrent neural network (RNN) architectures for radiology text report classification."
92/5132,191/4960,56118,"Comparative effectiveness of convolutional neural network (CNN) and recurrent neural network (RNN) architectures for radiology text report classification."
92/5132,35/5410,56118,"Comparative effectiveness of convolutional neural network (CNN) and recurrent neural network (RNN) architectures for radiology text report classification."
92/5132,119/3097,56118,"Comparative effectiveness of convolutional neural network (CNN) and recurrent neural network (RNN) architectures for radiology text report classification."
92/5132,209/9732,56118,"Comparative effectiveness of convolutional neural network (CNN) and recurrent neural network (RNN) architectures for radiology text report classification."
12/1751,243/9977,56118,"Comparative effectiveness of convolutional neural network (CNN) and recurrent neural network (RNN) architectures for radiology text report classification."
12/1751,04/1530,56118,"Comparative effectiveness of convolutional neural network (CNN) and recurrent neural network (RNN) architectures for radiology text report classification."
12/1751,244/0306,56118,"Comparative effectiveness of convolutional neural network (CNN) and recurrent neural network (RNN) architectures for radiology text report classification."
12/1751,191/4960,56118,"Comparative effectiveness of convolutional neural network (CNN) and recurrent neural network (RNN) architectures for radiology text report classification."
12/1751,35/5410,56118,"Comparative effectiveness of convolutional neural network (CNN) and recurrent neural network (RNN) architectures for radiology text report classification."
12/1751,119/3097,56118,"Comparative effectiveness of convolutional neural network (CNN) and recurrent neural network (RNN) architectures for radiology text report classification."
12/1751,209/9732,56118,"Comparative effectiveness of convolutional neural network (CNN) and recurrent neural network (RNN) architectures for radiology text report classification."
243/9977,04/1530,56118,"Comparative effectiveness of convolutional neural network (CNN) and recurrent neural network (RNN) architectures for radiology text report classification."
243/9977,244/0306,56118,"Comparative effectiveness of convolutional neural network (CNN) and recurrent neural network (RNN) architectures for radiology text report classification."
243/9977,191/4960,56118,"Comparative effectiveness of convolutional neural network (CNN) and recurrent neural network (RNN) architectures for radiology text report classification."
243/9977,35/5410,56118,"Comparative effectiveness of convolutional neural network (CNN) and recurrent neural network (RNN) architectures for radiology text report classification."
243/9977,119/3097,56118,"Comparative effectiveness of convolutional neural network (CNN) and recurrent neural network (RNN) architectures for radiology text report classification."
243/9977,209/9732,56118,"Comparative effectiveness of convolutional neural network (CNN) and recurrent neural network (RNN) architectures for radiology text report classification."
04/1530,244/0306,56118,"Comparative effectiveness of convolutional neural network (CNN) and recurrent neural network (RNN) architectures for radiology text report classification."
04/1530,191/4960,56118,"Comparative effectiveness of convolutional neural network (CNN) and recurrent neural network (RNN) architectures for radiology text report classification."
04/1530,35/5410,56118,"Comparative effectiveness of convolutional neural network (CNN) and recurrent neural network (RNN) architectures for radiology text report classification."
04/1530,119/3097,56118,"Comparative effectiveness of convolutional neural network (CNN) and recurrent neural network (RNN) architectures for radiology text report classification."
04/1530,209/9732,56118,"Comparative effectiveness of convolutional neural network (CNN) and recurrent neural network (RNN) architectures for radiology text report classification."
244/0306,191/4960,56118,"Comparative effectiveness of convolutional neural network (CNN) and recurrent neural network (RNN) architectures for radiology text report classification."
244/0306,35/5410,56118,"Comparative effectiveness of convolutional neural network (CNN) and recurrent neural network (RNN) architectures for radiology text report classification."
244/0306,119/3097,56118,"Comparative effectiveness of convolutional neural network (CNN) and recurrent neural network (RNN) architectures for radiology text report classification."
244/0306,209/9732,56118,"Comparative effectiveness of convolutional neural network (CNN) and recurrent neural network (RNN) architectures for radiology text report classification."
191/4960,35/5410,56118,"Comparative effectiveness of convolutional neural network (CNN) and recurrent neural network (RNN) architectures for radiology text report classification."
191/4960,119/3097,56118,"Comparative effectiveness of convolutional neural network (CNN) and recurrent neural network (RNN) architectures for radiology text report classification."
191/4960,209/9732,56118,"Comparative effectiveness of convolutional neural network (CNN) and recurrent neural network (RNN) architectures for radiology text report classification."
35/5410,119/3097,56118,"Comparative effectiveness of convolutional neural network (CNN) and recurrent neural network (RNN) architectures for radiology text report classification."
35/5410,209/9732,56118,"Comparative effectiveness of convolutional neural network (CNN) and recurrent neural network (RNN) architectures for radiology text report classification."
119/3097,209/9732,56118,"Comparative effectiveness of convolutional neural network (CNN) and recurrent neural network (RNN) architectures for radiology text report classification."
90/5364,44/2569,58483,"Genetic Neural Networks - an artificial neural network architecture for capturing gene expression relationships."
67/10405,147/5138,76109,"Neural-Brane - Neural Bayesian Personalized Ranking for Attributed Network Embedding."
67/10405,39/8969,76109,"Neural-Brane - Neural Bayesian Personalized Ranking for Attributed Network Embedding."
67/10405,87/5931,76109,"Neural-Brane - Neural Bayesian Personalized Ranking for Attributed Network Embedding."
147/5138,39/8969,76109,"Neural-Brane - Neural Bayesian Personalized Ranking for Attributed Network Embedding."
147/5138,87/5931,76109,"Neural-Brane - Neural Bayesian Personalized Ranking for Attributed Network Embedding."
39/8969,87/5931,76109,"Neural-Brane - Neural Bayesian Personalized Ranking for Attributed Network Embedding."
247/0537,247/0498,87343,"Automated AJCC (7th edition) staging of non-small cell lung cancer (NSCLC) using deep convolutional neural network (CNN) and recurrent neural network (RNN)."
218/5800,124/7065,87757,"Co-design of deep neural nets and neural net accelerators for embedded vision applications."
218/5800,150/6303,87757,"Co-design of deep neural nets and neural net accelerators for embedded vision applications."
218/5800,130/1371,87757,"Co-design of deep neural nets and neural net accelerators for embedded vision applications."
218/5800,a/KrsteAsanovic,87757,"Co-design of deep neural nets and neural net accelerators for embedded vision applications."
218/5800,k/KurtKeutzer,87757,"Co-design of deep neural nets and neural net accelerators for embedded vision applications."
124/7065,150/6303,87757,"Co-design of deep neural nets and neural net accelerators for embedded vision applications."
124/7065,130/1371,87757,"Co-design of deep neural nets and neural net accelerators for embedded vision applications."
124/7065,a/KrsteAsanovic,87757,"Co-design of deep neural nets and neural net accelerators for embedded vision applications."
124/7065,k/KurtKeutzer,87757,"Co-design of deep neural nets and neural net accelerators for embedded vision applications."
150/6303,130/1371,87757,"Co-design of deep neural nets and neural net accelerators for embedded vision applications."
150/6303,a/KrsteAsanovic,87757,"Co-design of deep neural nets and neural net accelerators for embedded vision applications."
150/6303,k/KurtKeutzer,87757,"Co-design of deep neural nets and neural net accelerators for embedded vision applications."
130/1371,a/KrsteAsanovic,87757,"Co-design of deep neural nets and neural net accelerators for embedded vision applications."
130/1371,k/KurtKeutzer,87757,"Co-design of deep neural nets and neural net accelerators for embedded vision applications."
a/KrsteAsanovic,k/KurtKeutzer,87757,"Co-design of deep neural nets and neural net accelerators for embedded vision applications."
222/3846,68/10234,98822,"Neonatal Seizure Detection Using Deep Convolutional Neural Networks."
222/3846,167/1537,98822,"Neonatal Seizure Detection Using Deep Convolutional Neural Networks."
222/3846,05/5824,98822,"Neonatal Seizure Detection Using Deep Convolutional Neural Networks."
222/3846,92/46,98822,"Neonatal Seizure Detection Using Deep Convolutional Neural Networks."
222/3846,60/5071,98822,"Neonatal Seizure Detection Using Deep Convolutional Neural Networks."
68/10234,167/1537,98822,"Neonatal Seizure Detection Using Deep Convolutional Neural Networks."
68/10234,05/5824,98822,"Neonatal Seizure Detection Using Deep Convolutional Neural Networks."
68/10234,92/46,98822,"Neonatal Seizure Detection Using Deep Convolutional Neural Networks."
68/10234,60/5071,98822,"Neonatal Seizure Detection Using Deep Convolutional Neural Networks."
167/1537,05/5824,98822,"Neonatal Seizure Detection Using Deep Convolutional Neural Networks."
167/1537,92/46,98822,"Neonatal Seizure Detection Using Deep Convolutional Neural Networks."
167/1537,60/5071,98822,"Neonatal Seizure Detection Using Deep Convolutional Neural Networks."
05/5824,92/46,98822,"Neonatal Seizure Detection Using Deep Convolutional Neural Networks."
05/5824,60/5071,98822,"Neonatal Seizure Detection Using Deep Convolutional Neural Networks."
92/46,60/5071,98822,"Neonatal Seizure Detection Using Deep Convolutional Neural Networks."
171/9515,115/8025,98824,"An Attention-Based Spiking Neural Network for Unsupervised Spike-Sorting."
98/5833,19/6008,98827,"A Computational Model for the Neural Representation and Estimation of the Binocular Vector Disparity from Convergent Stereo Image Pairs."
200/9438,222/1813,98836,"Compact Hardware Synthesis of Stochastic Spiking Neural Networks."
200/9438,41/3430,98836,"Compact Hardware Synthesis of Stochastic Spiking Neural Networks."
200/9438,52/3501,98836,"Compact Hardware Synthesis of Stochastic Spiking Neural Networks."
200/9438,169/0776,98836,"Compact Hardware Synthesis of Stochastic Spiking Neural Networks."
222/1813,41/3430,98836,"Compact Hardware Synthesis of Stochastic Spiking Neural Networks."
222/1813,52/3501,98836,"Compact Hardware Synthesis of Stochastic Spiking Neural Networks."
222/1813,169/0776,98836,"Compact Hardware Synthesis of Stochastic Spiking Neural Networks."
41/3430,52/3501,98836,"Compact Hardware Synthesis of Stochastic Spiking Neural Networks."
41/3430,169/0776,98836,"Compact Hardware Synthesis of Stochastic Spiking Neural Networks."
52/3501,169/0776,98836,"Compact Hardware Synthesis of Stochastic Spiking Neural Networks."
219/2318,56/4329,98841,"Proprioceptive Recognition with Artificial Neural Networks Based on Organizations of Spinocerebellar Tract and Cerebellum."
169/6738,235/9702,98855,"Scaled Subprofile Modeling and Convolutional Neural Networks for the Identification of Parkinson's Disease in 3D Nuclear Imaging Data."
169/6738,161/7336,98855,"Scaled Subprofile Modeling and Convolutional Neural Networks for the Identification of Parkinson's Disease in 3D Nuclear Imaging Data."
169/6738,116/2558,98855,"Scaled Subprofile Modeling and Convolutional Neural Networks for the Identification of Parkinson's Disease in 3D Nuclear Imaging Data."
169/6738,03/765,98855,"Scaled Subprofile Modeling and Convolutional Neural Networks for the Identification of Parkinson's Disease in 3D Nuclear Imaging Data."
169/6738,193/8628,98855,"Scaled Subprofile Modeling and Convolutional Neural Networks for the Identification of Parkinson's Disease in 3D Nuclear Imaging Data."
169/6738,63/10751,98855,"Scaled Subprofile Modeling and Convolutional Neural Networks for the Identification of Parkinson's Disease in 3D Nuclear Imaging Data."
169/6738,116/8841,98855,"Scaled Subprofile Modeling and Convolutional Neural Networks for the Identification of Parkinson's Disease in 3D Nuclear Imaging Data."
169/6738,116/9068,98855,"Scaled Subprofile Modeling and Convolutional Neural Networks for the Identification of Parkinson's Disease in 3D Nuclear Imaging Data."
169/6738,193/8618,98855,"Scaled Subprofile Modeling and Convolutional Neural Networks for the Identification of Parkinson's Disease in 3D Nuclear Imaging Data."
169/6738,54/6121,98855,"Scaled Subprofile Modeling and Convolutional Neural Networks for the Identification of Parkinson's Disease in 3D Nuclear Imaging Data."
235/9702,161/7336,98855,"Scaled Subprofile Modeling and Convolutional Neural Networks for the Identification of Parkinson's Disease in 3D Nuclear Imaging Data."
235/9702,116/2558,98855,"Scaled Subprofile Modeling and Convolutional Neural Networks for the Identification of Parkinson's Disease in 3D Nuclear Imaging Data."
235/9702,03/765,98855,"Scaled Subprofile Modeling and Convolutional Neural Networks for the Identification of Parkinson's Disease in 3D Nuclear Imaging Data."
235/9702,193/8628,98855,"Scaled Subprofile Modeling and Convolutional Neural Networks for the Identification of Parkinson's Disease in 3D Nuclear Imaging Data."
235/9702,63/10751,98855,"Scaled Subprofile Modeling and Convolutional Neural Networks for the Identification of Parkinson's Disease in 3D Nuclear Imaging Data."
235/9702,116/8841,98855,"Scaled Subprofile Modeling and Convolutional Neural Networks for the Identification of Parkinson's Disease in 3D Nuclear Imaging Data."
235/9702,116/9068,98855,"Scaled Subprofile Modeling and Convolutional Neural Networks for the Identification of Parkinson's Disease in 3D Nuclear Imaging Data."
235/9702,193/8618,98855,"Scaled Subprofile Modeling and Convolutional Neural Networks for the Identification of Parkinson's Disease in 3D Nuclear Imaging Data."
235/9702,54/6121,98855,"Scaled Subprofile Modeling and Convolutional Neural Networks for the Identification of Parkinson's Disease in 3D Nuclear Imaging Data."
161/7336,116/2558,98855,"Scaled Subprofile Modeling and Convolutional Neural Networks for the Identification of Parkinson's Disease in 3D Nuclear Imaging Data."
161/7336,03/765,98855,"Scaled Subprofile Modeling and Convolutional Neural Networks for the Identification of Parkinson's Disease in 3D Nuclear Imaging Data."
161/7336,193/8628,98855,"Scaled Subprofile Modeling and Convolutional Neural Networks for the Identification of Parkinson's Disease in 3D Nuclear Imaging Data."
161/7336,63/10751,98855,"Scaled Subprofile Modeling and Convolutional Neural Networks for the Identification of Parkinson's Disease in 3D Nuclear Imaging Data."
161/7336,116/8841,98855,"Scaled Subprofile Modeling and Convolutional Neural Networks for the Identification of Parkinson's Disease in 3D Nuclear Imaging Data."
161/7336,116/9068,98855,"Scaled Subprofile Modeling and Convolutional Neural Networks for the Identification of Parkinson's Disease in 3D Nuclear Imaging Data."
161/7336,193/8618,98855,"Scaled Subprofile Modeling and Convolutional Neural Networks for the Identification of Parkinson's Disease in 3D Nuclear Imaging Data."
161/7336,54/6121,98855,"Scaled Subprofile Modeling and Convolutional Neural Networks for the Identification of Parkinson's Disease in 3D Nuclear Imaging Data."
116/2558,03/765,98855,"Scaled Subprofile Modeling and Convolutional Neural Networks for the Identification of Parkinson's Disease in 3D Nuclear Imaging Data."
116/2558,193/8628,98855,"Scaled Subprofile Modeling and Convolutional Neural Networks for the Identification of Parkinson's Disease in 3D Nuclear Imaging Data."
116/2558,63/10751,98855,"Scaled Subprofile Modeling and Convolutional Neural Networks for the Identification of Parkinson's Disease in 3D Nuclear Imaging Data."
116/2558,116/8841,98855,"Scaled Subprofile Modeling and Convolutional Neural Networks for the Identification of Parkinson's Disease in 3D Nuclear Imaging Data."
116/2558,116/9068,98855,"Scaled Subprofile Modeling and Convolutional Neural Networks for the Identification of Parkinson's Disease in 3D Nuclear Imaging Data."
116/2558,193/8618,98855,"Scaled Subprofile Modeling and Convolutional Neural Networks for the Identification of Parkinson's Disease in 3D Nuclear Imaging Data."
116/2558,54/6121,98855,"Scaled Subprofile Modeling and Convolutional Neural Networks for the Identification of Parkinson's Disease in 3D Nuclear Imaging Data."
03/765,193/8628,98855,"Scaled Subprofile Modeling and Convolutional Neural Networks for the Identification of Parkinson's Disease in 3D Nuclear Imaging Data."
03/765,63/10751,98855,"Scaled Subprofile Modeling and Convolutional Neural Networks for the Identification of Parkinson's Disease in 3D Nuclear Imaging Data."
03/765,116/8841,98855,"Scaled Subprofile Modeling and Convolutional Neural Networks for the Identification of Parkinson's Disease in 3D Nuclear Imaging Data."
03/765,116/9068,98855,"Scaled Subprofile Modeling and Convolutional Neural Networks for the Identification of Parkinson's Disease in 3D Nuclear Imaging Data."
03/765,193/8618,98855,"Scaled Subprofile Modeling and Convolutional Neural Networks for the Identification of Parkinson's Disease in 3D Nuclear Imaging Data."
03/765,54/6121,98855,"Scaled Subprofile Modeling and Convolutional Neural Networks for the Identification of Parkinson's Disease in 3D Nuclear Imaging Data."
193/8628,63/10751,98855,"Scaled Subprofile Modeling and Convolutional Neural Networks for the Identification of Parkinson's Disease in 3D Nuclear Imaging Data."
193/8628,116/8841,98855,"Scaled Subprofile Modeling and Convolutional Neural Networks for the Identification of Parkinson's Disease in 3D Nuclear Imaging Data."
193/8628,116/9068,98855,"Scaled Subprofile Modeling and Convolutional Neural Networks for the Identification of Parkinson's Disease in 3D Nuclear Imaging Data."
193/8628,193/8618,98855,"Scaled Subprofile Modeling and Convolutional Neural Networks for the Identification of Parkinson's Disease in 3D Nuclear Imaging Data."
193/8628,54/6121,98855,"Scaled Subprofile Modeling and Convolutional Neural Networks for the Identification of Parkinson's Disease in 3D Nuclear Imaging Data."
63/10751,116/8841,98855,"Scaled Subprofile Modeling and Convolutional Neural Networks for the Identification of Parkinson's Disease in 3D Nuclear Imaging Data."
63/10751,116/9068,98855,"Scaled Subprofile Modeling and Convolutional Neural Networks for the Identification of Parkinson's Disease in 3D Nuclear Imaging Data."
63/10751,193/8618,98855,"Scaled Subprofile Modeling and Convolutional Neural Networks for the Identification of Parkinson's Disease in 3D Nuclear Imaging Data."
63/10751,54/6121,98855,"Scaled Subprofile Modeling and Convolutional Neural Networks for the Identification of Parkinson's Disease in 3D Nuclear Imaging Data."
116/8841,116/9068,98855,"Scaled Subprofile Modeling and Convolutional Neural Networks for the Identification of Parkinson's Disease in 3D Nuclear Imaging Data."
116/8841,193/8618,98855,"Scaled Subprofile Modeling and Convolutional Neural Networks for the Identification of Parkinson's Disease in 3D Nuclear Imaging Data."
116/8841,54/6121,98855,"Scaled Subprofile Modeling and Convolutional Neural Networks for the Identification of Parkinson's Disease in 3D Nuclear Imaging Data."
116/9068,193/8618,98855,"Scaled Subprofile Modeling and Convolutional Neural Networks for the Identification of Parkinson's Disease in 3D Nuclear Imaging Data."
116/9068,54/6121,98855,"Scaled Subprofile Modeling and Convolutional Neural Networks for the Identification of Parkinson's Disease in 3D Nuclear Imaging Data."
193/8618,54/6121,98855,"Scaled Subprofile Modeling and Convolutional Neural Networks for the Identification of Parkinson's Disease in 3D Nuclear Imaging Data."
80/36,14/4769,98862,"Lyapunov Theory-Based Fusion Neural Networks for the Identification of Dynamic Nonlinear Systems."
153/7352,04/4317,98863,"How Far can Neural Correlations Reduce Uncertainty? Comparison of Information Transmission Rates for Markov and Bernoulli Processes."
153/7352,01/3572,98863,"How Far can Neural Correlations Reduce Uncertainty? Comparison of Information Transmission Rates for Markov and Bernoulli Processes."
04/4317,01/3572,98863,"How Far can Neural Correlations Reduce Uncertainty? Comparison of Information Transmission Rates for Markov and Bernoulli Processes."
15/6841,15/6841,99484,"Neural self-compressor - Collective interpretation by compressing multi-layered neural networks into non-layered networks."
78/5418,88/2576,99493,"Exploiting deep convolutional neural networks for a neural-based learning classifier system."
91/10065,91/7408,99749,"Advances in artificial neural networks, machine learning and computational intelligence - Selected papers from the 26th European Symposium on Artificial Neural Networks, Computational Intelligence and Machine Learning (ESANN 2018)."
91/10065,s/FrankMichaelSchleif,99749,"Advances in artificial neural networks, machine learning and computational intelligence - Selected papers from the 26th European Symposium on Artificial Neural Networks, Computational Intelligence and Machine Learning (ESANN 2018)."
91/7408,s/FrankMichaelSchleif,99749,"Advances in artificial neural networks, machine learning and computational intelligence - Selected papers from the 26th European Symposium on Artificial Neural Networks, Computational Intelligence and Machine Learning (ESANN 2018)."
64/1967-15,244/4567,100435,"Research on Neural Information Coding of Spiking Neural Network Based on Synaptic Plasticity Under AC Electric Field Stimulation."
64/1967-15,244/4606,100435,"Research on Neural Information Coding of Spiking Neural Network Based on Synaptic Plasticity Under AC Electric Field Stimulation."
64/1967-15,81/887,100435,"Research on Neural Information Coding of Spiking Neural Network Based on Synaptic Plasticity Under AC Electric Field Stimulation."
244/4567,244/4606,100435,"Research on Neural Information Coding of Spiking Neural Network Based on Synaptic Plasticity Under AC Electric Field Stimulation."
244/4567,81/887,100435,"Research on Neural Information Coding of Spiking Neural Network Based on Synaptic Plasticity Under AC Electric Field Stimulation."
244/4606,81/887,100435,"Research on Neural Information Coding of Spiking Neural Network Based on Synaptic Plasticity Under AC Electric Field Stimulation."
83/5342,25/3718,103340,"Adverse Drug Event Detection Using a Weakly Supervised Convolutional Neural Network and Recurrent Neural Network Model."
224/1330,160/5390,122342,"A High DR, DC-Coupled, Time-Based Neural-Recording IC With Degeneration R-DAC for Bidirectional Neural Interface."
224/1330,224/1461,122342,"A High DR, DC-Coupled, Time-Based Neural-Recording IC With Degeneration R-DAC for Bidirectional Neural Interface."
224/1330,10/728,122342,"A High DR, DC-Coupled, Time-Based Neural-Recording IC With Degeneration R-DAC for Bidirectional Neural Interface."
224/1330,53/3101,122342,"A High DR, DC-Coupled, Time-Based Neural-Recording IC With Degeneration R-DAC for Bidirectional Neural Interface."
160/5390,224/1461,122342,"A High DR, DC-Coupled, Time-Based Neural-Recording IC With Degeneration R-DAC for Bidirectional Neural Interface."
160/5390,10/728,122342,"A High DR, DC-Coupled, Time-Based Neural-Recording IC With Degeneration R-DAC for Bidirectional Neural Interface."
160/5390,53/3101,122342,"A High DR, DC-Coupled, Time-Based Neural-Recording IC With Degeneration R-DAC for Bidirectional Neural Interface."
224/1461,10/728,122342,"A High DR, DC-Coupled, Time-Based Neural-Recording IC With Degeneration R-DAC for Bidirectional Neural Interface."
224/1461,53/3101,122342,"A High DR, DC-Coupled, Time-Based Neural-Recording IC With Degeneration R-DAC for Bidirectional Neural Interface."
10/728,53/3101,122342,"A High DR, DC-Coupled, Time-Based Neural-Recording IC With Degeneration R-DAC for Bidirectional Neural Interface."
220/3468,27/5665,126622,"Neural Cache - Bit-Serial In-Cache Acceleration of Deep Neural Networks."
220/3468,63/1643,126622,"Neural Cache - Bit-Serial In-Cache Acceleration of Deep Neural Networks."
220/3468,168/1018,126622,"Neural Cache - Bit-Serial In-Cache Acceleration of Deep Neural Networks."
220/3468,83/6040,126622,"Neural Cache - Bit-Serial In-Cache Acceleration of Deep Neural Networks."
220/3468,b/DBlaauw,126622,"Neural Cache - Bit-Serial In-Cache Acceleration of Deep Neural Networks."
220/3468,41/1231,126622,"Neural Cache - Bit-Serial In-Cache Acceleration of Deep Neural Networks."
220/3468,i/RaviRIyer,126622,"Neural Cache - Bit-Serial In-Cache Acceleration of Deep Neural Networks."
27/5665,63/1643,126622,"Neural Cache - Bit-Serial In-Cache Acceleration of Deep Neural Networks."
27/5665,168/1018,126622,"Neural Cache - Bit-Serial In-Cache Acceleration of Deep Neural Networks."
27/5665,83/6040,126622,"Neural Cache - Bit-Serial In-Cache Acceleration of Deep Neural Networks."
27/5665,b/DBlaauw,126622,"Neural Cache - Bit-Serial In-Cache Acceleration of Deep Neural Networks."
27/5665,41/1231,126622,"Neural Cache - Bit-Serial In-Cache Acceleration of Deep Neural Networks."
27/5665,i/RaviRIyer,126622,"Neural Cache - Bit-Serial In-Cache Acceleration of Deep Neural Networks."
63/1643,168/1018,126622,"Neural Cache - Bit-Serial In-Cache Acceleration of Deep Neural Networks."
63/1643,83/6040,126622,"Neural Cache - Bit-Serial In-Cache Acceleration of Deep Neural Networks."
63/1643,b/DBlaauw,126622,"Neural Cache - Bit-Serial In-Cache Acceleration of Deep Neural Networks."
63/1643,41/1231,126622,"Neural Cache - Bit-Serial In-Cache Acceleration of Deep Neural Networks."
63/1643,i/RaviRIyer,126622,"Neural Cache - Bit-Serial In-Cache Acceleration of Deep Neural Networks."
168/1018,83/6040,126622,"Neural Cache - Bit-Serial In-Cache Acceleration of Deep Neural Networks."
168/1018,b/DBlaauw,126622,"Neural Cache - Bit-Serial In-Cache Acceleration of Deep Neural Networks."
168/1018,41/1231,126622,"Neural Cache - Bit-Serial In-Cache Acceleration of Deep Neural Networks."
168/1018,i/RaviRIyer,126622,"Neural Cache - Bit-Serial In-Cache Acceleration of Deep Neural Networks."
83/6040,b/DBlaauw,126622,"Neural Cache - Bit-Serial In-Cache Acceleration of Deep Neural Networks."
83/6040,41/1231,126622,"Neural Cache - Bit-Serial In-Cache Acceleration of Deep Neural Networks."
83/6040,i/RaviRIyer,126622,"Neural Cache - Bit-Serial In-Cache Acceleration of Deep Neural Networks."
b/DBlaauw,41/1231,126622,"Neural Cache - Bit-Serial In-Cache Acceleration of Deep Neural Networks."
b/DBlaauw,i/RaviRIyer,126622,"Neural Cache - Bit-Serial In-Cache Acceleration of Deep Neural Networks."
41/1231,i/RaviRIyer,126622,"Neural Cache - Bit-Serial In-Cache Acceleration of Deep Neural Networks."
239/0103,44/3008,131055,"An MLP-based representation of neural tensor networks for the RDF data models."
239/0103,88/5924,131055,"An MLP-based representation of neural tensor networks for the RDF data models."
44/3008,88/5924,131055,"An MLP-based representation of neural tensor networks for the RDF data models."
217/1732,18/331,131057,"An ensemble of RBF neural networks in decision tree structure with knowledge transferring to accelerate multi-classification."
140/1495,252/3990,131059,"Evaluating generalization through interval-based neural network inversion."
140/1495,58/3587,131059,"Evaluating generalization through interval-based neural network inversion."
252/3990,58/3587,131059,"Evaluating generalization through interval-based neural network inversion."
248/6432,248/6081,131073,"Intelligent modeling of thermohydraulic behavior in solar air heaters with artificial neural networks."
238/9921,239/0159,131075,"Evolution of the size distribution of Al-B4C nano-composite powders during mechanical milling - a comparison of experimental results with artificial neural networks and multiple linear regression models."
238/9921,239/0109,131075,"Evolution of the size distribution of Al-B4C nano-composite powders during mechanical milling - a comparison of experimental results with artificial neural networks and multiple linear regression models."
239/0159,239/0109,131075,"Evolution of the size distribution of Al-B4C nano-composite powders during mechanical milling - a comparison of experimental results with artificial neural networks and multiple linear regression models."
28/9023,55/5989,131082,"Automatic detection of electrocardiographic arrhythmias by parallel continuous neural networks implemented in FPGA."
28/9023,e/RalphEtienneCummings,131082,"Automatic detection of electrocardiographic arrhythmias by parallel continuous neural networks implemented in FPGA."
55/5989,e/RalphEtienneCummings,131082,"Automatic detection of electrocardiographic arrhythmias by parallel continuous neural networks implemented in FPGA."
150/1320,51/11053,131090,"Crime activities prediction using hybridization of firefly optimization technique and fuzzy cognitive map neural networks."
248/6164,151/8176,131093,"Comparative performance of wavelet-based neural network approaches."
35/5426,226/9567,131095,"Stability analysis for a class of impulsive high-order Hopfield neural networks with leakage time-varying delays."
35/5426,228/2388,131096,"Piecewise asymptotically almost automorphic solutions for impulsive non-autonomous high-order Hopfield neural networks with mixed delays."
35/5426,202/6349,131097,"Pullback attractor for neutral Hopfield neural networks with time delay in the leakage term and mixed time delays."
179/4388,153/4011,131105,"Artificial bee colony-based neural network for the prediction of the fundamental period of infilled frame structures."
71/2464,192/6834,131108,"An efficient simulation-neural network-genetic algorithm for flexible flow shops with sequence-dependent setup times, job deterioration and learning effects."
71/2464,250/3958,131108,"An efficient simulation-neural network-genetic algorithm for flexible flow shops with sequence-dependent setup times, job deterioration and learning effects."
71/2464,210/1104,131108,"An efficient simulation-neural network-genetic algorithm for flexible flow shops with sequence-dependent setup times, job deterioration and learning effects."
192/6834,250/3958,131108,"An efficient simulation-neural network-genetic algorithm for flexible flow shops with sequence-dependent setup times, job deterioration and learning effects."
192/6834,210/1104,131108,"An efficient simulation-neural network-genetic algorithm for flexible flow shops with sequence-dependent setup times, job deterioration and learning effects."
250/3958,210/1104,131108,"An efficient simulation-neural network-genetic algorithm for flexible flow shops with sequence-dependent setup times, job deterioration and learning effects."
83/4255,32/11234,131109,"An intelligent approach to predict gas compressibility factor using neural network model."
83/4255,235/2038,131109,"An intelligent approach to predict gas compressibility factor using neural network model."
32/11234,235/2038,131109,"An intelligent approach to predict gas compressibility factor using neural network model."
248/6467,184/3603,131123,"Improving optimization of convolutional neural networks through parameter fine-tuning."
248/6467,92/8737,131123,"Improving optimization of convolutional neural networks through parameter fine-tuning."
248/6467,14/2579,131123,"Improving optimization of convolutional neural networks through parameter fine-tuning."
184/3603,92/8737,131123,"Improving optimization of convolutional neural networks through parameter fine-tuning."
184/3603,14/2579,131123,"Improving optimization of convolutional neural networks through parameter fine-tuning."
92/8737,14/2579,131123,"Improving optimization of convolutional neural networks through parameter fine-tuning."
252/4125,252/4211,131124,"Comparison of adaptive neuro-fuzzy inference system and recurrent neural network in vertical total electron content forecasting."
252/4125,252/4061,131124,"Comparison of adaptive neuro-fuzzy inference system and recurrent neural network in vertical total electron content forecasting."
252/4211,252/4061,131124,"Comparison of adaptive neuro-fuzzy inference system and recurrent neural network in vertical total electron content forecasting."
150/6939,39/10077,131127,"Character-level recurrent neural networks in practice - comparing training and sampling schemes."
150/6939,39/211,131127,"Character-level recurrent neural networks in practice - comparing training and sampling schemes."
39/10077,39/211,131127,"Character-level recurrent neural networks in practice - comparing training and sampling schemes."
138/2113,223/3521,131129,"Generalized additive neural network with flexible parametric link function - model estimation using simulated and real clinical data."
138/2113,10/1907,131129,"Generalized additive neural network with flexible parametric link function - model estimation using simulated and real clinical data."
223/3521,10/1907,131129,"Generalized additive neural network with flexible parametric link function - model estimation using simulated and real clinical data."
95/4137,239/3735,131140,"Intelligent supervision approach based on multilayer neural PCA and nonlinear gain scheduling."
95/4137,195/7703,131140,"Intelligent supervision approach based on multilayer neural PCA and nonlinear gain scheduling."
95/4137,47/90,131140,"Intelligent supervision approach based on multilayer neural PCA and nonlinear gain scheduling."
95/4137,45/2832,131140,"Intelligent supervision approach based on multilayer neural PCA and nonlinear gain scheduling."
239/3735,195/7703,131140,"Intelligent supervision approach based on multilayer neural PCA and nonlinear gain scheduling."
239/3735,47/90,131140,"Intelligent supervision approach based on multilayer neural PCA and nonlinear gain scheduling."
239/3735,45/2832,131140,"Intelligent supervision approach based on multilayer neural PCA and nonlinear gain scheduling."
195/7703,47/90,131140,"Intelligent supervision approach based on multilayer neural PCA and nonlinear gain scheduling."
195/7703,45/2832,131140,"Intelligent supervision approach based on multilayer neural PCA and nonlinear gain scheduling."
47/90,45/2832,131140,"Intelligent supervision approach based on multilayer neural PCA and nonlinear gain scheduling."
236/5186,252/4183,131149,"Prediction of pK(a) values of neutral and alkaline drugs with particle swarm optimization algorithm and artificial neural network."
236/5186,252/4193,131149,"Prediction of pK(a) values of neutral and alkaline drugs with particle swarm optimization algorithm and artificial neural network."
252/4183,252/4193,131149,"Prediction of pK(a) values of neutral and alkaline drugs with particle swarm optimization algorithm and artificial neural network."
168/8072,225/4900,131154,"Modified multiple generalized regression neural network models using fuzzy C-means with principal component analysis for noise prediction of offshore platform."
168/8072,87/143,131154,"Modified multiple generalized regression neural network models using fuzzy C-means with principal component analysis for noise prediction of offshore platform."
168/8072,63/6392,131154,"Modified multiple generalized regression neural network models using fuzzy C-means with principal component analysis for noise prediction of offshore platform."
168/8072,72/5668,131154,"Modified multiple generalized regression neural network models using fuzzy C-means with principal component analysis for noise prediction of offshore platform."
225/4900,87/143,131154,"Modified multiple generalized regression neural network models using fuzzy C-means with principal component analysis for noise prediction of offshore platform."
225/4900,63/6392,131154,"Modified multiple generalized regression neural network models using fuzzy C-means with principal component analysis for noise prediction of offshore platform."
225/4900,72/5668,131154,"Modified multiple generalized regression neural network models using fuzzy C-means with principal component analysis for noise prediction of offshore platform."
87/143,63/6392,131154,"Modified multiple generalized regression neural network models using fuzzy C-means with principal component analysis for noise prediction of offshore platform."
87/143,72/5668,131154,"Modified multiple generalized regression neural network models using fuzzy C-means with principal component analysis for noise prediction of offshore platform."
63/6392,72/5668,131154,"Modified multiple generalized regression neural network models using fuzzy C-means with principal component analysis for noise prediction of offshore platform."
166/7572,19/8188,131155,"Dissipativity analysis of complex-valued BAM neural networks with time delay."
166/7572,76/7578,131155,"Dissipativity analysis of complex-valued BAM neural networks with time delay."
19/8188,76/7578,131155,"Dissipativity analysis of complex-valued BAM neural networks with time delay."
130/0603,156/5728,131159,"Convergence in Orlicz spaces by means of the multivariate max-product neural network operators of the Kantorovich type and applications."
130/0603,80/8082,131159,"Convergence in Orlicz spaces by means of the multivariate max-product neural network operators of the Kantorovich type and applications."
156/5728,80/8082,131159,"Convergence in Orlicz spaces by means of the multivariate max-product neural network operators of the Kantorovich type and applications."
75/7278,175/6052,131162,"Research on prediction model of geotechnical parameters based on BP neural network."
251/8758,251/8532,131165,"Prediction of the vertical force during FSW of AZ31 magnesium alloy sheets using an artificial neural network-based model."
251/8758,250/2048,131165,"Prediction of the vertical force during FSW of AZ31 magnesium alloy sheets using an artificial neural network-based model."
251/8532,250/2048,131165,"Prediction of the vertical force during FSW of AZ31 magnesium alloy sheets using an artificial neural network-based model."
221/5430,31/316,131170,"Nonnegative matrix factorization algorithms based on the inertial projection neural network."
221/5430,90/6986-1,131170,"Nonnegative matrix factorization algorithms based on the inertial projection neural network."
221/5430,03/9488,131170,"Nonnegative matrix factorization algorithms based on the inertial projection neural network."
31/316,90/6986-1,131170,"Nonnegative matrix factorization algorithms based on the inertial projection neural network."
31/316,03/9488,131170,"Nonnegative matrix factorization algorithms based on the inertial projection neural network."
90/6986-1,03/9488,131170,"Nonnegative matrix factorization algorithms based on the inertial projection neural network."
08/318,64/5666-5,131182,"Global context-dependent recurrent neural network language model with sparse feature learning."
08/318,205/7748,131182,"Global context-dependent recurrent neural network language model with sparse feature learning."
64/5666-5,205/7748,131182,"Global context-dependent recurrent neural network language model with sparse feature learning."
223/3592,22/3813,131185,"Delayed impulsive control for exponential synchronization of stochastic reaction-diffusion neural networks with time-varying delays using general integral inequalities."
04/8548,60/4429,131190,"Traffic identification method based on multiple probabilistic neural network model."
144/3210,127/6595,131192,"Discriminatively trained continuous Hindi speech recognition system using interpolated recurrent neural network language modeling."
144/3210,156/5835,131192,"Discriminatively trained continuous Hindi speech recognition system using interpolated recurrent neural network language modeling."
127/6595,156/5835,131192,"Discriminatively trained continuous Hindi speech recognition system using interpolated recurrent neural network language modeling."
252/4038,252/4207,131198,"Fecal coliform predictive model using genetic algorithm-based radial basis function neural networks (GA-RBFNNs)."
17/4747,35/4805,131200,"Median-Pi artificial neural network for forecasting."
17/4747,143/2734,131200,"Median-Pi artificial neural network for forecasting."
17/4747,117/7111,131200,"Median-Pi artificial neural network for forecasting."
35/4805,143/2734,131200,"Median-Pi artificial neural network for forecasting."
35/4805,117/7111,131200,"Median-Pi artificial neural network for forecasting."
143/2734,117/7111,131200,"Median-Pi artificial neural network for forecasting."
250/4031,250/4031,131208,"Design of neural network predictive controller based on imperialist competitive algorithm for automatic voltage regulator."
94/5635,239/0084,131212,"Control of unmanned agricultural vehicles using neural network-based control system."
20/2509,11/751,131218,"A neural-network enhanced modeling method for real-time evaluation of the temperature distribution in a data center."
20/2509,90/548,131218,"A neural-network enhanced modeling method for real-time evaluation of the temperature distribution in a data center."
20/2509,170/5162,131218,"A neural-network enhanced modeling method for real-time evaluation of the temperature distribution in a data center."
20/2509,125/8189-25,131218,"A neural-network enhanced modeling method for real-time evaluation of the temperature distribution in a data center."
11/751,90/548,131218,"A neural-network enhanced modeling method for real-time evaluation of the temperature distribution in a data center."
11/751,170/5162,131218,"A neural-network enhanced modeling method for real-time evaluation of the temperature distribution in a data center."
11/751,125/8189-25,131218,"A neural-network enhanced modeling method for real-time evaluation of the temperature distribution in a data center."
90/548,170/5162,131218,"A neural-network enhanced modeling method for real-time evaluation of the temperature distribution in a data center."
90/548,125/8189-25,131218,"A neural-network enhanced modeling method for real-time evaluation of the temperature distribution in a data center."
170/5162,125/8189-25,131218,"A neural-network enhanced modeling method for real-time evaluation of the temperature distribution in a data center."
07/6095,51/10369,131224,"Ontology semantic integration based on convolutional neural network."
00/11350,35/5535,131237,"Convolutional neural network for spectral-spatial classification of hyperspectral images."
00/11350,33/9048,131237,"Convolutional neural network for spectral-spatial classification of hyperspectral images."
00/11350,08/7821,131237,"Convolutional neural network for spectral-spatial classification of hyperspectral images."
00/11350,34/3125,131237,"Convolutional neural network for spectral-spatial classification of hyperspectral images."
00/11350,98/3775,131237,"Convolutional neural network for spectral-spatial classification of hyperspectral images."
35/5535,33/9048,131237,"Convolutional neural network for spectral-spatial classification of hyperspectral images."
35/5535,08/7821,131237,"Convolutional neural network for spectral-spatial classification of hyperspectral images."
35/5535,34/3125,131237,"Convolutional neural network for spectral-spatial classification of hyperspectral images."
35/5535,98/3775,131237,"Convolutional neural network for spectral-spatial classification of hyperspectral images."
33/9048,08/7821,131237,"Convolutional neural network for spectral-spatial classification of hyperspectral images."
33/9048,34/3125,131237,"Convolutional neural network for spectral-spatial classification of hyperspectral images."
33/9048,98/3775,131237,"Convolutional neural network for spectral-spatial classification of hyperspectral images."
08/7821,34/3125,131237,"Convolutional neural network for spectral-spatial classification of hyperspectral images."
08/7821,98/3775,131237,"Convolutional neural network for spectral-spatial classification of hyperspectral images."
34/3125,98/3775,131237,"Convolutional neural network for spectral-spatial classification of hyperspectral images."
140/1538,150/7376,131238,"Improving the performance of convolutional neural network for skin image classification using the response of image analysis filters."
140/1538,d/KostasDelibasis,131238,"Improving the performance of convolutional neural network for skin image classification using the response of image analysis filters."
140/1538,05/5481,131238,"Improving the performance of convolutional neural network for skin image classification using the response of image analysis filters."
140/1538,64/836,131238,"Improving the performance of convolutional neural network for skin image classification using the response of image analysis filters."
150/7376,d/KostasDelibasis,131238,"Improving the performance of convolutional neural network for skin image classification using the response of image analysis filters."
150/7376,05/5481,131238,"Improving the performance of convolutional neural network for skin image classification using the response of image analysis filters."
150/7376,64/836,131238,"Improving the performance of convolutional neural network for skin image classification using the response of image analysis filters."
d/KostasDelibasis,05/5481,131238,"Improving the performance of convolutional neural network for skin image classification using the response of image analysis filters."
d/KostasDelibasis,64/836,131238,"Improving the performance of convolutional neural network for skin image classification using the response of image analysis filters."
05/5481,64/836,131238,"Improving the performance of convolutional neural network for skin image classification using the response of image analysis filters."
166/0562,27/1193,131249,"Robust state estimation for stochastic complex-valued neural networks with sampled-data."
166/0562,131/1246,131249,"Robust state estimation for stochastic complex-valued neural networks with sampled-data."
166/0562,64/1478,131249,"Robust state estimation for stochastic complex-valued neural networks with sampled-data."
166/0562,156/0149,131249,"Robust state estimation for stochastic complex-valued neural networks with sampled-data."
27/1193,131/1246,131249,"Robust state estimation for stochastic complex-valued neural networks with sampled-data."
27/1193,64/1478,131249,"Robust state estimation for stochastic complex-valued neural networks with sampled-data."
27/1193,156/0149,131249,"Robust state estimation for stochastic complex-valued neural networks with sampled-data."
131/1246,64/1478,131249,"Robust state estimation for stochastic complex-valued neural networks with sampled-data."
131/1246,156/0149,131249,"Robust state estimation for stochastic complex-valued neural networks with sampled-data."
64/1478,156/0149,131249,"Robust state estimation for stochastic complex-valued neural networks with sampled-data."
126/9082,10/4495,131254,"Projective synchronization for fractional-order memristor-based neural networks with time delays."
126/9082,62/2712,131254,"Projective synchronization for fractional-order memristor-based neural networks with time delays."
10/4495,62/2712,131254,"Projective synchronization for fractional-order memristor-based neural networks with time delays."
195/2197,39/449,131258,"Construction of prediction model of neural network railway bulk cargo floating price based on random forest regression algorithm."
195/2197,169/1520,131258,"Construction of prediction model of neural network railway bulk cargo floating price based on random forest regression algorithm."
195/2197,32/9492,131258,"Construction of prediction model of neural network railway bulk cargo floating price based on random forest regression algorithm."
39/449,169/1520,131258,"Construction of prediction model of neural network railway bulk cargo floating price based on random forest regression algorithm."
39/449,32/9492,131258,"Construction of prediction model of neural network railway bulk cargo floating price based on random forest regression algorithm."
169/1520,32/9492,131258,"Construction of prediction model of neural network railway bulk cargo floating price based on random forest regression algorithm."
05/9608,164/9239,131268,"Artificial neural network approaches for modeling absorption spectrum of nanowire solar cells."
05/9608,203/0390,131268,"Artificial neural network approaches for modeling absorption spectrum of nanowire solar cells."
164/9239,203/0390,131268,"Artificial neural network approaches for modeling absorption spectrum of nanowire solar cells."
24/3154,246/2696,131270,"Forecasting of Turkey's monthly electricity demand by seasonal artificial neural network."
24/3154,246/2770,131270,"Forecasting of Turkey's monthly electricity demand by seasonal artificial neural network."
246/2696,246/2770,131270,"Forecasting of Turkey's monthly electricity demand by seasonal artificial neural network."
95/7278,251/8572,131287,"Positive solutions and exponential stability of positive equilibrium of inertial neural networks with multiple time-varying delays."
58/2572,205/4695,131292,"Perturbation wavelet neural sliding mode position control for a voice coil motor driver."
250/3912,00/2166,131295,"The prediction model of worsted yarn quality based on CNN-GRNN neural network."
250/3912,125/8189,131295,"The prediction model of worsted yarn quality based on CNN-GRNN neural network."
00/2166,125/8189,131295,"The prediction model of worsted yarn quality based on CNN-GRNN neural network."
75/10035,16/2930,131296,"A neural dynamic system for solving convex nonlinear optimization problems with hybrid constraints."
41/5697,203/2773,131298,"TRec - an efficient recommendation system for hunting passengers with deep neural networks."
41/5697,97/3466,131298,"TRec - an efficient recommendation system for hunting passengers with deep neural networks."
41/5697,68/4942-10,131298,"TRec - an efficient recommendation system for hunting passengers with deep neural networks."
203/2773,97/3466,131298,"TRec - an efficient recommendation system for hunting passengers with deep neural networks."
203/2773,68/4942-10,131298,"TRec - an efficient recommendation system for hunting passengers with deep neural networks."
97/3466,68/4942-10,131298,"TRec - an efficient recommendation system for hunting passengers with deep neural networks."
146/2185,08/3802,131309,"Adaptive memetic method of multi-objective genetic evolutionary algorithm for backpropagation neural network."
146/2185,a/AAbraham,131309,"Adaptive memetic method of multi-objective genetic evolutionary algorithm for backpropagation neural network."
146/2185,78/4738,131309,"Adaptive memetic method of multi-objective genetic evolutionary algorithm for backpropagation neural network."
08/3802,a/AAbraham,131309,"Adaptive memetic method of multi-objective genetic evolutionary algorithm for backpropagation neural network."
08/3802,78/4738,131309,"Adaptive memetic method of multi-objective genetic evolutionary algorithm for backpropagation neural network."
a/AAbraham,78/4738,131309,"Adaptive memetic method of multi-objective genetic evolutionary algorithm for backpropagation neural network."
250/4096,250/4062,131312,"Process modeling and optimization of sorrel biodiesel synthesis using barium hydroxide as a base heterogeneous catalyst - appraisal of response surface methodology, neural network and neuro-fuzzy system."
250/4096,31/11373,131312,"Process modeling and optimization of sorrel biodiesel synthesis using barium hydroxide as a base heterogeneous catalyst - appraisal of response surface methodology, neural network and neuro-fuzzy system."
250/4096,250/4058,131312,"Process modeling and optimization of sorrel biodiesel synthesis using barium hydroxide as a base heterogeneous catalyst - appraisal of response surface methodology, neural network and neuro-fuzzy system."
250/4062,31/11373,131312,"Process modeling and optimization of sorrel biodiesel synthesis using barium hydroxide as a base heterogeneous catalyst - appraisal of response surface methodology, neural network and neuro-fuzzy system."
250/4062,250/4058,131312,"Process modeling and optimization of sorrel biodiesel synthesis using barium hydroxide as a base heterogeneous catalyst - appraisal of response surface methodology, neural network and neuro-fuzzy system."
31/11373,250/4058,131312,"Process modeling and optimization of sorrel biodiesel synthesis using barium hydroxide as a base heterogeneous catalyst - appraisal of response surface methodology, neural network and neuro-fuzzy system."
219/0636,49/3283,131316,"Open-circuit fault detection for three-phase inverter based on backpropagation neural network."
45/5259,95/8014,131317,"A novel optimized GA-Elman neural network algorithm."
45/5259,44/3875,131317,"A novel optimized GA-Elman neural network algorithm."
45/5259,150/1756,131317,"A novel optimized GA-Elman neural network algorithm."
95/8014,44/3875,131317,"A novel optimized GA-Elman neural network algorithm."
95/8014,150/1756,131317,"A novel optimized GA-Elman neural network algorithm."
44/3875,150/1756,131317,"A novel optimized GA-Elman neural network algorithm."
84/8575,15/7294,131333,"Predicting power production from a photovoltaic panel through artificial neural networks using atmospheric indicators."
239/0013,209/8217,131334,"Exploring the major factors affecting fly-ash concrete carbonation using artificial neural network."
239/0013,209/7962,131334,"Exploring the major factors affecting fly-ash concrete carbonation using artificial neural network."
239/0013,209/7433,131334,"Exploring the major factors affecting fly-ash concrete carbonation using artificial neural network."
209/8217,209/7962,131334,"Exploring the major factors affecting fly-ash concrete carbonation using artificial neural network."
209/8217,209/7433,131334,"Exploring the major factors affecting fly-ash concrete carbonation using artificial neural network."
209/7962,209/7433,131334,"Exploring the major factors affecting fly-ash concrete carbonation using artificial neural network."
93/10471,89/7682,131355,"Neural network modeling of monthly salinity variations in oyster reef in Apalachicola Bay in response to freshwater inflow and winds."
93/10471,251/8452,131355,"Neural network modeling of monthly salinity variations in oyster reef in Apalachicola Bay in response to freshwater inflow and winds."
89/7682,251/8452,131355,"Neural network modeling of monthly salinity variations in oyster reef in Apalachicola Bay in response to freshwater inflow and winds."
51/1891,51/1891,131361,"A generalized reinforcement learning scheme for random neural networks."
156/9374,156/9374,131362,"Constructive function approximation by neural networks with optimized activation functions and fixed weights."
153/2952,27/6974,131368,"On passivity and robust passivity for discrete-time stochastic neural networks with randomly occurring mixed time delays."
153/2952,97/5229,131368,"On passivity and robust passivity for discrete-time stochastic neural networks with randomly occurring mixed time delays."
153/2952,155/3587,131368,"On passivity and robust passivity for discrete-time stochastic neural networks with randomly occurring mixed time delays."
153/2952,42/2969,131368,"On passivity and robust passivity for discrete-time stochastic neural networks with randomly occurring mixed time delays."
27/6974,97/5229,131368,"On passivity and robust passivity for discrete-time stochastic neural networks with randomly occurring mixed time delays."
27/6974,155/3587,131368,"On passivity and robust passivity for discrete-time stochastic neural networks with randomly occurring mixed time delays."
27/6974,42/2969,131368,"On passivity and robust passivity for discrete-time stochastic neural networks with randomly occurring mixed time delays."
97/5229,155/3587,131368,"On passivity and robust passivity for discrete-time stochastic neural networks with randomly occurring mixed time delays."
97/5229,42/2969,131368,"On passivity and robust passivity for discrete-time stochastic neural networks with randomly occurring mixed time delays."
155/3587,42/2969,131368,"On passivity and robust passivity for discrete-time stochastic neural networks with randomly occurring mixed time delays."
14/7119,10/4661-102,131381,"Global asymptotical stability for a class of non-autonomous impulsive inertial neural networks with unbounded time-varying delay."
14/7119,31/316,131381,"Global asymptotical stability for a class of non-autonomous impulsive inertial neural networks with unbounded time-varying delay."
14/7119,154/4701,131381,"Global asymptotical stability for a class of non-autonomous impulsive inertial neural networks with unbounded time-varying delay."
10/4661-102,31/316,131381,"Global asymptotical stability for a class of non-autonomous impulsive inertial neural networks with unbounded time-varying delay."
10/4661-102,154/4701,131381,"Global asymptotical stability for a class of non-autonomous impulsive inertial neural networks with unbounded time-varying delay."
31/316,154/4701,131381,"Global asymptotical stability for a class of non-autonomous impulsive inertial neural networks with unbounded time-varying delay."
203/9141,203/9062,131386,"Adaptive learning rule for hardware-based deep neural networks using electronic synapse devices."
203/9141,203/8155,131386,"Adaptive learning rule for hardware-based deep neural networks using electronic synapse devices."
203/9141,198/1249,131386,"Adaptive learning rule for hardware-based deep neural networks using electronic synapse devices."
203/9141,203/8559,131386,"Adaptive learning rule for hardware-based deep neural networks using electronic synapse devices."
203/9141,228/3390,131386,"Adaptive learning rule for hardware-based deep neural networks using electronic synapse devices."
203/9141,21/1123,131386,"Adaptive learning rule for hardware-based deep neural networks using electronic synapse devices."
203/9141,90/3581,131386,"Adaptive learning rule for hardware-based deep neural networks using electronic synapse devices."
203/9062,203/8155,131386,"Adaptive learning rule for hardware-based deep neural networks using electronic synapse devices."
203/9062,198/1249,131386,"Adaptive learning rule for hardware-based deep neural networks using electronic synapse devices."
203/9062,203/8559,131386,"Adaptive learning rule for hardware-based deep neural networks using electronic synapse devices."
203/9062,228/3390,131386,"Adaptive learning rule for hardware-based deep neural networks using electronic synapse devices."
203/9062,21/1123,131386,"Adaptive learning rule for hardware-based deep neural networks using electronic synapse devices."
203/9062,90/3581,131386,"Adaptive learning rule for hardware-based deep neural networks using electronic synapse devices."
203/8155,198/1249,131386,"Adaptive learning rule for hardware-based deep neural networks using electronic synapse devices."
203/8155,203/8559,131386,"Adaptive learning rule for hardware-based deep neural networks using electronic synapse devices."
203/8155,228/3390,131386,"Adaptive learning rule for hardware-based deep neural networks using electronic synapse devices."
203/8155,21/1123,131386,"Adaptive learning rule for hardware-based deep neural networks using electronic synapse devices."
203/8155,90/3581,131386,"Adaptive learning rule for hardware-based deep neural networks using electronic synapse devices."
198/1249,203/8559,131386,"Adaptive learning rule for hardware-based deep neural networks using electronic synapse devices."
198/1249,228/3390,131386,"Adaptive learning rule for hardware-based deep neural networks using electronic synapse devices."
198/1249,21/1123,131386,"Adaptive learning rule for hardware-based deep neural networks using electronic synapse devices."
198/1249,90/3581,131386,"Adaptive learning rule for hardware-based deep neural networks using electronic synapse devices."
203/8559,228/3390,131386,"Adaptive learning rule for hardware-based deep neural networks using electronic synapse devices."
203/8559,21/1123,131386,"Adaptive learning rule for hardware-based deep neural networks using electronic synapse devices."
203/8559,90/3581,131386,"Adaptive learning rule for hardware-based deep neural networks using electronic synapse devices."
228/3390,21/1123,131386,"Adaptive learning rule for hardware-based deep neural networks using electronic synapse devices."
228/3390,90/3581,131386,"Adaptive learning rule for hardware-based deep neural networks using electronic synapse devices."
21/1123,90/3581,131386,"Adaptive learning rule for hardware-based deep neural networks using electronic synapse devices."
43/5433,11/1971,131388,"SpikeCD - a parameter-insensitive spiking neural network with clustering degeneracy strategy."
43/5433,w/HaoWang46,131388,"SpikeCD - a parameter-insensitive spiking neural network with clustering degeneracy strategy."
43/5433,118/1086,131388,"SpikeCD - a parameter-insensitive spiking neural network with clustering degeneracy strategy."
43/5433,96/1681-2,131388,"SpikeCD - a parameter-insensitive spiking neural network with clustering degeneracy strategy."
11/1971,w/HaoWang46,131388,"SpikeCD - a parameter-insensitive spiking neural network with clustering degeneracy strategy."
11/1971,118/1086,131388,"SpikeCD - a parameter-insensitive spiking neural network with clustering degeneracy strategy."
11/1971,96/1681-2,131388,"SpikeCD - a parameter-insensitive spiking neural network with clustering degeneracy strategy."
w/HaoWang46,118/1086,131388,"SpikeCD - a parameter-insensitive spiking neural network with clustering degeneracy strategy."
w/HaoWang46,96/1681-2,131388,"SpikeCD - a parameter-insensitive spiking neural network with clustering degeneracy strategy."
118/1086,96/1681-2,131388,"SpikeCD - a parameter-insensitive spiking neural network with clustering degeneracy strategy."
15/5923,98/3794,131393,"New stability results for impulsive neural networks with time delays."
15/5923,57/5473,131393,"New stability results for impulsive neural networks with time delays."
15/5923,63/10047,131393,"New stability results for impulsive neural networks with time delays."
15/5923,22/7733,131393,"New stability results for impulsive neural networks with time delays."
15/5923,75/4419,131393,"New stability results for impulsive neural networks with time delays."
98/3794,57/5473,131393,"New stability results for impulsive neural networks with time delays."
98/3794,63/10047,131393,"New stability results for impulsive neural networks with time delays."
98/3794,22/7733,131393,"New stability results for impulsive neural networks with time delays."
98/3794,75/4419,131393,"New stability results for impulsive neural networks with time delays."
57/5473,63/10047,131393,"New stability results for impulsive neural networks with time delays."
57/5473,22/7733,131393,"New stability results for impulsive neural networks with time delays."
57/5473,75/4419,131393,"New stability results for impulsive neural networks with time delays."
63/10047,22/7733,131393,"New stability results for impulsive neural networks with time delays."
63/10047,75/4419,131393,"New stability results for impulsive neural networks with time delays."
22/7733,75/4419,131393,"New stability results for impulsive neural networks with time delays."
41/10764,10/4495,131399,"Robust synchronization of memristor-based fractional-order Hopfield neural networks with parameter uncertainties."
41/10764,83/3714-2,131399,"Robust synchronization of memristor-based fractional-order Hopfield neural networks with parameter uncertainties."
10/4495,83/3714-2,131399,"Robust synchronization of memristor-based fractional-order Hopfield neural networks with parameter uncertainties."
238/9936,34/7195,131403,"Fractional neural network models for nonlinear Riccati systems."
238/9936,13/7717,131403,"Fractional neural network models for nonlinear Riccati systems."
34/7195,13/7717,131403,"Fractional neural network models for nonlinear Riccati systems."
75/8147,214/3701,131404,"An Automatic Tamil Speech Recognition system by using Bidirectional Recurrent Neural Network with Self-Organizing Map."
75/8147,226/4559,131404,"An Automatic Tamil Speech Recognition system by using Bidirectional Recurrent Neural Network with Self-Organizing Map."
75/8147,225/2562,131404,"An Automatic Tamil Speech Recognition system by using Bidirectional Recurrent Neural Network with Self-Organizing Map."
75/8147,222/1465,131404,"An Automatic Tamil Speech Recognition system by using Bidirectional Recurrent Neural Network with Self-Organizing Map."
214/3701,226/4559,131404,"An Automatic Tamil Speech Recognition system by using Bidirectional Recurrent Neural Network with Self-Organizing Map."
214/3701,225/2562,131404,"An Automatic Tamil Speech Recognition system by using Bidirectional Recurrent Neural Network with Self-Organizing Map."
214/3701,222/1465,131404,"An Automatic Tamil Speech Recognition system by using Bidirectional Recurrent Neural Network with Self-Organizing Map."
226/4559,225/2562,131404,"An Automatic Tamil Speech Recognition system by using Bidirectional Recurrent Neural Network with Self-Organizing Map."
226/4559,222/1465,131404,"An Automatic Tamil Speech Recognition system by using Bidirectional Recurrent Neural Network with Self-Organizing Map."
225/2562,222/1465,131404,"An Automatic Tamil Speech Recognition system by using Bidirectional Recurrent Neural Network with Self-Organizing Map."
18/5993,18/5993,131408,"Construction of artificial neural network economic forecasting model based on the consideration of state transition diagram."
237/5976,237/5896,131413,"Artificial neural network models for FRP-repaired concrete subjected to pre-damaged effects."
237/5976,237/5030,131413,"Artificial neural network models for FRP-repaired concrete subjected to pre-damaged effects."
237/5976,237/5462,131413,"Artificial neural network models for FRP-repaired concrete subjected to pre-damaged effects."
237/5976,237/5107,131413,"Artificial neural network models for FRP-repaired concrete subjected to pre-damaged effects."
237/5976,177/3113,131413,"Artificial neural network models for FRP-repaired concrete subjected to pre-damaged effects."
237/5896,237/5030,131413,"Artificial neural network models for FRP-repaired concrete subjected to pre-damaged effects."
237/5896,237/5462,131413,"Artificial neural network models for FRP-repaired concrete subjected to pre-damaged effects."
237/5896,237/5107,131413,"Artificial neural network models for FRP-repaired concrete subjected to pre-damaged effects."
237/5896,177/3113,131413,"Artificial neural network models for FRP-repaired concrete subjected to pre-damaged effects."
237/5030,237/5462,131413,"Artificial neural network models for FRP-repaired concrete subjected to pre-damaged effects."
237/5030,237/5107,131413,"Artificial neural network models for FRP-repaired concrete subjected to pre-damaged effects."
237/5030,177/3113,131413,"Artificial neural network models for FRP-repaired concrete subjected to pre-damaged effects."
237/5462,237/5107,131413,"Artificial neural network models for FRP-repaired concrete subjected to pre-damaged effects."
237/5462,177/3113,131413,"Artificial neural network models for FRP-repaired concrete subjected to pre-damaged effects."
237/5107,177/3113,131413,"Artificial neural network models for FRP-repaired concrete subjected to pre-damaged effects."
150/7401,35/7966,131426,"Conditional neural sequence learners for generating drums' rhythms."
150/7401,17/6160,131426,"Conditional neural sequence learners for generating drums' rhythms."
150/7401,23/4683,131426,"Conditional neural sequence learners for generating drums' rhythms."
35/7966,17/6160,131426,"Conditional neural sequence learners for generating drums' rhythms."
35/7966,23/4683,131426,"Conditional neural sequence learners for generating drums' rhythms."
17/6160,23/4683,131426,"Conditional neural sequence learners for generating drums' rhythms."
32/7681,151/1387,131438,"Discrete-time neural network with two classes of bias noises for solving time-variant matrix inversion and application to robot tracking."
32/7681,09/639,131438,"Discrete-time neural network with two classes of bias noises for solving time-variant matrix inversion and application to robot tracking."
32/7681,67/2010,131438,"Discrete-time neural network with two classes of bias noises for solving time-variant matrix inversion and application to robot tracking."
151/1387,09/639,131438,"Discrete-time neural network with two classes of bias noises for solving time-variant matrix inversion and application to robot tracking."
151/1387,67/2010,131438,"Discrete-time neural network with two classes of bias noises for solving time-variant matrix inversion and application to robot tracking."
09/639,67/2010,131438,"Discrete-time neural network with two classes of bias noises for solving time-variant matrix inversion and application to robot tracking."
246/2738,52/8632,131440,"Short-term prediction of wind power using a hybrid pseudo-inverse Legendre neural network and adaptive firefly algorithm."
216/3226,50/8798,131445,"An artificial neural network approach for under-reamed piles subjected to uplift forces in dry sand."
239/0113,140/6392,131452,"Comprehensive identification of multiple harmonic sources using fuzzy logic and adjusted probabilistic neural network."
239/0113,221/8477,131452,"Comprehensive identification of multiple harmonic sources using fuzzy logic and adjusted probabilistic neural network."
140/6392,221/8477,131452,"Comprehensive identification of multiple harmonic sources using fuzzy logic and adjusted probabilistic neural network."
11/5982,61/168,131455,"Simulation and evaluation of system of fuzzy linear Fredholm integro-differential equations with fuzzy neural network."
202/2173,a/TonyAllen,131465,"A comparative review of dynamic neural networks and hidden Markov model methods for mobile on-device speech recognition."
202/2173,53/52,131465,"A comparative review of dynamic neural networks and hidden Markov model methods for mobile on-device speech recognition."
a/TonyAllen,53/52,131465,"A comparative review of dynamic neural networks and hidden Markov model methods for mobile on-device speech recognition."
62/4473,62/4473,131477,"Modeling the correlation between Charpy impact energy and chemical composition of functionally graded steels by artificial neural networks."
62/4473,62/4473,131479,"Prediction water absorption resistance of lightweight geopolymers by artificial neural networks."
62/4473,238/9994,131481,"Prediction compressive strength of Portland cement-based geopolymers by artificial neural networks."
62/4473,56/2716,131481,"Prediction compressive strength of Portland cement-based geopolymers by artificial neural networks."
62/4473,238/9973,131481,"Prediction compressive strength of Portland cement-based geopolymers by artificial neural networks."
62/4473,160/7717,131481,"Prediction compressive strength of Portland cement-based geopolymers by artificial neural networks."
238/9994,56/2716,131481,"Prediction compressive strength of Portland cement-based geopolymers by artificial neural networks."
238/9994,238/9973,131481,"Prediction compressive strength of Portland cement-based geopolymers by artificial neural networks."
238/9994,160/7717,131481,"Prediction compressive strength of Portland cement-based geopolymers by artificial neural networks."
56/2716,238/9973,131481,"Prediction compressive strength of Portland cement-based geopolymers by artificial neural networks."
56/2716,160/7717,131481,"Prediction compressive strength of Portland cement-based geopolymers by artificial neural networks."
238/9973,160/7717,131481,"Prediction compressive strength of Portland cement-based geopolymers by artificial neural networks."
237/5503,174/9002,131483,"New neural network-based response surface method for reliability analysis of structures."
237/5503,125/7966-2,131483,"New neural network-based response surface method for reliability analysis of structures."
174/9002,125/7966-2,131483,"New neural network-based response surface method for reliability analysis of structures."
239/3670,239/3733,131490,"Experimental evaluation of artificial neural network for predicting drainage water and groundwater salinity at various drain depths and spacing."
247/9090,24/47,131498,"Transfer learning-based convolutional neural networks with heuristic optimization for hand gesture recognition."
188/5016,92/5753,131502,"A convolutional neural network model for semantic segmentation of mitotic events in microscopy images."
154/4005,246/2676,131507,"An improved back propagation neural network based on complexity decomposition technology and modified flower pollination optimization for short-term load forecasting."
154/4005,246/2743,131507,"An improved back propagation neural network based on complexity decomposition technology and modified flower pollination optimization for short-term load forecasting."
154/4005,16/729,131507,"An improved back propagation neural network based on complexity decomposition technology and modified flower pollination optimization for short-term load forecasting."
154/4005,92/4962,131507,"An improved back propagation neural network based on complexity decomposition technology and modified flower pollination optimization for short-term load forecasting."
154/4005,86/1677,131507,"An improved back propagation neural network based on complexity decomposition technology and modified flower pollination optimization for short-term load forecasting."
246/2676,246/2743,131507,"An improved back propagation neural network based on complexity decomposition technology and modified flower pollination optimization for short-term load forecasting."
246/2676,16/729,131507,"An improved back propagation neural network based on complexity decomposition technology and modified flower pollination optimization for short-term load forecasting."
246/2676,92/4962,131507,"An improved back propagation neural network based on complexity decomposition technology and modified flower pollination optimization for short-term load forecasting."
246/2676,86/1677,131507,"An improved back propagation neural network based on complexity decomposition technology and modified flower pollination optimization for short-term load forecasting."
246/2743,16/729,131507,"An improved back propagation neural network based on complexity decomposition technology and modified flower pollination optimization for short-term load forecasting."
246/2743,92/4962,131507,"An improved back propagation neural network based on complexity decomposition technology and modified flower pollination optimization for short-term load forecasting."
246/2743,86/1677,131507,"An improved back propagation neural network based on complexity decomposition technology and modified flower pollination optimization for short-term load forecasting."
16/729,92/4962,131507,"An improved back propagation neural network based on complexity decomposition technology and modified flower pollination optimization for short-term load forecasting."
16/729,86/1677,131507,"An improved back propagation neural network based on complexity decomposition technology and modified flower pollination optimization for short-term load forecasting."
92/4962,86/1677,131507,"An improved back propagation neural network based on complexity decomposition technology and modified flower pollination optimization for short-term load forecasting."
166/5186,22/6949,131511,"Long-term temporal averaging for stochastic optimization of deep neural networks."
203/0435,27/7928,131512,"English-Mizo Machine Translation using neural and statistical approaches."
203/0435,190/1690,131512,"English-Mizo Machine Translation using neural and statistical approaches."
27/7928,190/1690,131512,"English-Mizo Machine Translation using neural and statistical approaches."
252/4267,252/4228,131520,"Maize leaf disease classification using deep convolutional neural networks."
252/4267,252/4292,131520,"Maize leaf disease classification using deep convolutional neural networks."
252/4267,252/4189,131520,"Maize leaf disease classification using deep convolutional neural networks."
252/4228,252/4292,131520,"Maize leaf disease classification using deep convolutional neural networks."
252/4228,252/4189,131520,"Maize leaf disease classification using deep convolutional neural networks."
252/4292,252/4189,131520,"Maize leaf disease classification using deep convolutional neural networks."
201/3168,64/5666-33,131525,"Single-label and multi-label conceptor classifiers in pre-trained neural networks."
201/3168,59/2227,131525,"Single-label and multi-label conceptor classifiers in pre-trained neural networks."
64/5666-33,59/2227,131525,"Single-label and multi-label conceptor classifiers in pre-trained neural networks."
81/516,40/3396,131527,"Hysteretic noisy frequency conversion sinusoidal chaotic neural network for traveling salesman problem."
81/516,08/6548,131527,"Hysteretic noisy frequency conversion sinusoidal chaotic neural network for traveling salesman problem."
40/3396,08/6548,131527,"Hysteretic noisy frequency conversion sinusoidal chaotic neural network for traveling salesman problem."
13/7717,35/7713,131533,"Numerical treatment of nonlinear singular Flierl-Petviashivili systems using neural networks models."
13/7717,163/5254,131533,"Numerical treatment of nonlinear singular Flierl-Petviashivili systems using neural networks models."
13/7717,59/9482,131533,"Numerical treatment of nonlinear singular Flierl-Petviashivili systems using neural networks models."
13/7717,34/7195,131533,"Numerical treatment of nonlinear singular Flierl-Petviashivili systems using neural networks models."
35/7713,163/5254,131533,"Numerical treatment of nonlinear singular Flierl-Petviashivili systems using neural networks models."
35/7713,59/9482,131533,"Numerical treatment of nonlinear singular Flierl-Petviashivili systems using neural networks models."
35/7713,34/7195,131533,"Numerical treatment of nonlinear singular Flierl-Petviashivili systems using neural networks models."
163/5254,59/9482,131533,"Numerical treatment of nonlinear singular Flierl-Petviashivili systems using neural networks models."
163/5254,34/7195,131533,"Numerical treatment of nonlinear singular Flierl-Petviashivili systems using neural networks models."
59/9482,34/7195,131533,"Numerical treatment of nonlinear singular Flierl-Petviashivili systems using neural networks models."
13/7717,237/4973,131534,"Numerical solution of doubly singular nonlinear systems using neural networks-based integrated intelligent computing."
13/7717,156/2133,131534,"Numerical solution of doubly singular nonlinear systems using neural networks-based integrated intelligent computing."
13/7717,237/5075,131534,"Numerical solution of doubly singular nonlinear systems using neural networks-based integrated intelligent computing."
13/7717,34/7195,131534,"Numerical solution of doubly singular nonlinear systems using neural networks-based integrated intelligent computing."
237/4973,156/2133,131534,"Numerical solution of doubly singular nonlinear systems using neural networks-based integrated intelligent computing."
237/4973,237/5075,131534,"Numerical solution of doubly singular nonlinear systems using neural networks-based integrated intelligent computing."
237/4973,34/7195,131534,"Numerical solution of doubly singular nonlinear systems using neural networks-based integrated intelligent computing."
156/2133,237/5075,131534,"Numerical solution of doubly singular nonlinear systems using neural networks-based integrated intelligent computing."
156/2133,34/7195,131534,"Numerical solution of doubly singular nonlinear systems using neural networks-based integrated intelligent computing."
237/5075,34/7195,131534,"Numerical solution of doubly singular nonlinear systems using neural networks-based integrated intelligent computing."
239/3749,239/3734,131536,"Levenberg-Marquardt neural network to estimate UPFC-coordinated PSS parameters to enhance power system stability."
239/3749,215/0758,131536,"Levenberg-Marquardt neural network to estimate UPFC-coordinated PSS parameters to enhance power system stability."
239/3734,215/0758,131536,"Levenberg-Marquardt neural network to estimate UPFC-coordinated PSS parameters to enhance power system stability."
57/10842,62/4473,131541,"Predicting the effects of nanoparticles on early age compressive strength of ash-based geopolymers by artificial neural networks."
239/3625,239/3694,131545,"Application of artificial neural networks and genetic programming in vapor-liquid equilibrium of C1 to C7 alkane binary mixtures."
239/3625,239/3684,131545,"Application of artificial neural networks and genetic programming in vapor-liquid equilibrium of C1 to C7 alkane binary mixtures."
239/3694,239/3684,131545,"Application of artificial neural networks and genetic programming in vapor-liquid equilibrium of C1 to C7 alkane binary mixtures."
35/8527,222/3539,131553,"Real-time prediction of online shoppers' purchasing intention using multilayer perceptron and LSTM recurrent neural networks."
35/8527,251/9162,131553,"Real-time prediction of online shoppers' purchasing intention using multilayer perceptron and LSTM recurrent neural networks."
35/8527,77/7601,131553,"Real-time prediction of online shoppers' purchasing intention using multilayer perceptron and LSTM recurrent neural networks."
222/3539,251/9162,131553,"Real-time prediction of online shoppers' purchasing intention using multilayer perceptron and LSTM recurrent neural networks."
222/3539,77/7601,131553,"Real-time prediction of online shoppers' purchasing intention using multilayer perceptron and LSTM recurrent neural networks."
251/9162,77/7601,131553,"Real-time prediction of online shoppers' purchasing intention using multilayer perceptron and LSTM recurrent neural networks."
242/2002,92/8682,131561,"Tuberculosis (TB) detection system using deep neural networks."
154/1836,128/0638,131563,"Exponential dissipativity criteria for generalized BAM neural networks with variable delays."
154/1836,30/3282,131563,"Exponential dissipativity criteria for generalized BAM neural networks with variable delays."
154/1836,57/2671,131563,"Exponential dissipativity criteria for generalized BAM neural networks with variable delays."
128/0638,30/3282,131563,"Exponential dissipativity criteria for generalized BAM neural networks with variable delays."
128/0638,57/2671,131563,"Exponential dissipativity criteria for generalized BAM neural networks with variable delays."
30/3282,57/2671,131563,"Exponential dissipativity criteria for generalized BAM neural networks with variable delays."
239/3728,55/6946,131575,"Rule extraction for fatty liver detection using neural networks."
239/3728,67/4363,131575,"Rule extraction for fatty liver detection using neural networks."
55/6946,67/4363,131575,"Rule extraction for fatty liver detection using neural networks."
250/4038,23/6845,131577,"A neural network-based method for coverage measurement of shot-peened panels."
10/7072,87/2010,131579,"A neuroplasticity-inspired neural circuit for acoustic navigation with obstacle avoidance that learns smooth motion paths."
239/3778,239/3778,131580,"Assessing the performance of a modified S-transform with probabilistic neural network, support vector machine and nearest neighbour classifiers for single and multiple power quality disturbances identification."
208/9950,120/9045,131582,"Fractional neural observer design for a class of nonlinear fractional chaotic systems."
251/9209,71/272,131584,"Flower pollination-feedforward neural network for load flow forecasting in smart distribution grid."
55/5393,07/1644,131585,"Detecting adverse drug reactions from social media based on multi-channel convolutional neural networks."
55/5393,20/5094,131585,"Detecting adverse drug reactions from social media based on multi-channel convolutional neural networks."
55/5393,83/9907,131585,"Detecting adverse drug reactions from social media based on multi-channel convolutional neural networks."
55/5393,81/2359,131585,"Detecting adverse drug reactions from social media based on multi-channel convolutional neural networks."
55/5393,39/449-21,131585,"Detecting adverse drug reactions from social media based on multi-channel convolutional neural networks."
07/1644,20/5094,131585,"Detecting adverse drug reactions from social media based on multi-channel convolutional neural networks."
07/1644,83/9907,131585,"Detecting adverse drug reactions from social media based on multi-channel convolutional neural networks."
07/1644,81/2359,131585,"Detecting adverse drug reactions from social media based on multi-channel convolutional neural networks."
07/1644,39/449-21,131585,"Detecting adverse drug reactions from social media based on multi-channel convolutional neural networks."
20/5094,83/9907,131585,"Detecting adverse drug reactions from social media based on multi-channel convolutional neural networks."
20/5094,81/2359,131585,"Detecting adverse drug reactions from social media based on multi-channel convolutional neural networks."
20/5094,39/449-21,131585,"Detecting adverse drug reactions from social media based on multi-channel convolutional neural networks."
83/9907,81/2359,131585,"Detecting adverse drug reactions from social media based on multi-channel convolutional neural networks."
83/9907,39/449-21,131585,"Detecting adverse drug reactions from social media based on multi-channel convolutional neural networks."
81/2359,39/449-21,131585,"Detecting adverse drug reactions from social media based on multi-channel convolutional neural networks."
48/9714,48/9714,131588,"Three-dimensional neural network tracking control of a moving target by underactuated autonomous underwater vehicles."
89/9605,203/5856,131599,"Hybrid PPFCM-ANN model - an efficient system for customer churn prediction through probabilistic possibilistic fuzzy clustering and artificial neural network."
24/964,85/7419,131603,"Intermittent pinning synchronization of reaction-diffusion neural networks with multiple spatial diffusion couplings."
24/964,195/8452,131603,"Intermittent pinning synchronization of reaction-diffusion neural networks with multiple spatial diffusion couplings."
24/964,78/6727-8,131603,"Intermittent pinning synchronization of reaction-diffusion neural networks with multiple spatial diffusion couplings."
85/7419,195/8452,131603,"Intermittent pinning synchronization of reaction-diffusion neural networks with multiple spatial diffusion couplings."
85/7419,78/6727-8,131603,"Intermittent pinning synchronization of reaction-diffusion neural networks with multiple spatial diffusion couplings."
195/8452,78/6727-8,131603,"Intermittent pinning synchronization of reaction-diffusion neural networks with multiple spatial diffusion couplings."
251/8701,88/1426,131604,"Modeling of greenhouse agro-ecosystem using optimally designed bootstrapping artificial neural network."
251/8701,96/8004,131604,"Modeling of greenhouse agro-ecosystem using optimally designed bootstrapping artificial neural network."
88/1426,96/8004,131604,"Modeling of greenhouse agro-ecosystem using optimally designed bootstrapping artificial neural network."
20/7499,46/3752,131606,"Self-organizing neural networks for image segmentation based on multiphase active contour."
18/8623,64/5469,131607,"Exponential synchronization of memristor-based recurrent neural networks with multi-proportional delays."
09/4573,71/8680,131610,"Synchronization of single-degree-of-freedom oscillators via neural network based on fixed-time terminal sliding mode control scheme."
09/4573,03/9488,131610,"Synchronization of single-degree-of-freedom oscillators via neural network based on fixed-time terminal sliding mode control scheme."
71/8680,03/9488,131610,"Synchronization of single-degree-of-freedom oscillators via neural network based on fixed-time terminal sliding mode control scheme."
196/3722,00/3855,131613,"A facial expression recognition method based on ensemble of 3D convolutional neural networks."
196/3722,24/5268,131613,"A facial expression recognition method based on ensemble of 3D convolutional neural networks."
00/3855,24/5268,131613,"A facial expression recognition method based on ensemble of 3D convolutional neural networks."
221/4433,221/4433,131615,"Neural network-based discretization of nonlinear differential equations."
251/9009,251/8687,131626,"Freeze-drying behaviour prediction of button mushrooms using artificial neural network and comparison with semi-empirical models."
251/9009,251/8929,131626,"Freeze-drying behaviour prediction of button mushrooms using artificial neural network and comparison with semi-empirical models."
251/8687,251/8929,131626,"Freeze-drying behaviour prediction of button mushrooms using artificial neural network and comparison with semi-empirical models."
02/10460,m/MarcoMoraCofre,131635,"Neural networks ensemble for automatic DNA microarray spot classification."
02/10460,58/3261,131635,"Neural networks ensemble for automatic DNA microarray spot classification."
m/MarcoMoraCofre,58/3261,131635,"Neural networks ensemble for automatic DNA microarray spot classification."
152/7898,38/3585,131636,"Classification and diagnostic prediction of prostate cancer using gene expression and artificial neural networks."
09/8661,97/655,131638,"New sinusoidal basis functions and a neural network approach to solve nonlinear Volterra-Fredholm integral equations."
09/8661,48/9779,131638,"New sinusoidal basis functions and a neural network approach to solve nonlinear Volterra-Fredholm integral equations."
09/8661,175/5946,131638,"New sinusoidal basis functions and a neural network approach to solve nonlinear Volterra-Fredholm integral equations."
97/655,48/9779,131638,"New sinusoidal basis functions and a neural network approach to solve nonlinear Volterra-Fredholm integral equations."
97/655,175/5946,131638,"New sinusoidal basis functions and a neural network approach to solve nonlinear Volterra-Fredholm integral equations."
48/9779,175/5946,131638,"New sinusoidal basis functions and a neural network approach to solve nonlinear Volterra-Fredholm integral equations."
250/4101,250/3965,131641,"Vibration prediction in drilling processes with HSS and carbide drill bit by means of artificial neural networks."
250/4101,250/4087,131641,"Vibration prediction in drilling processes with HSS and carbide drill bit by means of artificial neural networks."
250/3965,250/4087,131641,"Vibration prediction in drilling processes with HSS and carbide drill bit by means of artificial neural networks."
40/3934-20,190/7935,131649,"A neural computing approach to the construction of information credibility assessments for online social networks."
10/5630-59,24/3508-2,131653,"Automatic breast tumor detection in ABVS images based on convolutional neural network and superpixel patterns."
10/5630-59,95/494-1,131653,"Automatic breast tumor detection in ABVS images based on convolutional neural network and superpixel patterns."
10/5630-59,88/7915,131653,"Automatic breast tumor detection in ABVS images based on convolutional neural network and superpixel patterns."
24/3508-2,95/494-1,131653,"Automatic breast tumor detection in ABVS images based on convolutional neural network and superpixel patterns."
24/3508-2,88/7915,131653,"Automatic breast tumor detection in ABVS images based on convolutional neural network and superpixel patterns."
95/494-1,88/7915,131653,"Automatic breast tumor detection in ABVS images based on convolutional neural network and superpixel patterns."
179/0530,90/6986-1,131655,"Neural networks for power management optimal strategy in hybrid microgrid."
179/0530,19/2205,131655,"Neural networks for power management optimal strategy in hybrid microgrid."
90/6986-1,19/2205,131655,"Neural networks for power management optimal strategy in hybrid microgrid."
68/6527,70/1726,131662,"Short-term wind power prediction based on improved small-world neural network."
68/6527,31/5383,131662,"Short-term wind power prediction based on improved small-world neural network."
68/6527,73/4226,131662,"Short-term wind power prediction based on improved small-world neural network."
70/1726,31/5383,131662,"Short-term wind power prediction based on improved small-world neural network."
70/1726,73/4226,131662,"Short-term wind power prediction based on improved small-world neural network."
31/5383,73/4226,131662,"Short-term wind power prediction based on improved small-world neural network."
174/0345,09/6341,131664,"Stem cell motion-tracking by using deep neural networks with multi-output."
174/0345,63/1807-1,131664,"Stem cell motion-tracking by using deep neural networks with multi-output."
09/6341,63/1807-1,131664,"Stem cell motion-tracking by using deep neural networks with multi-output."
161/5966,28/8494,131668,"Research on prediction of environmental aerosol and PM2.5 based on artificial neural network."
23/2060,23/641,131670,"KKT condition-based smoothing recurrent neural network for nonsmooth nonconvex optimization in compressed sensing."
69/11227,70/11227,131674,"Neural computing for a low-frictional coatings manufacturing of aircraft engines' piston rings."
69/11227,250/4060,131674,"Neural computing for a low-frictional coatings manufacturing of aircraft engines' piston rings."
69/11227,250/3969,131674,"Neural computing for a low-frictional coatings manufacturing of aircraft engines' piston rings."
69/11227,250/3902,131674,"Neural computing for a low-frictional coatings manufacturing of aircraft engines' piston rings."
69/11227,250/3904,131674,"Neural computing for a low-frictional coatings manufacturing of aircraft engines' piston rings."
70/11227,250/4060,131674,"Neural computing for a low-frictional coatings manufacturing of aircraft engines' piston rings."
70/11227,250/3969,131674,"Neural computing for a low-frictional coatings manufacturing of aircraft engines' piston rings."
70/11227,250/3902,131674,"Neural computing for a low-frictional coatings manufacturing of aircraft engines' piston rings."
70/11227,250/3904,131674,"Neural computing for a low-frictional coatings manufacturing of aircraft engines' piston rings."
250/4060,250/3969,131674,"Neural computing for a low-frictional coatings manufacturing of aircraft engines' piston rings."
250/4060,250/3902,131674,"Neural computing for a low-frictional coatings manufacturing of aircraft engines' piston rings."
250/4060,250/3904,131674,"Neural computing for a low-frictional coatings manufacturing of aircraft engines' piston rings."
250/3969,250/3902,131674,"Neural computing for a low-frictional coatings manufacturing of aircraft engines' piston rings."
250/3969,250/3904,131674,"Neural computing for a low-frictional coatings manufacturing of aircraft engines' piston rings."
250/3902,250/3904,131674,"Neural computing for a low-frictional coatings manufacturing of aircraft engines' piston rings."
230/0647,95/4904,131685,"Learning sampling distribution for motion planning with local reconstruction-based self-organizing incremental neural network."
230/0647,47/5294,131685,"Learning sampling distribution for motion planning with local reconstruction-based self-organizing incremental neural network."
95/4904,47/5294,131685,"Learning sampling distribution for motion planning with local reconstruction-based self-organizing incremental neural network."
98/4025,98/4025,131686,"A finite-time convergent Zhang neural network and its application to real-time matrix square root finding."
29/867,174/3054,131687,"Nonparametric kernel smoother on topology learning neural networks for incremental and ensemble regression."
29/867,40/3934-16,131687,"Nonparametric kernel smoother on topology learning neural networks for incremental and ensemble regression."
29/867,18/7081,131687,"Nonparametric kernel smoother on topology learning neural networks for incremental and ensemble regression."
174/3054,40/3934-16,131687,"Nonparametric kernel smoother on topology learning neural networks for incremental and ensemble regression."
174/3054,18/7081,131687,"Nonparametric kernel smoother on topology learning neural networks for incremental and ensemble regression."
40/3934-16,18/7081,131687,"Nonparametric kernel smoother on topology learning neural networks for incremental and ensemble regression."
80/1949-3,50/3037,131688,"Distributed cooperative learning algorithms using wavelet neural network."
80/1949-3,26/3998,131688,"Distributed cooperative learning algorithms using wavelet neural network."
50/3037,26/3998,131688,"Distributed cooperative learning algorithms using wavelet neural network."
96/10363,242/2231,131692,"Research on hot-rolling steel products quality control based on BP neural network inverse model."
96/10363,38/1601,131692,"Research on hot-rolling steel products quality control based on BP neural network inverse model."
242/2231,38/1601,131692,"Research on hot-rolling steel products quality control based on BP neural network inverse model."
76/8285,76/8285,131700,"Constrained-storage variable-branch neural tree for classification."
27/3367,26/7627,131702,"Fault diagnosis of gearbox based on RBF-PF and particle swarm optimization wavelet neural network."
36/5945,237/7999,131712,"A random-weighted plane-Gaussian artificial neural network."
36/5945,142/7079,131712,"A random-weighted plane-Gaussian artificial neural network."
36/5945,166/8478,131712,"A random-weighted plane-Gaussian artificial neural network."
36/5945,44/7694,131712,"A random-weighted plane-Gaussian artificial neural network."
36/5945,36/1508,131712,"A random-weighted plane-Gaussian artificial neural network."
237/7999,142/7079,131712,"A random-weighted plane-Gaussian artificial neural network."
237/7999,166/8478,131712,"A random-weighted plane-Gaussian artificial neural network."
237/7999,44/7694,131712,"A random-weighted plane-Gaussian artificial neural network."
237/7999,36/1508,131712,"A random-weighted plane-Gaussian artificial neural network."
142/7079,166/8478,131712,"A random-weighted plane-Gaussian artificial neural network."
142/7079,44/7694,131712,"A random-weighted plane-Gaussian artificial neural network."
142/7079,36/1508,131712,"A random-weighted plane-Gaussian artificial neural network."
166/8478,44/7694,131712,"A random-weighted plane-Gaussian artificial neural network."
166/8478,36/1508,131712,"A random-weighted plane-Gaussian artificial neural network."
44/7694,36/1508,131712,"A random-weighted plane-Gaussian artificial neural network."
246/2755,77/1318-26,131714,"Query-specific optimal convolutional neural ranker."
246/2755,198/0466,131714,"Query-specific optimal convolutional neural ranker."
77/1318-26,198/0466,131714,"Query-specific optimal convolutional neural ranker."
135/8909,28/3828,131715,"An improved feed-forward neural network based on UKF and strong tracking filtering to establish energy consumption model for aluminum electrolysis process."
135/8909,64/377,131715,"An improved feed-forward neural network based on UKF and strong tracking filtering to establish energy consumption model for aluminum electrolysis process."
135/8909,33/1429,131715,"An improved feed-forward neural network based on UKF and strong tracking filtering to establish energy consumption model for aluminum electrolysis process."
135/8909,31/1821,131715,"An improved feed-forward neural network based on UKF and strong tracking filtering to establish energy consumption model for aluminum electrolysis process."
28/3828,64/377,131715,"An improved feed-forward neural network based on UKF and strong tracking filtering to establish energy consumption model for aluminum electrolysis process."
28/3828,33/1429,131715,"An improved feed-forward neural network based on UKF and strong tracking filtering to establish energy consumption model for aluminum electrolysis process."
28/3828,31/1821,131715,"An improved feed-forward neural network based on UKF and strong tracking filtering to establish energy consumption model for aluminum electrolysis process."
64/377,33/1429,131715,"An improved feed-forward neural network based on UKF and strong tracking filtering to establish energy consumption model for aluminum electrolysis process."
64/377,31/1821,131715,"An improved feed-forward neural network based on UKF and strong tracking filtering to establish energy consumption model for aluminum electrolysis process."
33/1429,31/1821,131715,"An improved feed-forward neural network based on UKF and strong tracking filtering to establish energy consumption model for aluminum electrolysis process."
57/8228,158/1764,131717,"A dynamic neural network model for accelerating preliminary parameterization of 3D triangular mesh surfaces."
251/9067,251/8370,131719,"Recurrent fuzzy wavelet neural networks based on robust adaptive sliding mode control for industrial robot manipulators."
251/9067,163/3772,131719,"Recurrent fuzzy wavelet neural networks based on robust adaptive sliding mode control for industrial robot manipulators."
251/8370,163/3772,131719,"Recurrent fuzzy wavelet neural networks based on robust adaptive sliding mode control for industrial robot manipulators."
120/1088,27/6974,131723,"Delay-distribution-dependent non-fragile state estimation for discrete-time neural networks under event-triggered mechanism."
120/1088,97/5229,131723,"Delay-distribution-dependent non-fragile state estimation for discrete-time neural networks under event-triggered mechanism."
120/1088,153/2952,131723,"Delay-distribution-dependent non-fragile state estimation for discrete-time neural networks under event-triggered mechanism."
27/6974,97/5229,131723,"Delay-distribution-dependent non-fragile state estimation for discrete-time neural networks under event-triggered mechanism."
27/6974,153/2952,131723,"Delay-distribution-dependent non-fragile state estimation for discrete-time neural networks under event-triggered mechanism."
97/5229,153/2952,131723,"Delay-distribution-dependent non-fragile state estimation for discrete-time neural networks under event-triggered mechanism."
239/0030,62/4473,131731,"Prediction of the mean grain size of MA-synthesized nanopowders by artificial neural networks."
241/6677,241/6677,131737,"State observer-based adaptive neural dynamic surface control for a class of uncertain nonlinear systems with input saturation using disturbance observer."
56/3429-1,14/1342,131742,"Multi-parameter online measurement IoT system based on BP neural network algorithm."
56/3429-1,252/3803,131742,"Multi-parameter online measurement IoT system based on BP neural network algorithm."
14/1342,252/3803,131742,"Multi-parameter online measurement IoT system based on BP neural network algorithm."
152/1325,03/3890-4,131744,"Exponential stability analysis for delayed complex-valued memristor-based recurrent neural networks."
152/1325,72/4213,131744,"Exponential stability analysis for delayed complex-valued memristor-based recurrent neural networks."
152/1325,21/10939,131744,"Exponential stability analysis for delayed complex-valued memristor-based recurrent neural networks."
03/3890-4,72/4213,131744,"Exponential stability analysis for delayed complex-valued memristor-based recurrent neural networks."
03/3890-4,21/10939,131744,"Exponential stability analysis for delayed complex-valued memristor-based recurrent neural networks."
72/4213,21/10939,131744,"Exponential stability analysis for delayed complex-valued memristor-based recurrent neural networks."
220/0393,99/4694-1,131749,"NNIRSS - neural network-based intelligent routing scheme for SDN."
220/0393,95/8385,131749,"NNIRSS - neural network-based intelligent routing scheme for SDN."
220/0393,44/1356-1,131749,"NNIRSS - neural network-based intelligent routing scheme for SDN."
99/4694-1,95/8385,131749,"NNIRSS - neural network-based intelligent routing scheme for SDN."
99/4694-1,44/1356-1,131749,"NNIRSS - neural network-based intelligent routing scheme for SDN."
95/8385,44/1356-1,131749,"NNIRSS - neural network-based intelligent routing scheme for SDN."
206/9385,26/2350,131755,"Neural dynamics-based Poisson propagation for deformable modelling."
206/9385,18/4420,131755,"Neural dynamics-based Poisson propagation for deformable modelling."
206/9385,03/7613,131755,"Neural dynamics-based Poisson propagation for deformable modelling."
26/2350,18/4420,131755,"Neural dynamics-based Poisson propagation for deformable modelling."
26/2350,03/7613,131755,"Neural dynamics-based Poisson propagation for deformable modelling."
18/4420,03/7613,131755,"Neural dynamics-based Poisson propagation for deformable modelling."
50/2034,17/5023,131762,"New stochastic synchronization criteria for fuzzy Markovian hybrid neural networks with random coupling strengths."
50/2034,83/6792,131762,"New stochastic synchronization criteria for fuzzy Markovian hybrid neural networks with random coupling strengths."
17/5023,83/6792,131762,"New stochastic synchronization criteria for fuzzy Markovian hybrid neural networks with random coupling strengths."
19/8104,97/8704,131768,"Predicting movie box-office revenues using deep neural networks."
19/8104,63/1807,131768,"Predicting movie box-office revenues using deep neural networks."
97/8704,63/1807,131768,"Predicting movie box-office revenues using deep neural networks."
250/0880,96/2991,131848,"One Step Back, Two Steps Forward - Interference and Learning in Recurrent Neural Networks."
236/2378,61/11015,131863,"Modeling the Correlated Activity of Neural Populations - A Review."
236/2378,30/3510,131863,"Modeling the Correlated Activity of Neural Populations - A Review."
61/11015,30/3510,131863,"Modeling the Correlated Activity of Neural Populations - A Review."
54/10615,18/2467,131864,"Multi-Input, Multi-Output Neuronal Mode Network Approach to Modeling the Encoding Dynamics and Functional Connectivity of Neural Systems."
54/10615,95/1597,131864,"Multi-Input, Multi-Output Neuronal Mode Network Approach to Modeling the Encoding Dynamics and Functional Connectivity of Neural Systems."
54/10615,62/7576,131864,"Multi-Input, Multi-Output Neuronal Mode Network Approach to Modeling the Encoding Dynamics and Functional Connectivity of Neural Systems."
54/10615,00/7577,131864,"Multi-Input, Multi-Output Neuronal Mode Network Approach to Modeling the Encoding Dynamics and Functional Connectivity of Neural Systems."
54/10615,02/1070,131864,"Multi-Input, Multi-Output Neuronal Mode Network Approach to Modeling the Encoding Dynamics and Functional Connectivity of Neural Systems."
54/10615,51/3936,131864,"Multi-Input, Multi-Output Neuronal Mode Network Approach to Modeling the Encoding Dynamics and Functional Connectivity of Neural Systems."
18/2467,95/1597,131864,"Multi-Input, Multi-Output Neuronal Mode Network Approach to Modeling the Encoding Dynamics and Functional Connectivity of Neural Systems."
18/2467,62/7576,131864,"Multi-Input, Multi-Output Neuronal Mode Network Approach to Modeling the Encoding Dynamics and Functional Connectivity of Neural Systems."
18/2467,00/7577,131864,"Multi-Input, Multi-Output Neuronal Mode Network Approach to Modeling the Encoding Dynamics and Functional Connectivity of Neural Systems."
18/2467,02/1070,131864,"Multi-Input, Multi-Output Neuronal Mode Network Approach to Modeling the Encoding Dynamics and Functional Connectivity of Neural Systems."
18/2467,51/3936,131864,"Multi-Input, Multi-Output Neuronal Mode Network Approach to Modeling the Encoding Dynamics and Functional Connectivity of Neural Systems."
95/1597,62/7576,131864,"Multi-Input, Multi-Output Neuronal Mode Network Approach to Modeling the Encoding Dynamics and Functional Connectivity of Neural Systems."
95/1597,00/7577,131864,"Multi-Input, Multi-Output Neuronal Mode Network Approach to Modeling the Encoding Dynamics and Functional Connectivity of Neural Systems."
95/1597,02/1070,131864,"Multi-Input, Multi-Output Neuronal Mode Network Approach to Modeling the Encoding Dynamics and Functional Connectivity of Neural Systems."
95/1597,51/3936,131864,"Multi-Input, Multi-Output Neuronal Mode Network Approach to Modeling the Encoding Dynamics and Functional Connectivity of Neural Systems."
62/7576,00/7577,131864,"Multi-Input, Multi-Output Neuronal Mode Network Approach to Modeling the Encoding Dynamics and Functional Connectivity of Neural Systems."
62/7576,02/1070,131864,"Multi-Input, Multi-Output Neuronal Mode Network Approach to Modeling the Encoding Dynamics and Functional Connectivity of Neural Systems."
62/7576,51/3936,131864,"Multi-Input, Multi-Output Neuronal Mode Network Approach to Modeling the Encoding Dynamics and Functional Connectivity of Neural Systems."
00/7577,02/1070,131864,"Multi-Input, Multi-Output Neuronal Mode Network Approach to Modeling the Encoding Dynamics and Functional Connectivity of Neural Systems."
00/7577,51/3936,131864,"Multi-Input, Multi-Output Neuronal Mode Network Approach to Modeling the Encoding Dynamics and Functional Connectivity of Neural Systems."
02/1070,51/3936,131864,"Multi-Input, Multi-Output Neuronal Mode Network Approach to Modeling the Encoding Dynamics and Functional Connectivity of Neural Systems."
184/3376,07/5089,131865,"Sensitivity to Stimulus Irregularity Is Inherent in Neural Networks."
184/3376,59/1179,131865,"Sensitivity to Stimulus Irregularity Is Inherent in Neural Networks."
184/3376,31/8919,131865,"Sensitivity to Stimulus Irregularity Is Inherent in Neural Networks."
07/5089,59/1179,131865,"Sensitivity to Stimulus Irregularity Is Inherent in Neural Networks."
07/5089,31/8919,131865,"Sensitivity to Stimulus Irregularity Is Inherent in Neural Networks."
59/1179,31/8919,131865,"Sensitivity to Stimulus Irregularity Is Inherent in Neural Networks."
175/9687,68/8,131866,"Vector-Derived Transformation Binding - An Improved Binding Operation for Deep Symbol-Like Processing in Neural Networks."
48/9465,203/4995,131870,"State-Space Representations of Deep Neural Networks."
48/9465,222/1987,131870,"State-Space Representations of Deep Neural Networks."
48/9465,22/5409,131870,"State-Space Representations of Deep Neural Networks."
203/4995,222/1987,131870,"State-Space Representations of Deep Neural Networks."
203/4995,22/5409,131870,"State-Space Representations of Deep Neural Networks."
222/1987,22/5409,131870,"State-Space Representations of Deep Neural Networks."
03/1777,233/6696,131881,"Dual Neural Network Method for Solving Multiple Definite Integrals."
03/1777,59/10481,131881,"Dual Neural Network Method for Solving Multiple Definite Integrals."
233/6696,59/10481,131881,"Dual Neural Network Method for Solving Multiple Definite Integrals."
233/6709,97/4615,131893,"Decoding of Neural Data Using Cohomological Feature Extraction."
233/6709,160/0180,131893,"Decoding of Neural Data Using Cohomological Feature Extraction."
97/4615,160/0180,131893,"Decoding of Neural Data Using Cohomological Feature Extraction."
211/7927,19/6211,131897,"On the Organization of Grid and Place Cells - Neural Denoising via Subspace Learning."
196/2932,216/9752,131898,"A Mechanism for Synaptic Copy Between Neural Circuits."
196/2932,83/8535,131898,"A Mechanism for Synaptic Copy Between Neural Circuits."
196/2932,96/125,131898,"A Mechanism for Synaptic Copy Between Neural Circuits."
216/9752,83/8535,131898,"A Mechanism for Synaptic Copy Between Neural Circuits."
216/9752,96/125,131898,"A Mechanism for Synaptic Copy Between Neural Circuits."
83/8535,96/125,131898,"A Mechanism for Synaptic Copy Between Neural Circuits."
44/10581,46/1669,131900,"Effective Dimensionality Reduction for Visualizing Neural Dynamics by Laplacian Eigenmaps."
44/10581,52/5040,131900,"Effective Dimensionality Reduction for Visualizing Neural Dynamics by Laplacian Eigenmaps."
44/10581,30/495,131900,"Effective Dimensionality Reduction for Visualizing Neural Dynamics by Laplacian Eigenmaps."
44/10581,128/7431,131900,"Effective Dimensionality Reduction for Visualizing Neural Dynamics by Laplacian Eigenmaps."
44/10581,34/528,131900,"Effective Dimensionality Reduction for Visualizing Neural Dynamics by Laplacian Eigenmaps."
44/10581,35/5215,131900,"Effective Dimensionality Reduction for Visualizing Neural Dynamics by Laplacian Eigenmaps."
46/1669,52/5040,131900,"Effective Dimensionality Reduction for Visualizing Neural Dynamics by Laplacian Eigenmaps."
46/1669,30/495,131900,"Effective Dimensionality Reduction for Visualizing Neural Dynamics by Laplacian Eigenmaps."
46/1669,128/7431,131900,"Effective Dimensionality Reduction for Visualizing Neural Dynamics by Laplacian Eigenmaps."
46/1669,34/528,131900,"Effective Dimensionality Reduction for Visualizing Neural Dynamics by Laplacian Eigenmaps."
46/1669,35/5215,131900,"Effective Dimensionality Reduction for Visualizing Neural Dynamics by Laplacian Eigenmaps."
52/5040,30/495,131900,"Effective Dimensionality Reduction for Visualizing Neural Dynamics by Laplacian Eigenmaps."
52/5040,128/7431,131900,"Effective Dimensionality Reduction for Visualizing Neural Dynamics by Laplacian Eigenmaps."
52/5040,34/528,131900,"Effective Dimensionality Reduction for Visualizing Neural Dynamics by Laplacian Eigenmaps."
52/5040,35/5215,131900,"Effective Dimensionality Reduction for Visualizing Neural Dynamics by Laplacian Eigenmaps."
30/495,128/7431,131900,"Effective Dimensionality Reduction for Visualizing Neural Dynamics by Laplacian Eigenmaps."
30/495,34/528,131900,"Effective Dimensionality Reduction for Visualizing Neural Dynamics by Laplacian Eigenmaps."
30/495,35/5215,131900,"Effective Dimensionality Reduction for Visualizing Neural Dynamics by Laplacian Eigenmaps."
128/7431,34/528,131900,"Effective Dimensionality Reduction for Visualizing Neural Dynamics by Laplacian Eigenmaps."
128/7431,35/5215,131900,"Effective Dimensionality Reduction for Visualizing Neural Dynamics by Laplacian Eigenmaps."
34/528,35/5215,131900,"Effective Dimensionality Reduction for Visualizing Neural Dynamics by Laplacian Eigenmaps."
187/5771,41/1876,131908,"Brain Morphometry Methods for Feature Extraction in Random Subspace Ensemble Neural Network Classification of First-Episode Schizophrenia."
187/5771,54/3213,131908,"Brain Morphometry Methods for Feature Extraction in Random Subspace Ensemble Neural Network Classification of First-Episode Schizophrenia."
41/1876,54/3213,131908,"Brain Morphometry Methods for Feature Extraction in Random Subspace Ensemble Neural Network Classification of First-Episode Schizophrenia."
43/5685-13,07/8041,131912,"A Review of Recurrent Neural Networks - LSTM Cells and Network Architectures."
43/5685-13,18/7294,131912,"A Review of Recurrent Neural Networks - LSTM Cells and Network Architectures."
43/5685-13,152/3315,131912,"A Review of Recurrent Neural Networks - LSTM Cells and Network Architectures."
07/8041,18/7294,131912,"A Review of Recurrent Neural Networks - LSTM Cells and Network Architectures."
07/8041,152/3315,131912,"A Review of Recurrent Neural Networks - LSTM Cells and Network Architectures."
18/7294,152/3315,131912,"A Review of Recurrent Neural Networks - LSTM Cells and Network Architectures."
241/9209,18/9679,132630,"Intergroup empathy - Enhanced neural resonance for ingroup facial emotion in a shared neural production-perception network."
241/9209,241/8932,132630,"Intergroup empathy - Enhanced neural resonance for ingroup facial emotion in a shared neural production-perception network."
241/9209,241/9197,132630,"Intergroup empathy - Enhanced neural resonance for ingroup facial emotion in a shared neural production-perception network."
241/9209,241/8915,132630,"Intergroup empathy - Enhanced neural resonance for ingroup facial emotion in a shared neural production-perception network."
241/9209,125/4314,132630,"Intergroup empathy - Enhanced neural resonance for ingroup facial emotion in a shared neural production-perception network."
241/9209,87/7492,132630,"Intergroup empathy - Enhanced neural resonance for ingroup facial emotion in a shared neural production-perception network."
241/9209,65/6023,132630,"Intergroup empathy - Enhanced neural resonance for ingroup facial emotion in a shared neural production-perception network."
18/9679,241/8932,132630,"Intergroup empathy - Enhanced neural resonance for ingroup facial emotion in a shared neural production-perception network."
18/9679,241/9197,132630,"Intergroup empathy - Enhanced neural resonance for ingroup facial emotion in a shared neural production-perception network."
18/9679,241/8915,132630,"Intergroup empathy - Enhanced neural resonance for ingroup facial emotion in a shared neural production-perception network."
18/9679,125/4314,132630,"Intergroup empathy - Enhanced neural resonance for ingroup facial emotion in a shared neural production-perception network."
18/9679,87/7492,132630,"Intergroup empathy - Enhanced neural resonance for ingroup facial emotion in a shared neural production-perception network."
18/9679,65/6023,132630,"Intergroup empathy - Enhanced neural resonance for ingroup facial emotion in a shared neural production-perception network."
241/8932,241/9197,132630,"Intergroup empathy - Enhanced neural resonance for ingroup facial emotion in a shared neural production-perception network."
241/8932,241/8915,132630,"Intergroup empathy - Enhanced neural resonance for ingroup facial emotion in a shared neural production-perception network."
241/8932,125/4314,132630,"Intergroup empathy - Enhanced neural resonance for ingroup facial emotion in a shared neural production-perception network."
241/8932,87/7492,132630,"Intergroup empathy - Enhanced neural resonance for ingroup facial emotion in a shared neural production-perception network."
241/8932,65/6023,132630,"Intergroup empathy - Enhanced neural resonance for ingroup facial emotion in a shared neural production-perception network."
241/9197,241/8915,132630,"Intergroup empathy - Enhanced neural resonance for ingroup facial emotion in a shared neural production-perception network."
241/9197,125/4314,132630,"Intergroup empathy - Enhanced neural resonance for ingroup facial emotion in a shared neural production-perception network."
241/9197,87/7492,132630,"Intergroup empathy - Enhanced neural resonance for ingroup facial emotion in a shared neural production-perception network."
241/9197,65/6023,132630,"Intergroup empathy - Enhanced neural resonance for ingroup facial emotion in a shared neural production-perception network."
241/8915,125/4314,132630,"Intergroup empathy - Enhanced neural resonance for ingroup facial emotion in a shared neural production-perception network."
241/8915,87/7492,132630,"Intergroup empathy - Enhanced neural resonance for ingroup facial emotion in a shared neural production-perception network."
241/8915,65/6023,132630,"Intergroup empathy - Enhanced neural resonance for ingroup facial emotion in a shared neural production-perception network."
125/4314,87/7492,132630,"Intergroup empathy - Enhanced neural resonance for ingroup facial emotion in a shared neural production-perception network."
125/4314,65/6023,132630,"Intergroup empathy - Enhanced neural resonance for ingroup facial emotion in a shared neural production-perception network."
87/7492,65/6023,132630,"Intergroup empathy - Enhanced neural resonance for ingroup facial emotion in a shared neural production-perception network."
158/6816,240/2918,132696,"Interplay between prior knowledge and communication mode on teaching effectiveness - Interpersonal neural synchronization as a neural marker."
158/6816,240/3119,132696,"Interplay between prior knowledge and communication mode on teaching effectiveness - Interpersonal neural synchronization as a neural marker."
158/6816,121/8839,132696,"Interplay between prior knowledge and communication mode on teaching effectiveness - Interpersonal neural synchronization as a neural marker."
158/6816,09/5856,132696,"Interplay between prior knowledge and communication mode on teaching effectiveness - Interpersonal neural synchronization as a neural marker."
158/6816,240/2780,132696,"Interplay between prior knowledge and communication mode on teaching effectiveness - Interpersonal neural synchronization as a neural marker."
158/6816,02/11111,132696,"Interplay between prior knowledge and communication mode on teaching effectiveness - Interpersonal neural synchronization as a neural marker."
240/2918,240/3119,132696,"Interplay between prior knowledge and communication mode on teaching effectiveness - Interpersonal neural synchronization as a neural marker."
240/2918,121/8839,132696,"Interplay between prior knowledge and communication mode on teaching effectiveness - Interpersonal neural synchronization as a neural marker."
240/2918,09/5856,132696,"Interplay between prior knowledge and communication mode on teaching effectiveness - Interpersonal neural synchronization as a neural marker."
240/2918,240/2780,132696,"Interplay between prior knowledge and communication mode on teaching effectiveness - Interpersonal neural synchronization as a neural marker."
240/2918,02/11111,132696,"Interplay between prior knowledge and communication mode on teaching effectiveness - Interpersonal neural synchronization as a neural marker."
240/3119,121/8839,132696,"Interplay between prior knowledge and communication mode on teaching effectiveness - Interpersonal neural synchronization as a neural marker."
240/3119,09/5856,132696,"Interplay between prior knowledge and communication mode on teaching effectiveness - Interpersonal neural synchronization as a neural marker."
240/3119,240/2780,132696,"Interplay between prior knowledge and communication mode on teaching effectiveness - Interpersonal neural synchronization as a neural marker."
240/3119,02/11111,132696,"Interplay between prior knowledge and communication mode on teaching effectiveness - Interpersonal neural synchronization as a neural marker."
121/8839,09/5856,132696,"Interplay between prior knowledge and communication mode on teaching effectiveness - Interpersonal neural synchronization as a neural marker."
121/8839,240/2780,132696,"Interplay between prior knowledge and communication mode on teaching effectiveness - Interpersonal neural synchronization as a neural marker."
121/8839,02/11111,132696,"Interplay between prior knowledge and communication mode on teaching effectiveness - Interpersonal neural synchronization as a neural marker."
09/5856,240/2780,132696,"Interplay between prior knowledge and communication mode on teaching effectiveness - Interpersonal neural synchronization as a neural marker."
09/5856,02/11111,132696,"Interplay between prior knowledge and communication mode on teaching effectiveness - Interpersonal neural synchronization as a neural marker."
240/2780,02/11111,132696,"Interplay between prior knowledge and communication mode on teaching effectiveness - Interpersonal neural synchronization as a neural marker."
174/5394,37/752,133125,"Neural variability quenching during decision-making - Neural individuality and its prestimulus complexity."
174/5394,157/1393,133125,"Neural variability quenching during decision-making - Neural individuality and its prestimulus complexity."
174/5394,133/3958,133125,"Neural variability quenching during decision-making - Neural individuality and its prestimulus complexity."
174/5394,74/2686,133125,"Neural variability quenching during decision-making - Neural individuality and its prestimulus complexity."
174/5394,18/10741,133125,"Neural variability quenching during decision-making - Neural individuality and its prestimulus complexity."
37/752,157/1393,133125,"Neural variability quenching during decision-making - Neural individuality and its prestimulus complexity."
37/752,133/3958,133125,"Neural variability quenching during decision-making - Neural individuality and its prestimulus complexity."
37/752,74/2686,133125,"Neural variability quenching during decision-making - Neural individuality and its prestimulus complexity."
37/752,18/10741,133125,"Neural variability quenching during decision-making - Neural individuality and its prestimulus complexity."
157/1393,133/3958,133125,"Neural variability quenching during decision-making - Neural individuality and its prestimulus complexity."
157/1393,74/2686,133125,"Neural variability quenching during decision-making - Neural individuality and its prestimulus complexity."
157/1393,18/10741,133125,"Neural variability quenching during decision-making - Neural individuality and its prestimulus complexity."
133/3958,74/2686,133125,"Neural variability quenching during decision-making - Neural individuality and its prestimulus complexity."
133/3958,18/10741,133125,"Neural variability quenching during decision-making - Neural individuality and its prestimulus complexity."
74/2686,18/10741,133125,"Neural variability quenching during decision-making - Neural individuality and its prestimulus complexity."
180/4930,77/1969,133699,"Redundant feature pruning for accelerated inference in deep neural networks."
180/4930,83/5255,133699,"Redundant feature pruning for accelerated inference in deep neural networks."
77/1969,83/5255,133699,"Redundant feature pruning for accelerated inference in deep neural networks."
54/1564,67/6061,133700,"The capacity of feedforward neural networks."
93/6604,80/6273-1,133701,"Non-fragile state estimation for fractional-order delayed memristive BAM neural networks."
93/6604,77/2845,133701,"Non-fragile state estimation for fractional-order delayed memristive BAM neural networks."
80/6273-1,77/2845,133701,"Non-fragile state estimation for fractional-order delayed memristive BAM neural networks."
93/6335,a/AFRAraujo,133702,"A neural network architecture for learning word-referent associations in multiple contexts."
48/5367,143/2961,133705,"Deep neural network concepts for background subtraction - A systematic review and comparative evaluation."
48/5367,210/1661,133705,"Deep neural network concepts for background subtraction - A systematic review and comparative evaluation."
48/5367,86/4668,133705,"Deep neural network concepts for background subtraction - A systematic review and comparative evaluation."
143/2961,210/1661,133705,"Deep neural network concepts for background subtraction - A systematic review and comparative evaluation."
143/2961,86/4668,133705,"Deep neural network concepts for background subtraction - A systematic review and comparative evaluation."
210/1661,86/4668,133705,"Deep neural network concepts for background subtraction - A systematic review and comparative evaluation."
b/MartinVButz,227/2709,133707,"Learning, planning, and control in a monolithic neural event inference architecture."
b/MartinVButz,227/3033,133707,"Learning, planning, and control in a monolithic neural event inference architecture."
b/MartinVButz,59/3915,133707,"Learning, planning, and control in a monolithic neural event inference architecture."
b/MartinVButz,95/10151,133707,"Learning, planning, and control in a monolithic neural event inference architecture."
227/2709,227/3033,133707,"Learning, planning, and control in a monolithic neural event inference architecture."
227/2709,59/3915,133707,"Learning, planning, and control in a monolithic neural event inference architecture."
227/2709,95/10151,133707,"Learning, planning, and control in a monolithic neural event inference architecture."
227/3033,59/3915,133707,"Learning, planning, and control in a monolithic neural event inference architecture."
227/3033,95/10151,133707,"Learning, planning, and control in a monolithic neural event inference architecture."
59/3915,95/10151,133707,"Learning, planning, and control in a monolithic neural event inference architecture."
230/2126,180/6757,133708,"Passivity analysis of delayed reaction-diffusion memristor-based neural networks."
230/2126,91/1037,133708,"Passivity analysis of delayed reaction-diffusion memristor-based neural networks."
230/2126,24/647,133708,"Passivity analysis of delayed reaction-diffusion memristor-based neural networks."
230/2126,85/1640,133708,"Passivity analysis of delayed reaction-diffusion memristor-based neural networks."
180/6757,91/1037,133708,"Passivity analysis of delayed reaction-diffusion memristor-based neural networks."
180/6757,24/647,133708,"Passivity analysis of delayed reaction-diffusion memristor-based neural networks."
180/6757,85/1640,133708,"Passivity analysis of delayed reaction-diffusion memristor-based neural networks."
91/1037,24/647,133708,"Passivity analysis of delayed reaction-diffusion memristor-based neural networks."
91/1037,85/1640,133708,"Passivity analysis of delayed reaction-diffusion memristor-based neural networks."
24/647,85/1640,133708,"Passivity analysis of delayed reaction-diffusion memristor-based neural networks."
180/6757,167/2241,133709,"Synchronization of memristive neural networks with leakage delay and parameters mismatch via event-triggered control."
180/6757,34/7343,133709,"Synchronization of memristive neural networks with leakage delay and parameters mismatch via event-triggered control."
180/6757,24/647,133709,"Synchronization of memristive neural networks with leakage delay and parameters mismatch via event-triggered control."
180/6757,91/1037,133709,"Synchronization of memristive neural networks with leakage delay and parameters mismatch via event-triggered control."
167/2241,34/7343,133709,"Synchronization of memristive neural networks with leakage delay and parameters mismatch via event-triggered control."
167/2241,24/647,133709,"Synchronization of memristive neural networks with leakage delay and parameters mismatch via event-triggered control."
167/2241,91/1037,133709,"Synchronization of memristive neural networks with leakage delay and parameters mismatch via event-triggered control."
34/7343,24/647,133709,"Synchronization of memristive neural networks with leakage delay and parameters mismatch via event-triggered control."
34/7343,91/1037,133709,"Synchronization of memristive neural networks with leakage delay and parameters mismatch via event-triggered control."
24/647,91/1037,133709,"Synchronization of memristive neural networks with leakage delay and parameters mismatch via event-triggered control."
97/10115,64/9746,133714,"Ensemble Neural Networks (ENN) - A gradient-free stochastic method."
97/10115,33/6937,133714,"Ensemble Neural Networks (ENN) - A gradient-free stochastic method."
97/10115,01/3131,133714,"Ensemble Neural Networks (ENN) - A gradient-free stochastic method."
64/9746,33/6937,133714,"Ensemble Neural Networks (ENN) - A gradient-free stochastic method."
64/9746,01/3131,133714,"Ensemble Neural Networks (ENN) - A gradient-free stochastic method."
33/6937,01/3131,133714,"Ensemble Neural Networks (ENN) - A gradient-free stochastic method."
88/1450,24/647,133715,"Delay-dependent criterion for asymptotic stability of a class of fractional-order memristive neural networks with time-varying delays."
88/1450,57/3831,133715,"Delay-dependent criterion for asymptotic stability of a class of fractional-order memristive neural networks with time-varying delays."
88/1450,128/4262,133715,"Delay-dependent criterion for asymptotic stability of a class of fractional-order memristive neural networks with time-varying delays."
88/1450,72/6108,133715,"Delay-dependent criterion for asymptotic stability of a class of fractional-order memristive neural networks with time-varying delays."
88/1450,09/950,133715,"Delay-dependent criterion for asymptotic stability of a class of fractional-order memristive neural networks with time-varying delays."
24/647,57/3831,133715,"Delay-dependent criterion for asymptotic stability of a class of fractional-order memristive neural networks with time-varying delays."
24/647,128/4262,133715,"Delay-dependent criterion for asymptotic stability of a class of fractional-order memristive neural networks with time-varying delays."
24/647,72/6108,133715,"Delay-dependent criterion for asymptotic stability of a class of fractional-order memristive neural networks with time-varying delays."
24/647,09/950,133715,"Delay-dependent criterion for asymptotic stability of a class of fractional-order memristive neural networks with time-varying delays."
57/3831,128/4262,133715,"Delay-dependent criterion for asymptotic stability of a class of fractional-order memristive neural networks with time-varying delays."
57/3831,72/6108,133715,"Delay-dependent criterion for asymptotic stability of a class of fractional-order memristive neural networks with time-varying delays."
57/3831,09/950,133715,"Delay-dependent criterion for asymptotic stability of a class of fractional-order memristive neural networks with time-varying delays."
128/4262,72/6108,133715,"Delay-dependent criterion for asymptotic stability of a class of fractional-order memristive neural networks with time-varying delays."
128/4262,09/950,133715,"Delay-dependent criterion for asymptotic stability of a class of fractional-order memristive neural networks with time-varying delays."
72/6108,09/950,133715,"Delay-dependent criterion for asymptotic stability of a class of fractional-order memristive neural networks with time-varying delays."
03/1359,73/6284,133716,"Fixed-time synchronization of inertial memristor-based neural networks with discrete delay."
03/1359,40/1762,133716,"Fixed-time synchronization of inertial memristor-based neural networks with discrete delay."
03/1359,33/5774,133716,"Fixed-time synchronization of inertial memristor-based neural networks with discrete delay."
73/6284,40/1762,133716,"Fixed-time synchronization of inertial memristor-based neural networks with discrete delay."
73/6284,33/5774,133716,"Fixed-time synchronization of inertial memristor-based neural networks with discrete delay."
40/1762,33/5774,133716,"Fixed-time synchronization of inertial memristor-based neural networks with discrete delay."
154/4103,00/4449,133717,"Closed-loop control of nonlinear neural networks - The estimate of control time and energy cost."
154/4103,78/5832,133717,"Closed-loop control of nonlinear neural networks - The estimate of control time and energy cost."
00/4449,78/5832,133717,"Closed-loop control of nonlinear neural networks - The estimate of control time and energy cost."
168/4512,k/NikolaKKasabov,133723,"Personalised modelling with spiking neural networks integrating temporal and static information."
168/4512,186/6914,133723,"Personalised modelling with spiking neural networks integrating temporal and static information."
168/4512,250/3090,133723,"Personalised modelling with spiking neural networks integrating temporal and static information."
168/4512,146/8165,133723,"Personalised modelling with spiking neural networks integrating temporal and static information."
168/4512,43/8647,133723,"Personalised modelling with spiking neural networks integrating temporal and static information."
k/NikolaKKasabov,186/6914,133723,"Personalised modelling with spiking neural networks integrating temporal and static information."
k/NikolaKKasabov,250/3090,133723,"Personalised modelling with spiking neural networks integrating temporal and static information."
k/NikolaKKasabov,146/8165,133723,"Personalised modelling with spiking neural networks integrating temporal and static information."
k/NikolaKKasabov,43/8647,133723,"Personalised modelling with spiking neural networks integrating temporal and static information."
186/6914,250/3090,133723,"Personalised modelling with spiking neural networks integrating temporal and static information."
186/6914,146/8165,133723,"Personalised modelling with spiking neural networks integrating temporal and static information."
186/6914,43/8647,133723,"Personalised modelling with spiking neural networks integrating temporal and static information."
250/3090,146/8165,133723,"Personalised modelling with spiking neural networks integrating temporal and static information."
250/3090,43/8647,133723,"Personalised modelling with spiking neural networks integrating temporal and static information."
146/8165,43/8647,133723,"Personalised modelling with spiking neural networks integrating temporal and static information."
201/4180,18/8907,133727,"Dreaming neural networks - Forgetting spurious memories and reinforcing pure ones."
201/4180,49/8910,133727,"Dreaming neural networks - Forgetting spurious memories and reinforcing pure ones."
18/8907,49/8910,133727,"Dreaming neural networks - Forgetting spurious memories and reinforcing pure ones."
43/5763-3,61/4396,133728,"Switching event-triggered control for global stabilization of delayed memristive neural networks - An exponential attenuation scheme."
43/5763-3,26/2210,133728,"Switching event-triggered control for global stabilization of delayed memristive neural networks - An exponential attenuation scheme."
43/5763-3,77/2845,133728,"Switching event-triggered control for global stabilization of delayed memristive neural networks - An exponential attenuation scheme."
61/4396,26/2210,133728,"Switching event-triggered control for global stabilization of delayed memristive neural networks - An exponential attenuation scheme."
61/4396,77/2845,133728,"Switching event-triggered control for global stabilization of delayed memristive neural networks - An exponential attenuation scheme."
26/2210,77/2845,133728,"Switching event-triggered control for global stabilization of delayed memristive neural networks - An exponential attenuation scheme."
250/3177,82/4293,133730,"Combining Hopfield neural networks, with applications to grid-based mathematics puzzles."
181/8028,67/1466,133739,"Novel bifurcation results for a delayed fractional-order quaternion-valued neural network."
181/8028,24/3533,133739,"Novel bifurcation results for a delayed fractional-order quaternion-valued neural network."
181/8028,10/6543,133739,"Novel bifurcation results for a delayed fractional-order quaternion-valued neural network."
181/8028,08/8175,133739,"Novel bifurcation results for a delayed fractional-order quaternion-valued neural network."
181/8028,06/230,133739,"Novel bifurcation results for a delayed fractional-order quaternion-valued neural network."
181/8028,77/2845,133739,"Novel bifurcation results for a delayed fractional-order quaternion-valued neural network."
67/1466,24/3533,133739,"Novel bifurcation results for a delayed fractional-order quaternion-valued neural network."
67/1466,10/6543,133739,"Novel bifurcation results for a delayed fractional-order quaternion-valued neural network."
67/1466,08/8175,133739,"Novel bifurcation results for a delayed fractional-order quaternion-valued neural network."
67/1466,06/230,133739,"Novel bifurcation results for a delayed fractional-order quaternion-valued neural network."
67/1466,77/2845,133739,"Novel bifurcation results for a delayed fractional-order quaternion-valued neural network."
24/3533,10/6543,133739,"Novel bifurcation results for a delayed fractional-order quaternion-valued neural network."
24/3533,08/8175,133739,"Novel bifurcation results for a delayed fractional-order quaternion-valued neural network."
24/3533,06/230,133739,"Novel bifurcation results for a delayed fractional-order quaternion-valued neural network."
24/3533,77/2845,133739,"Novel bifurcation results for a delayed fractional-order quaternion-valued neural network."
10/6543,08/8175,133739,"Novel bifurcation results for a delayed fractional-order quaternion-valued neural network."
10/6543,06/230,133739,"Novel bifurcation results for a delayed fractional-order quaternion-valued neural network."
10/6543,77/2845,133739,"Novel bifurcation results for a delayed fractional-order quaternion-valued neural network."
08/8175,06/230,133739,"Novel bifurcation results for a delayed fractional-order quaternion-valued neural network."
08/8175,77/2845,133739,"Novel bifurcation results for a delayed fractional-order quaternion-valued neural network."
06/230,77/2845,133739,"Novel bifurcation results for a delayed fractional-order quaternion-valued neural network."
11/1244,04/4166,133741,"Evolving neural networks to follow trajectories of arbitrary complexity."
132/3137,37/5410,133744,"Photomontage detection using steganography technique based on a neural network."
132/3137,90/11004,133744,"Photomontage detection using steganography technique based on a neural network."
37/5410,90/11004,133744,"Photomontage detection using steganography technique based on a neural network."
140/1689,66/645,133745,"A generalized neural network for distributed nonsmooth optimization with inequality constraint."
140/1689,80/4226,133745,"A generalized neural network for distributed nonsmooth optimization with inequality constraint."
66/645,80/4226,133745,"A generalized neural network for distributed nonsmooth optimization with inequality constraint."
240/7016,08/5217,133749,"Exponential synchronization of time-varying delayed complex-valued neural networks under hybrid impulsive controllers."
240/7016,54/5748,133749,"Exponential synchronization of time-varying delayed complex-valued neural networks under hybrid impulsive controllers."
240/7016,32/3199,133749,"Exponential synchronization of time-varying delayed complex-valued neural networks under hybrid impulsive controllers."
08/5217,54/5748,133749,"Exponential synchronization of time-varying delayed complex-valued neural networks under hybrid impulsive controllers."
08/5217,32/3199,133749,"Exponential synchronization of time-varying delayed complex-valued neural networks under hybrid impulsive controllers."
54/5748,32/3199,133749,"Exponential synchronization of time-varying delayed complex-valued neural networks under hybrid impulsive controllers."
219/0537,72/11200,133751,"Image-based velocity estimation of rock using Convolutional Neural Networks."
k/NikolaKKasabov,k/NikolaKKasabov,133752,"Spiking neural networks for deep learning and knowledge representation - Editorial."
163/3827,215/3419,133753,"A programmable neural virtual machine based on a fast store-erase learning rule."
163/3827,09/9825,133753,"A programmable neural virtual machine based on a fast store-erase learning rule."
163/3827,r/JAReggia,133753,"A programmable neural virtual machine based on a fast store-erase learning rule."
215/3419,09/9825,133753,"A programmable neural virtual machine based on a fast store-erase learning rule."
215/3419,r/JAReggia,133753,"A programmable neural virtual machine based on a fast store-erase learning rule."
09/9825,r/JAReggia,133753,"A programmable neural virtual machine based on a fast store-erase learning rule."
32/11535-1,126/1131,133756,"Regularization of deep neural networks with spectral dropout."
32/11535-1,p/FatihMuratPorikli,133756,"Regularization of deep neural networks with spectral dropout."
126/1131,p/FatihMuratPorikli,133756,"Regularization of deep neural networks with spectral dropout."
37/4892,17/4015,133757,"Response prediction of nonlinear hysteretic systems by deep neural networks."
37/4892,04/10798,133757,"Response prediction of nonlinear hysteretic systems by deep neural networks."
17/4015,04/10798,133757,"Response prediction of nonlinear hysteretic systems by deep neural networks."
75/11329,241/5983,133760,"A neural network-evolutionary computational framework for remaining useful life estimation of mechanical systems."
75/11329,69/6098,133760,"A neural network-evolutionary computational framework for remaining useful life estimation of mechanical systems."
75/11329,54/14,133760,"A neural network-evolutionary computational framework for remaining useful life estimation of mechanical systems."
241/5983,69/6098,133760,"A neural network-evolutionary computational framework for remaining useful life estimation of mechanical systems."
241/5983,54/14,133760,"A neural network-evolutionary computational framework for remaining useful life estimation of mechanical systems."
69/6098,54/14,133760,"A neural network-evolutionary computational framework for remaining useful life estimation of mechanical systems."
04/7036,04/7036,133763,"One or two minds? Neural network modeling of decision making by the unified self."
70/9630,63/7026-5,133767,"Quasi-projective and complete synchronization of fractional-order complex-valued neural networks with time delays."
70/9630,77/2845,133767,"Quasi-projective and complete synchronization of fractional-order complex-valued neural networks with time delays."
70/9630,75/6825,133767,"Quasi-projective and complete synchronization of fractional-order complex-valued neural networks with time delays."
70/9630,132/9508,133767,"Quasi-projective and complete synchronization of fractional-order complex-valued neural networks with time delays."
63/7026-5,77/2845,133767,"Quasi-projective and complete synchronization of fractional-order complex-valued neural networks with time delays."
63/7026-5,75/6825,133767,"Quasi-projective and complete synchronization of fractional-order complex-valued neural networks with time delays."
63/7026-5,132/9508,133767,"Quasi-projective and complete synchronization of fractional-order complex-valued neural networks with time delays."
77/2845,75/6825,133767,"Quasi-projective and complete synchronization of fractional-order complex-valued neural networks with time delays."
77/2845,132/9508,133767,"Quasi-projective and complete synchronization of fractional-order complex-valued neural networks with time delays."
75/6825,132/9508,133767,"Quasi-projective and complete synchronization of fractional-order complex-valued neural networks with time delays."
03/1339,06/3177,133768,"Synchronization of impulsive coupled complex-valued neural networks with delay - The matrix measure method."
03/1339,27/1193,133768,"Synchronization of impulsive coupled complex-valued neural networks with delay - The matrix measure method."
06/3177,27/1193,133768,"Synchronization of impulsive coupled complex-valued neural networks with delay - The matrix measure method."
216/6240,33/852,133771,"Identification of piecewise linear dynamical systems using physically-interpretable neural-fuzzy networks - Methods and applications to origami structures."
216/6240,73/1149-5,133771,"Identification of piecewise linear dynamical systems using physically-interpretable neural-fuzzy networks - Methods and applications to origami structures."
33/852,73/1149-5,133771,"Identification of piecewise linear dynamical systems using physically-interpretable neural-fuzzy networks - Methods and applications to origami structures."
49/1245,80/3438,133773,"Deep associative neural network for associative memory based on unsupervised representation learning."
49/1245,51/4299,133773,"Deep associative neural network for associative memory based on unsupervised representation learning."
80/3438,51/4299,133773,"Deep associative neural network for associative memory based on unsupervised representation learning."
20/4256,77/8863,133777,"Fixed-time pinning-controlled synchronization for coupled delayed neural networks with discontinuous activations."
20/4256,77/2455,133777,"Fixed-time pinning-controlled synchronization for coupled delayed neural networks with discontinuous activations."
20/4256,20/115-1,133777,"Fixed-time pinning-controlled synchronization for coupled delayed neural networks with discontinuous activations."
77/8863,77/2455,133777,"Fixed-time pinning-controlled synchronization for coupled delayed neural networks with discontinuous activations."
77/8863,20/115-1,133777,"Fixed-time pinning-controlled synchronization for coupled delayed neural networks with discontinuous activations."
77/2455,20/115-1,133777,"Fixed-time pinning-controlled synchronization for coupled delayed neural networks with discontinuous activations."
233/3450,193/4191,133779,"Transformed ℓ1 regularization for learning sparse deep neural networks."
233/3450,11/8770,133779,"Transformed ℓ1 regularization for learning sparse deep neural networks."
233/3450,21/1048-1,133779,"Transformed ℓ1 regularization for learning sparse deep neural networks."
193/4191,11/8770,133779,"Transformed ℓ1 regularization for learning sparse deep neural networks."
193/4191,21/1048-1,133779,"Transformed ℓ1 regularization for learning sparse deep neural networks."
11/8770,21/1048-1,133779,"Transformed ℓ1 regularization for learning sparse deep neural networks."
212/4206,32/5614,133784,"Neural dynamics of spreading attentional labels in mental contour tracing."
96/9472,96/9472,133786,"Deep neural-kernel blocks."
87/6222,52/7847,133790,"A hypothetical neural network model for generation of human precision grip."
73/5511,73/5511,133798,"Stability analysis of Cohen-Grossberg neural networks of neutral-type - Multiple delays case."
196/1186,21/8042,133799,"Delay-dependent stability analysis of the QUAD vector field fractional order quaternion-valued memristive uncertain neutral type leaky integrator echo state neural networks."
196/1186,57/3831,133799,"Delay-dependent stability analysis of the QUAD vector field fractional order quaternion-valued memristive uncertain neutral type leaky integrator echo state neural networks."
21/8042,57/3831,133799,"Delay-dependent stability analysis of the QUAD vector field fractional order quaternion-valued memristive uncertain neutral type leaky integrator echo state neural networks."
139/5833,197/4423,133800,"Continual lifelong learning with neural networks - A review."
139/5833,204/2986,133800,"Continual lifelong learning with neural networks - A review."
139/5833,14/8653,133800,"Continual lifelong learning with neural networks - A review."
139/5833,03/3914,133800,"Continual lifelong learning with neural networks - A review."
197/4423,204/2986,133800,"Continual lifelong learning with neural networks - A review."
197/4423,14/8653,133800,"Continual lifelong learning with neural networks - A review."
197/4423,03/3914,133800,"Continual lifelong learning with neural networks - A review."
204/2986,14/8653,133800,"Continual lifelong learning with neural networks - A review."
204/2986,03/3914,133800,"Continual lifelong learning with neural networks - A review."
14/8653,03/3914,133800,"Continual lifelong learning with neural networks - A review."
218/1773,26/3778,133805,"Hierarchical gated recurrent neural network with adversarial and virtual adversarial training on text classification."
218/1773,218/1772,133805,"Hierarchical gated recurrent neural network with adversarial and virtual adversarial training on text classification."
218/1773,124/4146,133805,"Hierarchical gated recurrent neural network with adversarial and virtual adversarial training on text classification."
218/1773,74/2851,133805,"Hierarchical gated recurrent neural network with adversarial and virtual adversarial training on text classification."
26/3778,218/1772,133805,"Hierarchical gated recurrent neural network with adversarial and virtual adversarial training on text classification."
26/3778,124/4146,133805,"Hierarchical gated recurrent neural network with adversarial and virtual adversarial training on text classification."
26/3778,74/2851,133805,"Hierarchical gated recurrent neural network with adversarial and virtual adversarial training on text classification."
218/1772,124/4146,133805,"Hierarchical gated recurrent neural network with adversarial and virtual adversarial training on text classification."
218/1772,74/2851,133805,"Hierarchical gated recurrent neural network with adversarial and virtual adversarial training on text classification."
124/4146,74/2851,133805,"Hierarchical gated recurrent neural network with adversarial and virtual adversarial training on text classification."
250/2788,159/4608,133809,"Efficient training of interval Neural Networks for imprecise training data."
250/2788,70/2312,133809,"Efficient training of interval Neural Networks for imprecise training data."
159/4608,70/2312,133809,"Efficient training of interval Neural Networks for imprecise training data."
44/2251,86/5989,133811,"Some generalized global stability criteria for delayed Cohen-Grossberg neural networks of neutral-type."
44/2251,88/7643,133811,"Some generalized global stability criteria for delayed Cohen-Grossberg neural networks of neutral-type."
44/2251,65/2845,133811,"Some generalized global stability criteria for delayed Cohen-Grossberg neural networks of neutral-type."
86/5989,88/7643,133811,"Some generalized global stability criteria for delayed Cohen-Grossberg neural networks of neutral-type."
86/5989,65/2845,133811,"Some generalized global stability criteria for delayed Cohen-Grossberg neural networks of neutral-type."
88/7643,65/2845,133811,"Some generalized global stability criteria for delayed Cohen-Grossberg neural networks of neutral-type."
204/7770,128/2668,133812,"Differential convolutional neural network."
204/7770,14/4003,133812,"Differential convolutional neural network."
128/2668,14/4003,133812,"Differential convolutional neural network."
222/1549,232/9338,133813,"Locally connected spiking neural networks for unsupervised feature learning."
222/1549,80/4950,133813,"Locally connected spiking neural networks for unsupervised feature learning."
222/1549,s/HavaTSiegelmann,133813,"Locally connected spiking neural networks for unsupervised feature learning."
222/1549,38/5037-1,133813,"Locally connected spiking neural networks for unsupervised feature learning."
232/9338,80/4950,133813,"Locally connected spiking neural networks for unsupervised feature learning."
232/9338,s/HavaTSiegelmann,133813,"Locally connected spiking neural networks for unsupervised feature learning."
232/9338,38/5037-1,133813,"Locally connected spiking neural networks for unsupervised feature learning."
80/4950,s/HavaTSiegelmann,133813,"Locally connected spiking neural networks for unsupervised feature learning."
80/4950,38/5037-1,133813,"Locally connected spiking neural networks for unsupervised feature learning."
s/HavaTSiegelmann,38/5037-1,133813,"Locally connected spiking neural networks for unsupervised feature learning."
144/2184,20/1119,133814,"Kafnets - Kernel-based non-parametric activation functions for neural networks."
144/2184,223/4872,133814,"Kafnets - Kernel-based non-parametric activation functions for neural networks."
144/2184,34/3010,133814,"Kafnets - Kernel-based non-parametric activation functions for neural networks."
20/1119,223/4872,133814,"Kafnets - Kernel-based non-parametric activation functions for neural networks."
20/1119,34/3010,133814,"Kafnets - Kernel-based non-parametric activation functions for neural networks."
223/4872,34/3010,133814,"Kafnets - Kernel-based non-parametric activation functions for neural networks."
26/7645,26/7645,133817,"New stability results for Takagi-Sugeno fuzzy Cohen-Grossberg neural networks with multiple delays."
92/4638-3,37/8542,133819,"Concept learning through deep reinforcement learning with memory-augmented neural networks."
92/4638-3,186/7879,133819,"Concept learning through deep reinforcement learning with memory-augmented neural networks."
92/4638-3,26/1194-2,133819,"Concept learning through deep reinforcement learning with memory-augmented neural networks."
37/8542,186/7879,133819,"Concept learning through deep reinforcement learning with memory-augmented neural networks."
37/8542,26/1194-2,133819,"Concept learning through deep reinforcement learning with memory-augmented neural networks."
186/7879,26/1194-2,133819,"Concept learning through deep reinforcement learning with memory-augmented neural networks."
136/1647,139/5843,133823,"A survey of adaptive resonance theory neural network models for engineering applications."
136/1647,w/DCWunsch,133823,"A survey of adaptive resonance theory neural network models for engineering applications."
139/5843,w/DCWunsch,133823,"A survey of adaptive resonance theory neural network models for engineering applications."
155/5668,64/5375,133824,"Cost-effective stochastic MAC circuits for deep neural networks."
45/4301,45/4301,133825,"Subrecursive neural networks."
38/3641,10/3849,133828,"Self-organizing neural networks for universal learning and multimodal memory encoding."
38/3641,18/5410-4,133828,"Self-organizing neural networks for universal learning and multimodal memory encoding."
38/3641,118/5253,133828,"Self-organizing neural networks for universal learning and multimodal memory encoding."
10/3849,18/5410-4,133828,"Self-organizing neural networks for universal learning and multimodal memory encoding."
10/3849,118/5253,133828,"Self-organizing neural networks for universal learning and multimodal memory encoding."
18/5410-4,118/5253,133828,"Self-organizing neural networks for universal learning and multimodal memory encoding."
222/2297,27/1490,133832,"Finite-time cluster synchronization for a class of fuzzy cellular neural networks via non-chattering quantized controllers."
222/2297,240/6879,133832,"Finite-time cluster synchronization for a class of fuzzy cellular neural networks via non-chattering quantized controllers."
27/1490,240/6879,133832,"Finite-time cluster synchronization for a class of fuzzy cellular neural networks via non-chattering quantized controllers."
82/11434,155/6869,133835,"Deep learning in spiking neural networks."
82/11434,135/7980,133835,"Deep learning in spiking neural networks."
82/11434,07/7226,133835,"Deep learning in spiking neural networks."
82/11434,98/4656,133835,"Deep learning in spiking neural networks."
155/6869,135/7980,133835,"Deep learning in spiking neural networks."
155/6869,07/7226,133835,"Deep learning in spiking neural networks."
155/6869,98/4656,133835,"Deep learning in spiking neural networks."
135/7980,07/7226,133835,"Deep learning in spiking neural networks."
135/7980,98/4656,133835,"Deep learning in spiking neural networks."
07/7226,98/4656,133835,"Deep learning in spiking neural networks."
82/4938,82/4938,133838,"Saliency model based on a neural population for integrating figure direction and organizing Border Ownership."
240/6879,27/1490,133839,"Exponential synchronization of semi-Markovian coupled neural networks with mixed delays via tracker information and quantized output controller."
240/6879,222/2297,133839,"Exponential synchronization of semi-Markovian coupled neural networks with mixed delays via tracker information and quantized output controller."
240/6879,38/3240,133839,"Exponential synchronization of semi-Markovian coupled neural networks with mixed delays via tracker information and quantized output controller."
240/6879,24/7186,133839,"Exponential synchronization of semi-Markovian coupled neural networks with mixed delays via tracker information and quantized output controller."
240/6879,42/2969,133839,"Exponential synchronization of semi-Markovian coupled neural networks with mixed delays via tracker information and quantized output controller."
27/1490,222/2297,133839,"Exponential synchronization of semi-Markovian coupled neural networks with mixed delays via tracker information and quantized output controller."
27/1490,38/3240,133839,"Exponential synchronization of semi-Markovian coupled neural networks with mixed delays via tracker information and quantized output controller."
27/1490,24/7186,133839,"Exponential synchronization of semi-Markovian coupled neural networks with mixed delays via tracker information and quantized output controller."
27/1490,42/2969,133839,"Exponential synchronization of semi-Markovian coupled neural networks with mixed delays via tracker information and quantized output controller."
222/2297,38/3240,133839,"Exponential synchronization of semi-Markovian coupled neural networks with mixed delays via tracker information and quantized output controller."
222/2297,24/7186,133839,"Exponential synchronization of semi-Markovian coupled neural networks with mixed delays via tracker information and quantized output controller."
222/2297,42/2969,133839,"Exponential synchronization of semi-Markovian coupled neural networks with mixed delays via tracker information and quantized output controller."
38/3240,24/7186,133839,"Exponential synchronization of semi-Markovian coupled neural networks with mixed delays via tracker information and quantized output controller."
38/3240,42/2969,133839,"Exponential synchronization of semi-Markovian coupled neural networks with mixed delays via tracker information and quantized output controller."
24/7186,42/2969,133839,"Exponential synchronization of semi-Markovian coupled neural networks with mixed delays via tracker information and quantized output controller."
29/5618,77/2845,133843,"Periodicity and finite-time periodic synchronization of discontinuous complex-valued neural networks."
29/5618,01/9006,133843,"Periodicity and finite-time periodic synchronization of discontinuous complex-valued neural networks."
29/5618,68/1298,133843,"Periodicity and finite-time periodic synchronization of discontinuous complex-valued neural networks."
77/2845,01/9006,133843,"Periodicity and finite-time periodic synchronization of discontinuous complex-valued neural networks."
77/2845,68/1298,133843,"Periodicity and finite-time periodic synchronization of discontinuous complex-valued neural networks."
01/9006,68/1298,133843,"Periodicity and finite-time periodic synchronization of discontinuous complex-valued neural networks."
99/4292,81/516,133844,"Approximate neural optimal control with reinforcement learning for a torsional pendulum device."
217/7169,77/2845,133849,"Fixed-time synchronization of quaternion-valued memristive neural networks with time delays."
154/7186,58/3873,133850,"Stability of stochastic impulsive reaction-diffusion neural networks with S-type distributed delays and its application to image encryption."
154/7186,18/5299,133850,"Stability of stochastic impulsive reaction-diffusion neural networks with S-type distributed delays and its application to image encryption."
154/7186,73/6583,133850,"Stability of stochastic impulsive reaction-diffusion neural networks with S-type distributed delays and its application to image encryption."
58/3873,18/5299,133850,"Stability of stochastic impulsive reaction-diffusion neural networks with S-type distributed delays and its application to image encryption."
58/3873,73/6583,133850,"Stability of stochastic impulsive reaction-diffusion neural networks with S-type distributed delays and its application to image encryption."
18/5299,73/6583,133850,"Stability of stochastic impulsive reaction-diffusion neural networks with S-type distributed delays and its application to image encryption."
92/8453,236/1807,133851,"Estimating coupling strength between multivariate neural series with multivariate permutation conditional mutual information."
92/8453,164/9572,133851,"Estimating coupling strength between multivariate neural series with multivariate permutation conditional mutual information."
92/8453,79/3289,133851,"Estimating coupling strength between multivariate neural series with multivariate permutation conditional mutual information."
92/8453,236/1742,133851,"Estimating coupling strength between multivariate neural series with multivariate permutation conditional mutual information."
92/8453,57/5906,133851,"Estimating coupling strength between multivariate neural series with multivariate permutation conditional mutual information."
92/8453,42/2437,133851,"Estimating coupling strength between multivariate neural series with multivariate permutation conditional mutual information."
92/8453,73/7483,133851,"Estimating coupling strength between multivariate neural series with multivariate permutation conditional mutual information."
92/8453,181/2817,133851,"Estimating coupling strength between multivariate neural series with multivariate permutation conditional mutual information."
236/1807,164/9572,133851,"Estimating coupling strength between multivariate neural series with multivariate permutation conditional mutual information."
236/1807,79/3289,133851,"Estimating coupling strength between multivariate neural series with multivariate permutation conditional mutual information."
236/1807,236/1742,133851,"Estimating coupling strength between multivariate neural series with multivariate permutation conditional mutual information."
236/1807,57/5906,133851,"Estimating coupling strength between multivariate neural series with multivariate permutation conditional mutual information."
236/1807,42/2437,133851,"Estimating coupling strength between multivariate neural series with multivariate permutation conditional mutual information."
236/1807,73/7483,133851,"Estimating coupling strength between multivariate neural series with multivariate permutation conditional mutual information."
236/1807,181/2817,133851,"Estimating coupling strength between multivariate neural series with multivariate permutation conditional mutual information."
164/9572,79/3289,133851,"Estimating coupling strength between multivariate neural series with multivariate permutation conditional mutual information."
164/9572,236/1742,133851,"Estimating coupling strength between multivariate neural series with multivariate permutation conditional mutual information."
164/9572,57/5906,133851,"Estimating coupling strength between multivariate neural series with multivariate permutation conditional mutual information."
164/9572,42/2437,133851,"Estimating coupling strength between multivariate neural series with multivariate permutation conditional mutual information."
164/9572,73/7483,133851,"Estimating coupling strength between multivariate neural series with multivariate permutation conditional mutual information."
164/9572,181/2817,133851,"Estimating coupling strength between multivariate neural series with multivariate permutation conditional mutual information."
79/3289,236/1742,133851,"Estimating coupling strength between multivariate neural series with multivariate permutation conditional mutual information."
79/3289,57/5906,133851,"Estimating coupling strength between multivariate neural series with multivariate permutation conditional mutual information."
79/3289,42/2437,133851,"Estimating coupling strength between multivariate neural series with multivariate permutation conditional mutual information."
79/3289,73/7483,133851,"Estimating coupling strength between multivariate neural series with multivariate permutation conditional mutual information."
79/3289,181/2817,133851,"Estimating coupling strength between multivariate neural series with multivariate permutation conditional mutual information."
236/1742,57/5906,133851,"Estimating coupling strength between multivariate neural series with multivariate permutation conditional mutual information."
236/1742,42/2437,133851,"Estimating coupling strength between multivariate neural series with multivariate permutation conditional mutual information."
236/1742,73/7483,133851,"Estimating coupling strength between multivariate neural series with multivariate permutation conditional mutual information."
236/1742,181/2817,133851,"Estimating coupling strength between multivariate neural series with multivariate permutation conditional mutual information."
57/5906,42/2437,133851,"Estimating coupling strength between multivariate neural series with multivariate permutation conditional mutual information."
57/5906,73/7483,133851,"Estimating coupling strength between multivariate neural series with multivariate permutation conditional mutual information."
57/5906,181/2817,133851,"Estimating coupling strength between multivariate neural series with multivariate permutation conditional mutual information."
42/2437,73/7483,133851,"Estimating coupling strength between multivariate neural series with multivariate permutation conditional mutual information."
42/2437,181/2817,133851,"Estimating coupling strength between multivariate neural series with multivariate permutation conditional mutual information."
73/7483,181/2817,133851,"Estimating coupling strength between multivariate neural series with multivariate permutation conditional mutual information."
145/4118,90/5065,133852,"An approximation algorithm for graph partitioning via deterministic annealing neural network."
145/4118,04/2363,133852,"An approximation algorithm for graph partitioning via deterministic annealing neural network."
90/5065,04/2363,133852,"An approximation algorithm for graph partitioning via deterministic annealing neural network."
98/627,11/1492,133855,"Multi-perspective neural architecture for recommendation system."
98/627,73/5055,133855,"Multi-perspective neural architecture for recommendation system."
98/627,06/8656,133855,"Multi-perspective neural architecture for recommendation system."
11/1492,73/5055,133855,"Multi-perspective neural architecture for recommendation system."
11/1492,06/8656,133855,"Multi-perspective neural architecture for recommendation system."
73/5055,06/8656,133855,"Multi-perspective neural architecture for recommendation system."
80/1949-3,81/3814,133858,"A distributed semi-supervised learning algorithm based on manifold regularization using wavelet neural network."
80/1949-3,26/3998,133858,"A distributed semi-supervised learning algorithm based on manifold regularization using wavelet neural network."
81/3814,26/3998,133858,"A distributed semi-supervised learning algorithm based on manifold regularization using wavelet neural network."
198/2954,243/8436,133861,"On-line prediction of ferrous ion concentration in goethite process based on self-adjusting structure RBF neural network."
198/2954,227/6622,133861,"On-line prediction of ferrous ion concentration in goethite process based on self-adjusting structure RBF neural network."
198/2954,24/647,133861,"On-line prediction of ferrous ion concentration in goethite process based on self-adjusting structure RBF neural network."
198/2954,90/5865,133861,"On-line prediction of ferrous ion concentration in goethite process based on self-adjusting structure RBF neural network."
243/8436,227/6622,133861,"On-line prediction of ferrous ion concentration in goethite process based on self-adjusting structure RBF neural network."
243/8436,24/647,133861,"On-line prediction of ferrous ion concentration in goethite process based on self-adjusting structure RBF neural network."
243/8436,90/5865,133861,"On-line prediction of ferrous ion concentration in goethite process based on self-adjusting structure RBF neural network."
227/6622,24/647,133861,"On-line prediction of ferrous ion concentration in goethite process based on self-adjusting structure RBF neural network."
227/6622,90/5865,133861,"On-line prediction of ferrous ion concentration in goethite process based on self-adjusting structure RBF neural network."
24/647,90/5865,133861,"On-line prediction of ferrous ion concentration in goethite process based on self-adjusting structure RBF neural network."
250/2328,219/6133,133862,"Synchronization of chaotic neural networks with time delay via distributed delayed impulsive control."
250/2328,63/7279,133862,"Synchronization of chaotic neural networks with time delay via distributed delayed impulsive control."
219/6133,63/7279,133862,"Synchronization of chaotic neural networks with time delay via distributed delayed impulsive control."
184/4944,01/6376,133865,"NeuO - Exploiting the sentimental bias between ratings and reviews with neural networks."
184/4944,139/1153,133865,"NeuO - Exploiting the sentimental bias between ratings and reviews with neural networks."
184/4944,94/10612,133865,"NeuO - Exploiting the sentimental bias between ratings and reviews with neural networks."
184/4944,48/5638,133865,"NeuO - Exploiting the sentimental bias between ratings and reviews with neural networks."
184/4944,174/2233,133865,"NeuO - Exploiting the sentimental bias between ratings and reviews with neural networks."
184/4944,x/HuiXiong,133865,"NeuO - Exploiting the sentimental bias between ratings and reviews with neural networks."
01/6376,139/1153,133865,"NeuO - Exploiting the sentimental bias between ratings and reviews with neural networks."
01/6376,94/10612,133865,"NeuO - Exploiting the sentimental bias between ratings and reviews with neural networks."
01/6376,48/5638,133865,"NeuO - Exploiting the sentimental bias between ratings and reviews with neural networks."
01/6376,174/2233,133865,"NeuO - Exploiting the sentimental bias between ratings and reviews with neural networks."
01/6376,x/HuiXiong,133865,"NeuO - Exploiting the sentimental bias between ratings and reviews with neural networks."
139/1153,94/10612,133865,"NeuO - Exploiting the sentimental bias between ratings and reviews with neural networks."
139/1153,48/5638,133865,"NeuO - Exploiting the sentimental bias between ratings and reviews with neural networks."
139/1153,174/2233,133865,"NeuO - Exploiting the sentimental bias between ratings and reviews with neural networks."
139/1153,x/HuiXiong,133865,"NeuO - Exploiting the sentimental bias between ratings and reviews with neural networks."
94/10612,48/5638,133865,"NeuO - Exploiting the sentimental bias between ratings and reviews with neural networks."
94/10612,174/2233,133865,"NeuO - Exploiting the sentimental bias between ratings and reviews with neural networks."
94/10612,x/HuiXiong,133865,"NeuO - Exploiting the sentimental bias between ratings and reviews with neural networks."
48/5638,174/2233,133865,"NeuO - Exploiting the sentimental bias between ratings and reviews with neural networks."
48/5638,x/HuiXiong,133865,"NeuO - Exploiting the sentimental bias between ratings and reviews with neural networks."
174/2233,x/HuiXiong,133865,"NeuO - Exploiting the sentimental bias between ratings and reviews with neural networks."
00/5867-8,68/1298,133867,"Fixed-time synchronization of coupled memristor-based neural networks with time-varying delays."
00/5867-8,01/9006,133867,"Fixed-time synchronization of coupled memristor-based neural networks with time-varying delays."
68/1298,01/9006,133867,"Fixed-time synchronization of coupled memristor-based neural networks with time-varying delays."
198/8530,87/910,133874,"Classification and comparison via neural networks."
198/8530,24/6000,133874,"Classification and comparison via neural networks."
198/8530,57/3284,133874,"Classification and comparison via neural networks."
198/8530,146/3678,133874,"Classification and comparison via neural networks."
198/8530,50/3269,133874,"Classification and comparison via neural networks."
198/8530,186/3879,133874,"Classification and comparison via neural networks."
198/8530,188/3848,133874,"Classification and comparison via neural networks."
198/8530,48/2302,133874,"Classification and comparison via neural networks."
198/8530,42/6940,133874,"Classification and comparison via neural networks."
87/910,24/6000,133874,"Classification and comparison via neural networks."
87/910,57/3284,133874,"Classification and comparison via neural networks."
87/910,146/3678,133874,"Classification and comparison via neural networks."
87/910,50/3269,133874,"Classification and comparison via neural networks."
87/910,186/3879,133874,"Classification and comparison via neural networks."
87/910,188/3848,133874,"Classification and comparison via neural networks."
87/910,48/2302,133874,"Classification and comparison via neural networks."
87/910,42/6940,133874,"Classification and comparison via neural networks."
24/6000,57/3284,133874,"Classification and comparison via neural networks."
24/6000,146/3678,133874,"Classification and comparison via neural networks."
24/6000,50/3269,133874,"Classification and comparison via neural networks."
24/6000,186/3879,133874,"Classification and comparison via neural networks."
24/6000,188/3848,133874,"Classification and comparison via neural networks."
24/6000,48/2302,133874,"Classification and comparison via neural networks."
24/6000,42/6940,133874,"Classification and comparison via neural networks."
57/3284,146/3678,133874,"Classification and comparison via neural networks."
57/3284,50/3269,133874,"Classification and comparison via neural networks."
57/3284,186/3879,133874,"Classification and comparison via neural networks."
57/3284,188/3848,133874,"Classification and comparison via neural networks."
57/3284,48/2302,133874,"Classification and comparison via neural networks."
57/3284,42/6940,133874,"Classification and comparison via neural networks."
146/3678,50/3269,133874,"Classification and comparison via neural networks."
146/3678,186/3879,133874,"Classification and comparison via neural networks."
146/3678,188/3848,133874,"Classification and comparison via neural networks."
146/3678,48/2302,133874,"Classification and comparison via neural networks."
146/3678,42/6940,133874,"Classification and comparison via neural networks."
50/3269,186/3879,133874,"Classification and comparison via neural networks."
50/3269,188/3848,133874,"Classification and comparison via neural networks."
50/3269,48/2302,133874,"Classification and comparison via neural networks."
50/3269,42/6940,133874,"Classification and comparison via neural networks."
186/3879,188/3848,133874,"Classification and comparison via neural networks."
186/3879,48/2302,133874,"Classification and comparison via neural networks."
186/3879,42/6940,133874,"Classification and comparison via neural networks."
188/3848,48/2302,133874,"Classification and comparison via neural networks."
188/3848,42/6940,133874,"Classification and comparison via neural networks."
48/2302,42/6940,133874,"Classification and comparison via neural networks."
256/0096,60/1343,133876,"Moving in time - Simulating how neural circuits enable rhythmic enactment of planned sequences."
228/6972,01/8502,133877,"Short-term synaptic plasticity expands the operational range of long-term synaptic changes in neural networks."
228/6972,j/TianziJiang,133877,"Short-term synaptic plasticity expands the operational range of long-term synaptic changes in neural networks."
228/6972,70/80,133877,"Short-term synaptic plasticity expands the operational range of long-term synaptic changes in neural networks."
01/8502,j/TianziJiang,133877,"Short-term synaptic plasticity expands the operational range of long-term synaptic changes in neural networks."
01/8502,70/80,133877,"Short-term synaptic plasticity expands the operational range of long-term synaptic changes in neural networks."
j/TianziJiang,70/80,133877,"Short-term synaptic plasticity expands the operational range of long-term synaptic changes in neural networks."
80/1961,79/10405,133878,"Classification of gait patterns between patients with Parkinson's disease and healthy controls using phase space reconstruction (PSR), empirical mode decomposition (EMD) and neural networks."
80/1961,93/1790,133878,"Classification of gait patterns between patients with Parkinson's disease and healthy controls using phase space reconstruction (PSR), empirical mode decomposition (EMD) and neural networks."
80/1961,06/1267,133878,"Classification of gait patterns between patients with Parkinson's disease and healthy controls using phase space reconstruction (PSR), empirical mode decomposition (EMD) and neural networks."
80/1961,94/3104,133878,"Classification of gait patterns between patients with Parkinson's disease and healthy controls using phase space reconstruction (PSR), empirical mode decomposition (EMD) and neural networks."
79/10405,93/1790,133878,"Classification of gait patterns between patients with Parkinson's disease and healthy controls using phase space reconstruction (PSR), empirical mode decomposition (EMD) and neural networks."
79/10405,06/1267,133878,"Classification of gait patterns between patients with Parkinson's disease and healthy controls using phase space reconstruction (PSR), empirical mode decomposition (EMD) and neural networks."
79/10405,94/3104,133878,"Classification of gait patterns between patients with Parkinson's disease and healthy controls using phase space reconstruction (PSR), empirical mode decomposition (EMD) and neural networks."
93/1790,06/1267,133878,"Classification of gait patterns between patients with Parkinson's disease and healthy controls using phase space reconstruction (PSR), empirical mode decomposition (EMD) and neural networks."
93/1790,94/3104,133878,"Classification of gait patterns between patients with Parkinson's disease and healthy controls using phase space reconstruction (PSR), empirical mode decomposition (EMD) and neural networks."
06/1267,94/3104,133878,"Classification of gait patterns between patients with Parkinson's disease and healthy controls using phase space reconstruction (PSR), empirical mode decomposition (EMD) and neural networks."
130/5649,180/9796,133880,"Fully complex conjugate gradient-based neural networks using Wirtinger calculus framework - Deterministic convergence and its application."
130/5649,77/2845,133880,"Fully complex conjugate gradient-based neural networks using Wirtinger calculus framework - Deterministic convergence and its application."
130/5649,190/0909,133880,"Fully complex conjugate gradient-based neural networks using Wirtinger calculus framework - Deterministic convergence and its application."
130/5649,39/449-10,133880,"Fully complex conjugate gradient-based neural networks using Wirtinger calculus framework - Deterministic convergence and its application."
180/9796,77/2845,133880,"Fully complex conjugate gradient-based neural networks using Wirtinger calculus framework - Deterministic convergence and its application."
180/9796,190/0909,133880,"Fully complex conjugate gradient-based neural networks using Wirtinger calculus framework - Deterministic convergence and its application."
180/9796,39/449-10,133880,"Fully complex conjugate gradient-based neural networks using Wirtinger calculus framework - Deterministic convergence and its application."
77/2845,190/0909,133880,"Fully complex conjugate gradient-based neural networks using Wirtinger calculus framework - Deterministic convergence and its application."
77/2845,39/449-10,133880,"Fully complex conjugate gradient-based neural networks using Wirtinger calculus framework - Deterministic convergence and its application."
190/0909,39/449-10,133880,"Fully complex conjugate gradient-based neural networks using Wirtinger calculus framework - Deterministic convergence and its application."
124/5775,25/5536-1,133881,"An unsupervised parameter learning model for RVFL neural network."
124/5775,96/106,133881,"An unsupervised parameter learning model for RVFL neural network."
124/5775,70/6443,133881,"An unsupervised parameter learning model for RVFL neural network."
124/5775,y/PhilipSYu,133881,"An unsupervised parameter learning model for RVFL neural network."
25/5536-1,96/106,133881,"An unsupervised parameter learning model for RVFL neural network."
25/5536-1,70/6443,133881,"An unsupervised parameter learning model for RVFL neural network."
25/5536-1,y/PhilipSYu,133881,"An unsupervised parameter learning model for RVFL neural network."
96/106,70/6443,133881,"An unsupervised parameter learning model for RVFL neural network."
96/106,y/PhilipSYu,133881,"An unsupervised parameter learning model for RVFL neural network."
70/6443,y/PhilipSYu,133881,"An unsupervised parameter learning model for RVFL neural network."
06/4036-7,72/4420-2,133883,"Synchronization in uncertain fractional-order memristive complex-valued neural networks with multiple time delays."
06/4036-7,77/2845,133883,"Synchronization in uncertain fractional-order memristive complex-valued neural networks with multiple time delays."
06/4036-7,42/2969,133883,"Synchronization in uncertain fractional-order memristive complex-valued neural networks with multiple time delays."
06/4036-7,215/2078,133883,"Synchronization in uncertain fractional-order memristive complex-valued neural networks with multiple time delays."
72/4420-2,77/2845,133883,"Synchronization in uncertain fractional-order memristive complex-valued neural networks with multiple time delays."
72/4420-2,42/2969,133883,"Synchronization in uncertain fractional-order memristive complex-valued neural networks with multiple time delays."
72/4420-2,215/2078,133883,"Synchronization in uncertain fractional-order memristive complex-valued neural networks with multiple time delays."
77/2845,42/2969,133883,"Synchronization in uncertain fractional-order memristive complex-valued neural networks with multiple time delays."
77/2845,215/2078,133883,"Synchronization in uncertain fractional-order memristive complex-valued neural networks with multiple time delays."
42/2969,215/2078,133883,"Synchronization in uncertain fractional-order memristive complex-valued neural networks with multiple time delays."
00/3855-2,61/7577,133885,"Neighborhood preserving neural network for fault detection."
00/3855-2,61/7577,133886,"Global-and-local-structure-based neural network for fault detection."
00/3855-2,15/1975-2,133886,"Global-and-local-structure-based neural network for fault detection."
61/7577,15/1975-2,133886,"Global-and-local-structure-based neural network for fault detection."
248/0006,63/7279,133887,"Observer-based sliding mode control for synchronization of delayed chaotic neural networks with unknown disturbance."
248/0006,47/7811,133887,"Observer-based sliding mode control for synchronization of delayed chaotic neural networks with unknown disturbance."
63/7279,47/7811,133887,"Observer-based sliding mode control for synchronization of delayed chaotic neural networks with unknown disturbance."
139/5832,81/6077,133891,"Emergent neural turing machine and its visual navigation."
139/5832,w/JuyangWeng,133891,"Emergent neural turing machine and its visual navigation."
81/6077,w/JuyangWeng,133891,"Emergent neural turing machine and its visual navigation."
168/0784,203/9145,133892,"ADA-Tucker - Compressing deep neural networks via adaptive dimension adjustment tucker decomposition."
168/0784,l/ZhouchenLin,133892,"ADA-Tucker - Compressing deep neural networks via adaptive dimension adjustment tucker decomposition."
168/0784,94/3019,133892,"ADA-Tucker - Compressing deep neural networks via adaptive dimension adjustment tucker decomposition."
203/9145,l/ZhouchenLin,133892,"ADA-Tucker - Compressing deep neural networks via adaptive dimension adjustment tucker decomposition."
203/9145,94/3019,133892,"ADA-Tucker - Compressing deep neural networks via adaptive dimension adjustment tucker decomposition."
l/ZhouchenLin,94/3019,133892,"ADA-Tucker - Compressing deep neural networks via adaptive dimension adjustment tucker decomposition."
19/7453,85/1640,133893,"Event-triggered impulsive control on quasi-synchronization of memristive neural networks with time-varying delays."
210/4739,84/660,133895,"Branched convolutional neural networks incorporated with Jacobian deep regression for facial landmark detection."
210/4739,30/3983,133895,"Branched convolutional neural networks incorporated with Jacobian deep regression for facial landmark detection."
84/660,30/3983,133895,"Branched convolutional neural networks incorporated with Jacobian deep regression for facial landmark detection."
20/6977-4,142/9125,133897,"Global Exponential Synchronization of Complex-Valued Neural Networks with Time Delays via Matrix Measure Method."
20/6977-4,78/6310,133897,"Global Exponential Synchronization of Complex-Valued Neural Networks with Time Delays via Matrix Measure Method."
142/9125,78/6310,133897,"Global Exponential Synchronization of Complex-Valued Neural Networks with Time Delays via Matrix Measure Method."
88/3775-7,88/3775-7,133899,"Exponential Stability of Pseudo Almost Periodic Solutions for Fuzzy Cellular Neural Networks with Time-Varying Delays."
194/5590,54/4063,133901,"Time Series Forecasting Using Neural Networks - Are Recurrent Connections Necessary?"
146/2160,54/3529,133902,"Supervised Training of Spiking Neural Network by Adapting the E-MWO Algorithm for Pattern Classification."
146/2160,28/10240,133902,"Supervised Training of Spiking Neural Network by Adapting the E-MWO Algorithm for Pattern Classification."
54/3529,28/10240,133902,"Supervised Training of Spiking Neural Network by Adapting the E-MWO Algorithm for Pattern Classification."
30/3282,50/6061,133903,"Sampled-Data State Estimation of Neutral Type Neural Networks with Mixed Time-Varying Delays."
30/3282,57/2671,133903,"Sampled-Data State Estimation of Neutral Type Neural Networks with Mixed Time-Varying Delays."
50/6061,57/2671,133903,"Sampled-Data State Estimation of Neutral Type Neural Networks with Mixed Time-Varying Delays."
30/3282,195/0948,133904,"Event Triggered Finite Time H∞ Boundedness of Uncertain Markov Jump Neural Networks with Distributed Time Varying Delays."
30/3282,66/589,133904,"Event Triggered Finite Time H∞ Boundedness of Uncertain Markov Jump Neural Networks with Distributed Time Varying Delays."
30/3282,242/7259,133904,"Event Triggered Finite Time H∞ Boundedness of Uncertain Markov Jump Neural Networks with Distributed Time Varying Delays."
195/0948,66/589,133904,"Event Triggered Finite Time H∞ Boundedness of Uncertain Markov Jump Neural Networks with Distributed Time Varying Delays."
195/0948,242/7259,133904,"Event Triggered Finite Time H∞ Boundedness of Uncertain Markov Jump Neural Networks with Distributed Time Varying Delays."
66/589,242/7259,133904,"Event Triggered Finite Time H∞ Boundedness of Uncertain Markov Jump Neural Networks with Distributed Time Varying Delays."
05/2523,228/0467,133907,"A Comparative Study of Suitability of Certain Features in Classification of Bharatanatyam Mudra Images Using Artificial Neural Network."
35/5426,226/9567,133908,"Stability Analysis for a Class of Impulsive Bidirectional Associative Memory (BAM) Neural Networks with Distributed Delays and Leakage Time-Varying Delays."
35/5426,226/9567,133909,"Finite-Time and Fixed-Time Synchronization of Inertial Cohen-Grossberg-Type Neural Networks with Time Varying Delays."
35/5426,97/8147,133909,"Finite-Time and Fixed-Time Synchronization of Inertial Cohen-Grossberg-Type Neural Networks with Time Varying Delays."
226/9567,97/8147,133909,"Finite-Time and Fixed-Time Synchronization of Inertial Cohen-Grossberg-Type Neural Networks with Time Varying Delays."
35/5426,226/9567,133910,"Pseudo Almost Periodic Solution of Recurrent Neural Networks with D Operator on Time Scales."
35/5426,240/3779,133910,"Pseudo Almost Periodic Solution of Recurrent Neural Networks with D Operator on Time Scales."
226/9567,240/3779,133910,"Pseudo Almost Periodic Solution of Recurrent Neural Networks with D Operator on Time Scales."
35/5426,228/2388,133911,"New Results on Impulsive Cohen-Grossberg Neural Networks."
35/5426,63/7279,133912,"A New LMI Approach to Finite and Fixed Time Stabilization of High-Order Class of BAM Neural Networks with Time-Varying Delays."
35/5426,202/6349,133912,"A New LMI Approach to Finite and Fixed Time Stabilization of High-Order Class of BAM Neural Networks with Time-Varying Delays."
63/7279,202/6349,133912,"A New LMI Approach to Finite and Fixed Time Stabilization of High-Order Class of BAM Neural Networks with Time-Varying Delays."
167/0440,183/9680,133916,"Breast Tumor Classification Using Fast Convergence Recurrent Wavelet Elman Neural Networks."
167/0440,39/6171,133916,"Breast Tumor Classification Using Fast Convergence Recurrent Wavelet Elman Neural Networks."
183/9680,39/6171,133916,"Breast Tumor Classification Using Fast Convergence Recurrent Wavelet Elman Neural Networks."
18/565,18/565,133917,"Corpus Analysis Using Relaxed Conjugate Gradient Neural Network Training Algorithm."
01/4737,01/4737,133920,"Convergence of Neutral Type Fuzzy Cellular Neural Networks with D Operator."
01/4737,08/9687,133927,"Weighted Pseudo Almost Periodic Shunting Inhibitory Cellular Neural Networks with Multi-proportional Delays."
174/3558,49/5419,133929,"Hardware/Software Co-design for a Neural Network Trained by Particle Swarm Optimization Algorithm."
238/4786,75/4412,133930,"Delayed Feedback Controller based Finite Time Synchronization of Discontinuous Neural Networks with Mixed Time-Varying Delays."
238/4786,22/7999,133930,"Delayed Feedback Controller based Finite Time Synchronization of Discontinuous Neural Networks with Mixed Time-Varying Delays."
75/4412,22/7999,133930,"Delayed Feedback Controller based Finite Time Synchronization of Discontinuous Neural Networks with Mixed Time-Varying Delays."
55/28,219/9777,133933,"Bifurcation Analysis of Delayed Complex-Valued Neural Network with Diffusions."
55/28,50/2484,133933,"Bifurcation Analysis of Delayed Complex-Valued Neural Network with Diffusions."
219/9777,50/2484,133933,"Bifurcation Analysis of Delayed Complex-Valued Neural Network with Diffusions."
171/2736,203/6774,133934,"Robust Exponential Stabilization for Switched Neutral Neural Networks with Mixed Time-Varying Delays."
171/2736,21/2724,133934,"Robust Exponential Stabilization for Switched Neutral Neural Networks with Mixed Time-Varying Delays."
171/2736,47/3003,133934,"Robust Exponential Stabilization for Switched Neutral Neural Networks with Mixed Time-Varying Delays."
203/6774,21/2724,133934,"Robust Exponential Stabilization for Switched Neutral Neural Networks with Mixed Time-Varying Delays."
203/6774,47/3003,133934,"Robust Exponential Stabilization for Switched Neutral Neural Networks with Mixed Time-Varying Delays."
21/2724,47/3003,133934,"Robust Exponential Stabilization for Switched Neutral Neural Networks with Mixed Time-Varying Delays."
83/625,03/1086,133938,"Global Exponential Synchronization of Delayed Complex-Valued Recurrent Neural Networks with Discontinuous Activations."
83/625,29/5618,133938,"Global Exponential Synchronization of Delayed Complex-Valued Recurrent Neural Networks with Discontinuous Activations."
83/625,68/1298,133938,"Global Exponential Synchronization of Delayed Complex-Valued Recurrent Neural Networks with Discontinuous Activations."
03/1086,29/5618,133938,"Global Exponential Synchronization of Delayed Complex-Valued Recurrent Neural Networks with Discontinuous Activations."
03/1086,68/1298,133938,"Global Exponential Synchronization of Delayed Complex-Valued Recurrent Neural Networks with Discontinuous Activations."
29/5618,68/1298,133938,"Global Exponential Synchronization of Delayed Complex-Valued Recurrent Neural Networks with Discontinuous Activations."
166/0533,164/0458,133939,"An Artificial Neural Network Model to Solve the Fuzzy Shortest Path Problem."
166/0533,09/1554,133939,"An Artificial Neural Network Model to Solve the Fuzzy Shortest Path Problem."
166/0533,166/0548,133939,"An Artificial Neural Network Model to Solve the Fuzzy Shortest Path Problem."
164/0458,09/1554,133939,"An Artificial Neural Network Model to Solve the Fuzzy Shortest Path Problem."
164/0458,166/0548,133939,"An Artificial Neural Network Model to Solve the Fuzzy Shortest Path Problem."
09/1554,166/0548,133939,"An Artificial Neural Network Model to Solve the Fuzzy Shortest Path Problem."
31/8167,77/2845,133942,"Exponential Stabilization for Hybrid Recurrent Neural Networks by Delayed Noises Rooted in Discrete Observations of State and Mode."
31/8167,28/441-4,133942,"Exponential Stabilization for Hybrid Recurrent Neural Networks by Delayed Noises Rooted in Discrete Observations of State and Mode."
31/8167,147/6720,133942,"Exponential Stabilization for Hybrid Recurrent Neural Networks by Delayed Noises Rooted in Discrete Observations of State and Mode."
31/8167,99/3158,133942,"Exponential Stabilization for Hybrid Recurrent Neural Networks by Delayed Noises Rooted in Discrete Observations of State and Mode."
77/2845,28/441-4,133942,"Exponential Stabilization for Hybrid Recurrent Neural Networks by Delayed Noises Rooted in Discrete Observations of State and Mode."
77/2845,147/6720,133942,"Exponential Stabilization for Hybrid Recurrent Neural Networks by Delayed Noises Rooted in Discrete Observations of State and Mode."
77/2845,99/3158,133942,"Exponential Stabilization for Hybrid Recurrent Neural Networks by Delayed Noises Rooted in Discrete Observations of State and Mode."
28/441-4,147/6720,133942,"Exponential Stabilization for Hybrid Recurrent Neural Networks by Delayed Noises Rooted in Discrete Observations of State and Mode."
28/441-4,99/3158,133942,"Exponential Stabilization for Hybrid Recurrent Neural Networks by Delayed Noises Rooted in Discrete Observations of State and Mode."
147/6720,99/3158,133942,"Exponential Stabilization for Hybrid Recurrent Neural Networks by Delayed Noises Rooted in Discrete Observations of State and Mode."
31/8167,77/2845,133943,"Stability Analysis in a Class of Markov Switched Stochastic Hopfield Neural Networks."
31/8167,21/2715-8,133943,"Stability Analysis in a Class of Markov Switched Stochastic Hopfield Neural Networks."
77/2845,21/2715-8,133943,"Stability Analysis in a Class of Markov Switched Stochastic Hopfield Neural Networks."
242/8203,09/1554,133947,"An Artificial Neural Network for Solving Distributed Optimal Control of the Poisson's Equation."
182/2292,182/2292,133948,"Competitive Cross-Entropy Loss - A Study on Training Single-Layer Neural Networks for Solving Nonlinearly Separable Classification Problems."
182/2292,182/2292,133949,"Generalizing the Convolution Operator in Convolutional Neural Networks."
219/3124,162/8504,133952,"Global Exponential Synchronization of Memristive Competitive Neural Networks with Time-Varying Delay via Nonlinear Control."
219/3124,34/7343,133952,"Global Exponential Synchronization of Memristive Competitive Neural Networks with Time-Varying Delay via Nonlinear Control."
219/3124,24/647,133952,"Global Exponential Synchronization of Memristive Competitive Neural Networks with Time-Varying Delay via Nonlinear Control."
162/8504,34/7343,133952,"Global Exponential Synchronization of Memristive Competitive Neural Networks with Time-Varying Delay via Nonlinear Control."
162/8504,24/647,133952,"Global Exponential Synchronization of Memristive Competitive Neural Networks with Time-Varying Delay via Nonlinear Control."
34/7343,24/647,133952,"Global Exponential Synchronization of Memristive Competitive Neural Networks with Time-Varying Delay via Nonlinear Control."
34/3271,150/8312,133953,"Global Asymptotic Stabilization of Cellular Neural Networks with Proportional Delay via Impulsive Control."
17/36,159/9962-1,133958,"Finite-Time Anti-synchronization of Multi-weighted Coupled Neural Networks With and Without Coupling Delays."
17/36,23/1078,133958,"Finite-Time Anti-synchronization of Multi-weighted Coupled Neural Networks With and Without Coupling Delays."
159/9962-1,23/1078,133958,"Finite-Time Anti-synchronization of Multi-weighted Coupled Neural Networks With and Without Coupling Delays."
159/9962-1,19/8243,133963,"Passivity and Synchronization of Coupled Reaction-Diffusion Cohen-Grossberg Neural Networks with Fixed and Switching Topologies."
159/9962-1,166/0716,133963,"Passivity and Synchronization of Coupled Reaction-Diffusion Cohen-Grossberg Neural Networks with Fixed and Switching Topologies."
159/9962-1,96/10644,133963,"Passivity and Synchronization of Coupled Reaction-Diffusion Cohen-Grossberg Neural Networks with Fixed and Switching Topologies."
19/8243,166/0716,133963,"Passivity and Synchronization of Coupled Reaction-Diffusion Cohen-Grossberg Neural Networks with Fixed and Switching Topologies."
19/8243,96/10644,133963,"Passivity and Synchronization of Coupled Reaction-Diffusion Cohen-Grossberg Neural Networks with Fixed and Switching Topologies."
166/0716,96/10644,133963,"Passivity and Synchronization of Coupled Reaction-Diffusion Cohen-Grossberg Neural Networks with Fixed and Switching Topologies."
239/1273,26/2210,133965,"Extended H∞ Synchronization Control for Switched Neural Networks with Multi Quantization Densities Based on a Persistent Dwell-Time Approach."
239/1273,69/8139,133965,"Extended H∞ Synchronization Control for Switched Neural Networks with Multi Quantization Densities Based on a Persistent Dwell-Time Approach."
239/1273,61/4396,133965,"Extended H∞ Synchronization Control for Switched Neural Networks with Multi Quantization Densities Based on a Persistent Dwell-Time Approach."
239/1273,39/449,133965,"Extended H∞ Synchronization Control for Switched Neural Networks with Multi Quantization Densities Based on a Persistent Dwell-Time Approach."
26/2210,69/8139,133965,"Extended H∞ Synchronization Control for Switched Neural Networks with Multi Quantization Densities Based on a Persistent Dwell-Time Approach."
26/2210,61/4396,133965,"Extended H∞ Synchronization Control for Switched Neural Networks with Multi Quantization Densities Based on a Persistent Dwell-Time Approach."
26/2210,39/449,133965,"Extended H∞ Synchronization Control for Switched Neural Networks with Multi Quantization Densities Based on a Persistent Dwell-Time Approach."
69/8139,61/4396,133965,"Extended H∞ Synchronization Control for Switched Neural Networks with Multi Quantization Densities Based on a Persistent Dwell-Time Approach."
69/8139,39/449,133965,"Extended H∞ Synchronization Control for Switched Neural Networks with Multi Quantization Densities Based on a Persistent Dwell-Time Approach."
61/4396,39/449,133965,"Extended H∞ Synchronization Control for Switched Neural Networks with Multi Quantization Densities Based on a Persistent Dwell-Time Approach."
139/9364,254/8356,133966,"Generalized Regression Neural Network Optimized by Genetic Algorithm for Solving Out-of-Sample Extension Problem in Supervised Manifold Learning."
15/6441,238/4851,133969,"New Results on Periodicity of Non-autonomous Inertial Neural Networks Involving Non-reduced Order Method."
15/6441,76/7038,133969,"New Results on Periodicity of Non-autonomous Inertial Neural Networks Involving Non-reduced Order Method."
238/4851,76/7038,133969,"New Results on Periodicity of Non-autonomous Inertial Neural Networks Involving Non-reduced Order Method."
156/0235,156/0235,133970,"On the Choice of Inter-Class Distance Maximization Term in Siamese Neural Networks."
154/8472,177/1598,133971,"A Novel Genetically Optimized Convolutional Neural Network for Traffic Sign Recognition - A New Benchmark on Belgium and Chinese Traffic Sign Datasets."
154/8472,13/3129,133971,"A Novel Genetically Optimized Convolutional Neural Network for Traffic Sign Recognition - A New Benchmark on Belgium and Chinese Traffic Sign Datasets."
154/8472,15/1141,133971,"A Novel Genetically Optimized Convolutional Neural Network for Traffic Sign Recognition - A New Benchmark on Belgium and Chinese Traffic Sign Datasets."
177/1598,13/3129,133971,"A Novel Genetically Optimized Convolutional Neural Network for Traffic Sign Recognition - A New Benchmark on Belgium and Chinese Traffic Sign Datasets."
177/1598,15/1141,133971,"A Novel Genetically Optimized Convolutional Neural Network for Traffic Sign Recognition - A New Benchmark on Belgium and Chinese Traffic Sign Datasets."
13/3129,15/1141,133971,"A Novel Genetically Optimized Convolutional Neural Network for Traffic Sign Recognition - A New Benchmark on Belgium and Chinese Traffic Sign Datasets."
246/6527,192/6665,133972,"Finite-Time Stability for Caputo-Katugampola Fractional-Order Time-Delayed Neural Networks."
246/6527,38/8872,133972,"Finite-Time Stability for Caputo-Katugampola Fractional-Order Time-Delayed Neural Networks."
246/6527,186/0618,133972,"Finite-Time Stability for Caputo-Katugampola Fractional-Order Time-Delayed Neural Networks."
192/6665,38/8872,133972,"Finite-Time Stability for Caputo-Katugampola Fractional-Order Time-Delayed Neural Networks."
192/6665,186/0618,133972,"Finite-Time Stability for Caputo-Katugampola Fractional-Order Time-Delayed Neural Networks."
38/8872,186/0618,133972,"Finite-Time Stability for Caputo-Katugampola Fractional-Order Time-Delayed Neural Networks."
79/1276-3,173/8066,133974,"Neural Block Control via Integrator Backstepping for a Robotic Arm in Real-Time."
79/1276-3,14/1249,133974,"Neural Block Control via Integrator Backstepping for a Robotic Arm in Real-Time."
79/1276-3,88/4180,133974,"Neural Block Control via Integrator Backstepping for a Robotic Arm in Real-Time."
79/1276-3,90/2341,133974,"Neural Block Control via Integrator Backstepping for a Robotic Arm in Real-Time."
173/8066,14/1249,133974,"Neural Block Control via Integrator Backstepping for a Robotic Arm in Real-Time."
173/8066,88/4180,133974,"Neural Block Control via Integrator Backstepping for a Robotic Arm in Real-Time."
173/8066,90/2341,133974,"Neural Block Control via Integrator Backstepping for a Robotic Arm in Real-Time."
14/1249,88/4180,133974,"Neural Block Control via Integrator Backstepping for a Robotic Arm in Real-Time."
14/1249,90/2341,133974,"Neural Block Control via Integrator Backstepping for a Robotic Arm in Real-Time."
88/4180,90/2341,133974,"Neural Block Control via Integrator Backstepping for a Robotic Arm in Real-Time."
145/5971,79/3807,133978,"An Alternative Approach for Setting the Optimum Coupling Parameters Among the Neural Central Pattern Generators Considering the Amplitude and the Phase Error Calculations."
13/8884,211/7761,133981,"Extraction of Product Evaluation Factors with a Convolutional Neural Network and Transfer Learning."
13/8884,60/2556,133981,"Extraction of Product Evaluation Factors with a Convolutional Neural Network and Transfer Learning."
13/8884,182/6395,133981,"Extraction of Product Evaluation Factors with a Convolutional Neural Network and Transfer Learning."
211/7761,60/2556,133981,"Extraction of Product Evaluation Factors with a Convolutional Neural Network and Transfer Learning."
211/7761,182/6395,133981,"Extraction of Product Evaluation Factors with a Convolutional Neural Network and Transfer Learning."
60/2556,182/6395,133981,"Extraction of Product Evaluation Factors with a Convolutional Neural Network and Transfer Learning."
154/1994,73/10765,133985,"Exponential Synchronization of Stochastic Memristive Neural Networks with Time-Varying Delays."
154/1994,77/2845,133985,"Exponential Synchronization of Stochastic Memristive Neural Networks with Time-Varying Delays."
73/10765,77/2845,133985,"Exponential Synchronization of Stochastic Memristive Neural Networks with Time-Varying Delays."
56/9392,31/316,133988,"Discrete Analogue for a Class of Impulsive Cohen-Grossberg Neural Networks with Asynchronous Time-Varying Delays."
03/1339,254/8390,133990,"Synchronization of Coupled Complex-Valued Impulsive Neural Networks with Time Delays."
89/6978,219/5910,133991,"Anti-periodic Solutions for Quaternion-Valued High-Order Hopfield Neural Networks with Time-Varying Delays."
89/6978,13/2692-20,133991,"Anti-periodic Solutions for Quaternion-Valued High-Order Hopfield Neural Networks with Time-Varying Delays."
219/5910,13/2692-20,133991,"Anti-periodic Solutions for Quaternion-Valued High-Order Hopfield Neural Networks with Time-Varying Delays."
214/3596,170/8893,133992,"Asymptotical Stability of Riemann-Liouville Fractional-Order Neutral-Type Delayed Projective Neural Networks."
214/3596,51/5780,133992,"Asymptotical Stability of Riemann-Liouville Fractional-Order Neutral-Type Delayed Projective Neural Networks."
170/8893,51/5780,133992,"Asymptotical Stability of Riemann-Liouville Fractional-Order Neutral-Type Delayed Projective Neural Networks."
58/411,80/3887,133995,"Enhanced Bird Detection from Low-Resolution Aerial Image Using Deep Neural Networks."
58/411,197/6693,133995,"Enhanced Bird Detection from Low-Resolution Aerial Image Using Deep Neural Networks."
58/411,29/5049,133995,"Enhanced Bird Detection from Low-Resolution Aerial Image Using Deep Neural Networks."
80/3887,197/6693,133995,"Enhanced Bird Detection from Low-Resolution Aerial Image Using Deep Neural Networks."
80/3887,29/5049,133995,"Enhanced Bird Detection from Low-Resolution Aerial Image Using Deep Neural Networks."
197/6693,29/5049,133995,"Enhanced Bird Detection from Low-Resolution Aerial Image Using Deep Neural Networks."
231/2112,65/830,133997,"A Fast Algorithm for Convolutional Neural Networks Using Tile-based Fast Fourier Transforms."
65/5195,75/6825,134000,"New Results for Exponential Synchronization of Memristive Cohen-Grossberg Neural Networks with Time-Varying Delays."
65/5195,63/7026-5,134000,"New Results for Exponential Synchronization of Memristive Cohen-Grossberg Neural Networks with Time-Varying Delays."
75/6825,63/7026-5,134000,"New Results for Exponential Synchronization of Memristive Cohen-Grossberg Neural Networks with Time-Varying Delays."
36/5558-14,29/6005,134002,"Two-Stage Method for Diagonal Recurrent Neural Network Identification of a High-Power Continuous Microwave Heating System."
36/5558-14,42/6798,134002,"Two-Stage Method for Diagonal Recurrent Neural Network Identification of a High-Power Continuous Microwave Heating System."
36/5558-14,78/2022-3,134002,"Two-Stage Method for Diagonal Recurrent Neural Network Identification of a High-Power Continuous Microwave Heating System."
29/6005,42/6798,134002,"Two-Stage Method for Diagonal Recurrent Neural Network Identification of a High-Power Continuous Microwave Heating System."
29/6005,78/2022-3,134002,"Two-Stage Method for Diagonal Recurrent Neural Network Identification of a High-Power Continuous Microwave Heating System."
42/6798,78/2022-3,134002,"Two-Stage Method for Diagonal Recurrent Neural Network Identification of a High-Power Continuous Microwave Heating System."
78/7328,80/7562,134003,"Finite-Time Synchronization of Complex-Valued Neural Networks with Multiple Time-Varying Delays and Infinite Distributed Delays."
78/7328,75/4419,134003,"Finite-Time Synchronization of Complex-Valued Neural Networks with Multiple Time-Varying Delays and Infinite Distributed Delays."
78/7328,24/647,134003,"Finite-Time Synchronization of Complex-Valued Neural Networks with Multiple Time-Varying Delays and Infinite Distributed Delays."
78/7328,43/10014,134003,"Finite-Time Synchronization of Complex-Valued Neural Networks with Multiple Time-Varying Delays and Infinite Distributed Delays."
80/7562,75/4419,134003,"Finite-Time Synchronization of Complex-Valued Neural Networks with Multiple Time-Varying Delays and Infinite Distributed Delays."
80/7562,24/647,134003,"Finite-Time Synchronization of Complex-Valued Neural Networks with Multiple Time-Varying Delays and Infinite Distributed Delays."
80/7562,43/10014,134003,"Finite-Time Synchronization of Complex-Valued Neural Networks with Multiple Time-Varying Delays and Infinite Distributed Delays."
75/4419,24/647,134003,"Finite-Time Synchronization of Complex-Valued Neural Networks with Multiple Time-Varying Delays and Infinite Distributed Delays."
75/4419,43/10014,134003,"Finite-Time Synchronization of Complex-Valued Neural Networks with Multiple Time-Varying Delays and Infinite Distributed Delays."
24/647,43/10014,134003,"Finite-Time Synchronization of Complex-Valued Neural Networks with Multiple Time-Varying Delays and Infinite Distributed Delays."
55/5795,131/3376,134008,"Piecewise Polynomial Activation Functions for Feedforward Neural Networks."
55/5795,63/1485,134008,"Piecewise Polynomial Activation Functions for Feedforward Neural Networks."
55/5795,29/1141,134008,"Piecewise Polynomial Activation Functions for Feedforward Neural Networks."
131/3376,63/1485,134008,"Piecewise Polynomial Activation Functions for Feedforward Neural Networks."
131/3376,29/1141,134008,"Piecewise Polynomial Activation Functions for Feedforward Neural Networks."
63/1485,29/1141,134008,"Piecewise Polynomial Activation Functions for Feedforward Neural Networks."
26/5662,78/4785,134009,"Weighted Channel-Wise Decomposed Convolutional Neural Networks."
26/5662,161/8357,134009,"Weighted Channel-Wise Decomposed Convolutional Neural Networks."
78/4785,161/8357,134009,"Weighted Channel-Wise Decomposed Convolutional Neural Networks."
00/101,90/5587,134011,"Synchronizing Chaotic Systems with Uncertain Model and Unknown Interference Using Sliding Mode Control and Wavelet Neural Networks."
00/101,254/8344,134011,"Synchronizing Chaotic Systems with Uncertain Model and Unknown Interference Using Sliding Mode Control and Wavelet Neural Networks."
90/5587,254/8344,134011,"Synchronizing Chaotic Systems with Uncertain Model and Unknown Interference Using Sliding Mode Control and Wavelet Neural Networks."
53/1441,98/4025,134012,"Improved Gradient Neural Networks for Solving Moore-Penrose Inverse of Full-Rank Matrix."
53/1441,54/3967,134012,"Improved Gradient Neural Networks for Solving Moore-Penrose Inverse of Full-Rank Matrix."
53/1441,90/5587,134012,"Improved Gradient Neural Networks for Solving Moore-Penrose Inverse of Full-Rank Matrix."
53/1441,167/7633,134012,"Improved Gradient Neural Networks for Solving Moore-Penrose Inverse of Full-Rank Matrix."
98/4025,54/3967,134012,"Improved Gradient Neural Networks for Solving Moore-Penrose Inverse of Full-Rank Matrix."
98/4025,90/5587,134012,"Improved Gradient Neural Networks for Solving Moore-Penrose Inverse of Full-Rank Matrix."
98/4025,167/7633,134012,"Improved Gradient Neural Networks for Solving Moore-Penrose Inverse of Full-Rank Matrix."
54/3967,90/5587,134012,"Improved Gradient Neural Networks for Solving Moore-Penrose Inverse of Full-Rank Matrix."
54/3967,167/7633,134012,"Improved Gradient Neural Networks for Solving Moore-Penrose Inverse of Full-Rank Matrix."
90/5587,167/7633,134012,"Improved Gradient Neural Networks for Solving Moore-Penrose Inverse of Full-Rank Matrix."
163/4293,163/4376,134016,"Artificial Neural Networks with Random Weights for Incomplete Datasets."
163/4293,188/1890,134016,"Artificial Neural Networks with Random Weights for Incomplete Datasets."
163/4376,188/1890,134016,"Artificial Neural Networks with Random Weights for Incomplete Datasets."
184/7738,184/7738,134017,"Pseudo Almost Automorphic Solutions for Multidirectional Associative Memory Neural Network with Mixed Delays."
251/7837,61/4408,134018,"Restricted Convolutional Neural Networks."
43/6700,43/6700,134019,"A Note on Liao's Recurrent Neural-Network Learning for Discrete Multi-stage Optimal Control Problems."
28/775,254/8391,134028,"Exponential Synchronization of Inertial Memristor-Based Neural Networks with Time Delay Using Average Impulsive Interval Approach."
28/775,150/0714,134028,"Exponential Synchronization of Inertial Memristor-Based Neural Networks with Time Delay Using Average Impulsive Interval Approach."
28/775,77/2845,134028,"Exponential Synchronization of Inertial Memristor-Based Neural Networks with Time Delay Using Average Impulsive Interval Approach."
254/8391,150/0714,134028,"Exponential Synchronization of Inertial Memristor-Based Neural Networks with Time Delay Using Average Impulsive Interval Approach."
254/8391,77/2845,134028,"Exponential Synchronization of Inertial Memristor-Based Neural Networks with Time Delay Using Average Impulsive Interval Approach."
150/0714,77/2845,134028,"Exponential Synchronization of Inertial Memristor-Based Neural Networks with Time Delay Using Average Impulsive Interval Approach."
251/7869,09/9492,134031,"Global Asymptotic Stability of Periodic Solutions for Discrete Time Delayed BAM Neural Networks by Combining Coincidence Degree Theory with LMI Method."
251/7869,47/2653,134031,"Global Asymptotic Stability of Periodic Solutions for Discrete Time Delayed BAM Neural Networks by Combining Coincidence Degree Theory with LMI Method."
09/9492,47/2653,134031,"Global Asymptotic Stability of Periodic Solutions for Discrete Time Delayed BAM Neural Networks by Combining Coincidence Degree Theory with LMI Method."
223/8105,131/9906,134033,"General Decay Lag Synchronization for Competitive Neural Networks with Constant Delays."
223/8105,75/6825,134033,"General Decay Lag Synchronization for Competitive Neural Networks with Constant Delays."
131/9906,75/6825,134033,"General Decay Lag Synchronization for Competitive Neural Networks with Constant Delays."
254/8406,76/7803,134034,"A Robust Sentiment Analysis Method Based on Sequential Combination of Convolutional and Recursive Neural Networks."
254/8406,55/2328,134034,"A Robust Sentiment Analysis Method Based on Sequential Combination of Convolutional and Recursive Neural Networks."
76/7803,55/2328,134034,"A Robust Sentiment Analysis Method Based on Sequential Combination of Convolutional and Recursive Neural Networks."
168/9681,173/2685,134035,"New Delay-Dependent Stability Criteria for Impulsive Neural Networks with Additive Time-Varying Delay Components and Leakage Term."
168/9681,77/2845,134035,"New Delay-Dependent Stability Criteria for Impulsive Neural Networks with Additive Time-Varying Delay Components and Leakage Term."
168/9681,132/9508,134035,"New Delay-Dependent Stability Criteria for Impulsive Neural Networks with Additive Time-Varying Delay Components and Leakage Term."
168/9681,80/2747-3,134035,"New Delay-Dependent Stability Criteria for Impulsive Neural Networks with Additive Time-Varying Delay Components and Leakage Term."
173/2685,77/2845,134035,"New Delay-Dependent Stability Criteria for Impulsive Neural Networks with Additive Time-Varying Delay Components and Leakage Term."
173/2685,132/9508,134035,"New Delay-Dependent Stability Criteria for Impulsive Neural Networks with Additive Time-Varying Delay Components and Leakage Term."
173/2685,80/2747-3,134035,"New Delay-Dependent Stability Criteria for Impulsive Neural Networks with Additive Time-Varying Delay Components and Leakage Term."
77/2845,132/9508,134035,"New Delay-Dependent Stability Criteria for Impulsive Neural Networks with Additive Time-Varying Delay Components and Leakage Term."
77/2845,80/2747-3,134035,"New Delay-Dependent Stability Criteria for Impulsive Neural Networks with Additive Time-Varying Delay Components and Leakage Term."
132/9508,80/2747-3,134035,"New Delay-Dependent Stability Criteria for Impulsive Neural Networks with Additive Time-Varying Delay Components and Leakage Term."
18/2214-1,30/3282,134036,"Finite-Time Non-fragile Dissipative Stabilization of Delayed Neural Networks."
18/2214-1,154/1836,134036,"Finite-Time Non-fragile Dissipative Stabilization of Delayed Neural Networks."
30/3282,154/1836,134036,"Finite-Time Non-fragile Dissipative Stabilization of Delayed Neural Networks."
52/3709,26/2210,134040,"H∞ State Estimation for Stochastic Jumping Neural Networks with Fading Channels Over a Finite-Time Interval."
52/3709,145/4178,134040,"H∞ State Estimation for Stochastic Jumping Neural Networks with Fading Channels Over a Finite-Time Interval."
52/3709,46/8665,134040,"H∞ State Estimation for Stochastic Jumping Neural Networks with Fading Channels Over a Finite-Time Interval."
52/3709,61/4396,134040,"H∞ State Estimation for Stochastic Jumping Neural Networks with Fading Channels Over a Finite-Time Interval."
26/2210,145/4178,134040,"H∞ State Estimation for Stochastic Jumping Neural Networks with Fading Channels Over a Finite-Time Interval."
26/2210,46/8665,134040,"H∞ State Estimation for Stochastic Jumping Neural Networks with Fading Channels Over a Finite-Time Interval."
26/2210,61/4396,134040,"H∞ State Estimation for Stochastic Jumping Neural Networks with Fading Channels Over a Finite-Time Interval."
145/4178,46/8665,134040,"H∞ State Estimation for Stochastic Jumping Neural Networks with Fading Channels Over a Finite-Time Interval."
145/4178,61/4396,134040,"H∞ State Estimation for Stochastic Jumping Neural Networks with Fading Channels Over a Finite-Time Interval."
46/8665,61/4396,134040,"H∞ State Estimation for Stochastic Jumping Neural Networks with Fading Channels Over a Finite-Time Interval."
09/8595,74/982,134042,"Enhance the Performance of Deep Neural Networks via L2 Regularization on the Input of Activations."
09/8595,24/9687,134042,"Enhance the Performance of Deep Neural Networks via L2 Regularization on the Input of Activations."
09/8595,160/2483,134042,"Enhance the Performance of Deep Neural Networks via L2 Regularization on the Input of Activations."
74/982,24/9687,134042,"Enhance the Performance of Deep Neural Networks via L2 Regularization on the Input of Activations."
74/982,160/2483,134042,"Enhance the Performance of Deep Neural Networks via L2 Regularization on the Input of Activations."
24/9687,160/2483,134042,"Enhance the Performance of Deep Neural Networks via L2 Regularization on the Input of Activations."
254/8404,204/7863,134043,"Projection Recurrent Neural Network Model - A New Strategy to Solve Weapon-Target Assignment Problem."
254/8404,166/0548,134043,"Projection Recurrent Neural Network Model - A New Strategy to Solve Weapon-Target Assignment Problem."
254/8404,166/2866,134043,"Projection Recurrent Neural Network Model - A New Strategy to Solve Weapon-Target Assignment Problem."
204/7863,166/0548,134043,"Projection Recurrent Neural Network Model - A New Strategy to Solve Weapon-Target Assignment Problem."
204/7863,166/2866,134043,"Projection Recurrent Neural Network Model - A New Strategy to Solve Weapon-Target Assignment Problem."
166/0548,166/2866,134043,"Projection Recurrent Neural Network Model - A New Strategy to Solve Weapon-Target Assignment Problem."
24/964,228/6312,134045,"Memory-based State Estimation of T-S Fuzzy Markov Jump Delayed Neural Networks with Reaction-Diffusion Terms."
24/964,86/527,134045,"Memory-based State Estimation of T-S Fuzzy Markov Jump Delayed Neural Networks with Reaction-Diffusion Terms."
24/964,85/7419,134045,"Memory-based State Estimation of T-S Fuzzy Markov Jump Delayed Neural Networks with Reaction-Diffusion Terms."
24/964,94/4846,134045,"Memory-based State Estimation of T-S Fuzzy Markov Jump Delayed Neural Networks with Reaction-Diffusion Terms."
228/6312,86/527,134045,"Memory-based State Estimation of T-S Fuzzy Markov Jump Delayed Neural Networks with Reaction-Diffusion Terms."
228/6312,85/7419,134045,"Memory-based State Estimation of T-S Fuzzy Markov Jump Delayed Neural Networks with Reaction-Diffusion Terms."
228/6312,94/4846,134045,"Memory-based State Estimation of T-S Fuzzy Markov Jump Delayed Neural Networks with Reaction-Diffusion Terms."
86/527,85/7419,134045,"Memory-based State Estimation of T-S Fuzzy Markov Jump Delayed Neural Networks with Reaction-Diffusion Terms."
86/527,94/4846,134045,"Memory-based State Estimation of T-S Fuzzy Markov Jump Delayed Neural Networks with Reaction-Diffusion Terms."
85/7419,94/4846,134045,"Memory-based State Estimation of T-S Fuzzy Markov Jump Delayed Neural Networks with Reaction-Diffusion Terms."
30/982-1,72/1547,134046,"A Parallel Image Skeletonizing Method Using Spiking Neural P Systems with Weights."
30/982-1,224/4975,134046,"A Parallel Image Skeletonizing Method Using Spiking Neural P Systems with Weights."
30/982-1,55/5282,134046,"A Parallel Image Skeletonizing Method Using Spiking Neural P Systems with Weights."
30/982-1,24/7606,134046,"A Parallel Image Skeletonizing Method Using Spiking Neural P Systems with Weights."
72/1547,224/4975,134046,"A Parallel Image Skeletonizing Method Using Spiking Neural P Systems with Weights."
72/1547,55/5282,134046,"A Parallel Image Skeletonizing Method Using Spiking Neural P Systems with Weights."
72/1547,24/7606,134046,"A Parallel Image Skeletonizing Method Using Spiking Neural P Systems with Weights."
224/4975,55/5282,134046,"A Parallel Image Skeletonizing Method Using Spiking Neural P Systems with Weights."
224/4975,24/7606,134046,"A Parallel Image Skeletonizing Method Using Spiking Neural P Systems with Weights."
55/5282,24/7606,134046,"A Parallel Image Skeletonizing Method Using Spiking Neural P Systems with Weights."
74/7655,14/756,134049,"Solving Partial Differential Equation Based on Bernstein Neural Network and Extreme Learning Machine Algorithm."
74/7655,18/216,134049,"Solving Partial Differential Equation Based on Bernstein Neural Network and Extreme Learning Machine Algorithm."
74/7655,84/1905,134049,"Solving Partial Differential Equation Based on Bernstein Neural Network and Extreme Learning Machine Algorithm."
74/7655,251/7679,134049,"Solving Partial Differential Equation Based on Bernstein Neural Network and Extreme Learning Machine Algorithm."
74/7655,58/2012,134049,"Solving Partial Differential Equation Based on Bernstein Neural Network and Extreme Learning Machine Algorithm."
14/756,18/216,134049,"Solving Partial Differential Equation Based on Bernstein Neural Network and Extreme Learning Machine Algorithm."
14/756,84/1905,134049,"Solving Partial Differential Equation Based on Bernstein Neural Network and Extreme Learning Machine Algorithm."
14/756,251/7679,134049,"Solving Partial Differential Equation Based on Bernstein Neural Network and Extreme Learning Machine Algorithm."
14/756,58/2012,134049,"Solving Partial Differential Equation Based on Bernstein Neural Network and Extreme Learning Machine Algorithm."
18/216,84/1905,134049,"Solving Partial Differential Equation Based on Bernstein Neural Network and Extreme Learning Machine Algorithm."
18/216,251/7679,134049,"Solving Partial Differential Equation Based on Bernstein Neural Network and Extreme Learning Machine Algorithm."
18/216,58/2012,134049,"Solving Partial Differential Equation Based on Bernstein Neural Network and Extreme Learning Machine Algorithm."
84/1905,251/7679,134049,"Solving Partial Differential Equation Based on Bernstein Neural Network and Extreme Learning Machine Algorithm."
84/1905,58/2012,134049,"Solving Partial Differential Equation Based on Bernstein Neural Network and Extreme Learning Machine Algorithm."
251/7679,58/2012,134049,"Solving Partial Differential Equation Based on Bernstein Neural Network and Extreme Learning Machine Algorithm."
78/4864,20/2197,134051,"Finite-Time Stability and Synchronization of the Coupled Switched Neural Networks with Nodes of Different Dimensions."
78/4864,56/5650,134051,"Finite-Time Stability and Synchronization of the Coupled Switched Neural Networks with Nodes of Different Dimensions."
20/2197,56/5650,134051,"Finite-Time Stability and Synchronization of the Coupled Switched Neural Networks with Nodes of Different Dimensions."
126/2513,214/9198,134054,"New Results on Robust Finite-Time Passivity for Fractional-Order Neural Networks with Uncertainties."
126/2513,251/7821,134054,"New Results on Robust Finite-Time Passivity for Fractional-Order Neural Networks with Uncertainties."
214/9198,251/7821,134054,"New Results on Robust Finite-Time Passivity for Fractional-Order Neural Networks with Uncertainties."
215/6174,122/0554,134058,"Adaptive Learning Based on Tracking and ReIdentifying Objects Using Convolutional Neural Network."
07/4221,09/5978,134063,"Global Mittag-Leffler Boundedness for Fractional-Order Complex-Valued Cohen-Grossberg Neural Networks."
07/4221,09/5978,134064,"α-Exponential Stability of Impulsive Fractional-Order Complex-Valued Neural Networks with Time Delays."
07/4221,09/5978,134065,"Impulsive Stabilization and Synchronization of Fractional-Order Complex-Valued Neural Networks."
05/3420,75/6825,134073,"Stability and Synchronization Analysis of Discrete-Time Delayed Neural Networks with Discontinuous Activations."
05/3420,142/3959,134073,"Stability and Synchronization Analysis of Discrete-Time Delayed Neural Networks with Discontinuous Activations."
05/3420,63/7026-5,134073,"Stability and Synchronization Analysis of Discrete-Time Delayed Neural Networks with Discontinuous Activations."
75/6825,142/3959,134073,"Stability and Synchronization Analysis of Discrete-Time Delayed Neural Networks with Discontinuous Activations."
75/6825,63/7026-5,134073,"Stability and Synchronization Analysis of Discrete-Time Delayed Neural Networks with Discontinuous Activations."
142/3959,63/7026-5,134073,"Stability and Synchronization Analysis of Discrete-Time Delayed Neural Networks with Discontinuous Activations."
33/4679,254/8358,134078,"Application of Mind Evolutionary Algorithm and Artificial Neural Networks for Prediction of Profile and Flatness in Hot Strip Rolling Process."
33/4679,254/8385,134078,"Application of Mind Evolutionary Algorithm and Artificial Neural Networks for Prediction of Profile and Flatness in Hot Strip Rolling Process."
33/4679,54/5330,134078,"Application of Mind Evolutionary Algorithm and Artificial Neural Networks for Prediction of Profile and Flatness in Hot Strip Rolling Process."
33/4679,167/9865,134078,"Application of Mind Evolutionary Algorithm and Artificial Neural Networks for Prediction of Profile and Flatness in Hot Strip Rolling Process."
254/8358,254/8385,134078,"Application of Mind Evolutionary Algorithm and Artificial Neural Networks for Prediction of Profile and Flatness in Hot Strip Rolling Process."
254/8358,54/5330,134078,"Application of Mind Evolutionary Algorithm and Artificial Neural Networks for Prediction of Profile and Flatness in Hot Strip Rolling Process."
254/8358,167/9865,134078,"Application of Mind Evolutionary Algorithm and Artificial Neural Networks for Prediction of Profile and Flatness in Hot Strip Rolling Process."
254/8385,54/5330,134078,"Application of Mind Evolutionary Algorithm and Artificial Neural Networks for Prediction of Profile and Flatness in Hot Strip Rolling Process."
254/8385,167/9865,134078,"Application of Mind Evolutionary Algorithm and Artificial Neural Networks for Prediction of Profile and Flatness in Hot Strip Rolling Process."
54/5330,167/9865,134078,"Application of Mind Evolutionary Algorithm and Artificial Neural Networks for Prediction of Profile and Flatness in Hot Strip Rolling Process."
195/6950,42/5814,134079,"Stability of Inertial Neural Network with Time-Varying Delays Via Sampled-Data Control."
39/2866,68/1298,134087,"Pinning Adaptive and Exponential Synchronization of Fractional-Order Uncertain Complex Neural Networks with Time-Varying Delays."
216/9211,216/9211,134092,"Exponential Stability of Positive Shunting Inhibitory Cellular Neural Networks with Multi-proportional Delays."
222/2425,222/2297,134094,"Finite-Time Synchronization of Memristive Neural Networks with Proportional Delay."
222/2425,27/1490,134094,"Finite-Time Synchronization of Memristive Neural Networks with Proportional Delay."
222/2297,27/1490,134094,"Finite-Time Synchronization of Memristive Neural Networks with Proportional Delay."
09/8442,02/8867,134095,"On Finite-Time Stability for Fractional-Order Neural Networks with Proportional Delays."
09/8442,25/8442,134096,"Bifurcation Analysis for Simplified Five-Neuron Bidirectional Associative Memory Neural Networks with Four Delays."
09/8442,02/8867,134096,"Bifurcation Analysis for Simplified Five-Neuron Bidirectional Associative Memory Neural Networks with Four Delays."
09/8442,12/1208,134096,"Bifurcation Analysis for Simplified Five-Neuron Bidirectional Associative Memory Neural Networks with Four Delays."
25/8442,02/8867,134096,"Bifurcation Analysis for Simplified Five-Neuron Bidirectional Associative Memory Neural Networks with Four Delays."
25/8442,12/1208,134096,"Bifurcation Analysis for Simplified Five-Neuron Bidirectional Associative Memory Neural Networks with Four Delays."
02/8867,12/1208,134096,"Bifurcation Analysis for Simplified Five-Neuron Bidirectional Associative Memory Neural Networks with Four Delays."
164/4447,05/3499,134098,"Daily Urban Water Demand Forecasting Based on Chaotic Theory and Continuous Deep Belief Neural Network."
164/4447,65/8511,134098,"Daily Urban Water Demand Forecasting Based on Chaotic Theory and Continuous Deep Belief Neural Network."
164/4447,135/7092,134098,"Daily Urban Water Demand Forecasting Based on Chaotic Theory and Continuous Deep Belief Neural Network."
05/3499,65/8511,134098,"Daily Urban Water Demand Forecasting Based on Chaotic Theory and Continuous Deep Belief Neural Network."
05/3499,135/7092,134098,"Daily Urban Water Demand Forecasting Based on Chaotic Theory and Continuous Deep Belief Neural Network."
65/8511,135/7092,134098,"Daily Urban Water Demand Forecasting Based on Chaotic Theory and Continuous Deep Belief Neural Network."
251/7882,84/11029,134102,"Adaptive State Estimation of Stochastic Delayed Neural Networks with Fractional Brownian Motion."
251/7882,76/10627,134102,"Adaptive State Estimation of Stochastic Delayed Neural Networks with Fractional Brownian Motion."
251/7882,44/7344,134102,"Adaptive State Estimation of Stochastic Delayed Neural Networks with Fractional Brownian Motion."
251/7882,54/3817-2,134102,"Adaptive State Estimation of Stochastic Delayed Neural Networks with Fractional Brownian Motion."
84/11029,76/10627,134102,"Adaptive State Estimation of Stochastic Delayed Neural Networks with Fractional Brownian Motion."
84/11029,44/7344,134102,"Adaptive State Estimation of Stochastic Delayed Neural Networks with Fractional Brownian Motion."
84/11029,54/3817-2,134102,"Adaptive State Estimation of Stochastic Delayed Neural Networks with Fractional Brownian Motion."
76/10627,44/7344,134102,"Adaptive State Estimation of Stochastic Delayed Neural Networks with Fractional Brownian Motion."
76/10627,54/3817-2,134102,"Adaptive State Estimation of Stochastic Delayed Neural Networks with Fractional Brownian Motion."
44/7344,54/3817-2,134102,"Adaptive State Estimation of Stochastic Delayed Neural Networks with Fractional Brownian Motion."
36/4658,36/4658,134103,"Exponential Stability of Positive Recurrent Neural Networks with Multi-proportional Delays."
09/3925,94/6828,134105,"Periodic Solution for ∇ -Stochastic High-Order Hopfield Neural Networks with Time Delays on Time Scales."
09/3925,79/8906,134105,"Periodic Solution for ∇ -Stochastic High-Order Hopfield Neural Networks with Time Delays on Time Scales."
94/6828,79/8906,134105,"Periodic Solution for ∇ -Stochastic High-Order Hopfield Neural Networks with Time Delays on Time Scales."
21/2326,12/3780,134108,"Invariant and Attracting Sets of Complex-Valued Neural Networks with Both Time-Varying and Infinite Distributed Delays."
84/4664,242/7326,134110,"Weighted Pseudo Almost Periodic Solutions for Cellular Neural Networks with Multi-proportional Delays."
213/9929,15/3115,134115,"Global Mittag-Leffler Synchronization for Fractional-Order BAM Neural Networks with Impulses and Multiple Variable Delays via Delayed-Feedback Control Strategy."
213/9929,72/4420-2,134115,"Global Mittag-Leffler Synchronization for Fractional-Order BAM Neural Networks with Impulses and Multiple Variable Delays via Delayed-Feedback Control Strategy."
213/9929,77/2845,134115,"Global Mittag-Leffler Synchronization for Fractional-Order BAM Neural Networks with Impulses and Multiple Variable Delays via Delayed-Feedback Control Strategy."
15/3115,72/4420-2,134115,"Global Mittag-Leffler Synchronization for Fractional-Order BAM Neural Networks with Impulses and Multiple Variable Delays via Delayed-Feedback Control Strategy."
15/3115,77/2845,134115,"Global Mittag-Leffler Synchronization for Fractional-Order BAM Neural Networks with Impulses and Multiple Variable Delays via Delayed-Feedback Control Strategy."
72/4420-2,77/2845,134115,"Global Mittag-Leffler Synchronization for Fractional-Order BAM Neural Networks with Impulses and Multiple Variable Delays via Delayed-Feedback Control Strategy."
85/7840,37/1340,134117,"Pinning Synchronization of Nonlinear and Delayed Coupled Neural Networks with Multi-weights via Aperiodically Intermittent Control."
85/7840,18/3178,134117,"Pinning Synchronization of Nonlinear and Delayed Coupled Neural Networks with Multi-weights via Aperiodically Intermittent Control."
85/7840,54/1474-4,134117,"Pinning Synchronization of Nonlinear and Delayed Coupled Neural Networks with Multi-weights via Aperiodically Intermittent Control."
85/7840,51/4138-2,134117,"Pinning Synchronization of Nonlinear and Delayed Coupled Neural Networks with Multi-weights via Aperiodically Intermittent Control."
85/7840,97/2894,134117,"Pinning Synchronization of Nonlinear and Delayed Coupled Neural Networks with Multi-weights via Aperiodically Intermittent Control."
37/1340,18/3178,134117,"Pinning Synchronization of Nonlinear and Delayed Coupled Neural Networks with Multi-weights via Aperiodically Intermittent Control."
37/1340,54/1474-4,134117,"Pinning Synchronization of Nonlinear and Delayed Coupled Neural Networks with Multi-weights via Aperiodically Intermittent Control."
37/1340,51/4138-2,134117,"Pinning Synchronization of Nonlinear and Delayed Coupled Neural Networks with Multi-weights via Aperiodically Intermittent Control."
37/1340,97/2894,134117,"Pinning Synchronization of Nonlinear and Delayed Coupled Neural Networks with Multi-weights via Aperiodically Intermittent Control."
18/3178,54/1474-4,134117,"Pinning Synchronization of Nonlinear and Delayed Coupled Neural Networks with Multi-weights via Aperiodically Intermittent Control."
18/3178,51/4138-2,134117,"Pinning Synchronization of Nonlinear and Delayed Coupled Neural Networks with Multi-weights via Aperiodically Intermittent Control."
18/3178,97/2894,134117,"Pinning Synchronization of Nonlinear and Delayed Coupled Neural Networks with Multi-weights via Aperiodically Intermittent Control."
54/1474-4,51/4138-2,134117,"Pinning Synchronization of Nonlinear and Delayed Coupled Neural Networks with Multi-weights via Aperiodically Intermittent Control."
54/1474-4,97/2894,134117,"Pinning Synchronization of Nonlinear and Delayed Coupled Neural Networks with Multi-weights via Aperiodically Intermittent Control."
51/4138-2,97/2894,134117,"Pinning Synchronization of Nonlinear and Delayed Coupled Neural Networks with Multi-weights via Aperiodically Intermittent Control."
219/1731,83/7087,134121,"Pinning Synchronization of Coupled Memristive Recurrent Neural Networks with Mixed Time-Varying Delays and Perturbations."
219/1731,72/4134-7,134121,"Pinning Synchronization of Coupled Memristive Recurrent Neural Networks with Mixed Time-Varying Delays and Perturbations."
219/1731,73/6284,134121,"Pinning Synchronization of Coupled Memristive Recurrent Neural Networks with Mixed Time-Varying Delays and Perturbations."
219/1731,40/1762,134121,"Pinning Synchronization of Coupled Memristive Recurrent Neural Networks with Mixed Time-Varying Delays and Perturbations."
83/7087,72/4134-7,134121,"Pinning Synchronization of Coupled Memristive Recurrent Neural Networks with Mixed Time-Varying Delays and Perturbations."
83/7087,73/6284,134121,"Pinning Synchronization of Coupled Memristive Recurrent Neural Networks with Mixed Time-Varying Delays and Perturbations."
83/7087,40/1762,134121,"Pinning Synchronization of Coupled Memristive Recurrent Neural Networks with Mixed Time-Varying Delays and Perturbations."
72/4134-7,73/6284,134121,"Pinning Synchronization of Coupled Memristive Recurrent Neural Networks with Mixed Time-Varying Delays and Perturbations."
72/4134-7,40/1762,134121,"Pinning Synchronization of Coupled Memristive Recurrent Neural Networks with Mixed Time-Varying Delays and Perturbations."
73/6284,40/1762,134121,"Pinning Synchronization of Coupled Memristive Recurrent Neural Networks with Mixed Time-Varying Delays and Perturbations."
80/1961,246/6571,134123,"Classification of Gait Patterns Using Kinematic and Kinetic Features, Gait Dynamics and Neural Networks in Patients with Unilateral Anterior Cruciate Ligament Deficiency."
80/1961,246/6456,134123,"Classification of Gait Patterns Using Kinematic and Kinetic Features, Gait Dynamics and Neural Networks in Patients with Unilateral Anterior Cruciate Ligament Deficiency."
80/1961,71/6829,134123,"Classification of Gait Patterns Using Kinematic and Kinetic Features, Gait Dynamics and Neural Networks in Patients with Unilateral Anterior Cruciate Ligament Deficiency."
80/1961,246/6517,134123,"Classification of Gait Patterns Using Kinematic and Kinetic Features, Gait Dynamics and Neural Networks in Patients with Unilateral Anterior Cruciate Ligament Deficiency."
246/6571,246/6456,134123,"Classification of Gait Patterns Using Kinematic and Kinetic Features, Gait Dynamics and Neural Networks in Patients with Unilateral Anterior Cruciate Ligament Deficiency."
246/6571,71/6829,134123,"Classification of Gait Patterns Using Kinematic and Kinetic Features, Gait Dynamics and Neural Networks in Patients with Unilateral Anterior Cruciate Ligament Deficiency."
246/6571,246/6517,134123,"Classification of Gait Patterns Using Kinematic and Kinetic Features, Gait Dynamics and Neural Networks in Patients with Unilateral Anterior Cruciate Ligament Deficiency."
246/6456,71/6829,134123,"Classification of Gait Patterns Using Kinematic and Kinetic Features, Gait Dynamics and Neural Networks in Patients with Unilateral Anterior Cruciate Ligament Deficiency."
246/6456,246/6517,134123,"Classification of Gait Patterns Using Kinematic and Kinetic Features, Gait Dynamics and Neural Networks in Patients with Unilateral Anterior Cruciate Ligament Deficiency."
71/6829,246/6517,134123,"Classification of Gait Patterns Using Kinematic and Kinetic Features, Gait Dynamics and Neural Networks in Patients with Unilateral Anterior Cruciate Ligament Deficiency."
74/1336,188/3338,134126,"Zhang Neural Dynamics Approximated by Backward Difference Rules in Form of Time-Delay Differential Equation."
74/1336,150/4105,134126,"Zhang Neural Dynamics Approximated by Backward Difference Rules in Form of Time-Delay Differential Equation."
74/1336,38/5846,134126,"Zhang Neural Dynamics Approximated by Backward Difference Rules in Form of Time-Delay Differential Equation."
188/3338,150/4105,134126,"Zhang Neural Dynamics Approximated by Backward Difference Rules in Form of Time-Delay Differential Equation."
188/3338,38/5846,134126,"Zhang Neural Dynamics Approximated by Backward Difference Rules in Form of Time-Delay Differential Equation."
150/4105,38/5846,134126,"Zhang Neural Dynamics Approximated by Backward Difference Rules in Form of Time-Delay Differential Equation."
47/2653,75/2611,134128,"Global Asymptotic Stability of Periodic Solutions for Neutral-Type Delayed BAM Neural Networks by Combining an Abstract Theorem of k-Set Contractive Operator with LMI Method."
211/3067,24/5299,134131,"Stability Analysis of Fractional Order Hopfield Neural Networks with Optimal Discontinuous Control."
71/208,24/5299,134134,"The Intermittent Control Synchronization of Complex-Valued Memristive Recurrent Neural Networks with Time-Delays."
71/208,83/3853,134134,"The Intermittent Control Synchronization of Complex-Valued Memristive Recurrent Neural Networks with Time-Delays."
24/5299,83/3853,134134,"The Intermittent Control Synchronization of Complex-Valued Memristive Recurrent Neural Networks with Time-Delays."
23/1797,00/8605,134136,"Synchronization of Switched Coupled Neural Networks with Distributed Impulsive Effects - An Impulsive Strength Dependent Approach."
23/1797,122/3180,134136,"Synchronization of Switched Coupled Neural Networks with Distributed Impulsive Effects - An Impulsive Strength Dependent Approach."
23/1797,67/5781,134136,"Synchronization of Switched Coupled Neural Networks with Distributed Impulsive Effects - An Impulsive Strength Dependent Approach."
00/8605,122/3180,134136,"Synchronization of Switched Coupled Neural Networks with Distributed Impulsive Effects - An Impulsive Strength Dependent Approach."
00/8605,67/5781,134136,"Synchronization of Switched Coupled Neural Networks with Distributed Impulsive Effects - An Impulsive Strength Dependent Approach."
122/3180,67/5781,134136,"Synchronization of Switched Coupled Neural Networks with Distributed Impulsive Effects - An Impulsive Strength Dependent Approach."
29/5452,50/4129,134140,"One Recurrent Neural Networks Solution for Passive Localization."
173/0953,44/329,134146,"Stability of Quaternion-Valued Neural Networks with Mixed Delays."
46/3164,23/354,147573,"Bearing Fault Diagnosis with a Feature Fusion Method Based on an Ensemble Convolutional Neural Network and Deep Neural Network."
46/3164,242/6012,147573,"Bearing Fault Diagnosis with a Feature Fusion Method Based on an Ensemble Convolutional Neural Network and Deep Neural Network."
23/354,242/6012,147573,"Bearing Fault Diagnosis with a Feature Fusion Method Based on an Ensemble Convolutional Neural Network and Deep Neural Network."
62/5283,137/2994,155920,"Surrogate Gradient Learning in Spiking Neural Networks - Bringing the Power of Gradient-based optimization to spiking neural networks."
62/5283,155/2110,155920,"Surrogate Gradient Learning in Spiking Neural Networks - Bringing the Power of Gradient-based optimization to spiking neural networks."
137/2994,155/2110,155920,"Surrogate Gradient Learning in Spiking Neural Networks - Bringing the Power of Gradient-based optimization to spiking neural networks."
117/4725,80/7046,160100,"Neural Predictive Coding Using Convolutional Neural Networks Toward Unsupervised Learning of Speaker Characteristics."
202/2362,137/2994,172802,"NullHop - A Flexible Convolutional Neural Network Accelerator Based on Sparse Representations of Feature Maps."
202/2362,202/2136,172802,"NullHop - A Flexible Convolutional Neural Network Accelerator Based on Sparse Representations of Feature Maps."
202/2362,166/3237,172802,"NullHop - A Flexible Convolutional Neural Network Accelerator Based on Sparse Representations of Feature Maps."
202/2362,180/6241,172802,"NullHop - A Flexible Convolutional Neural Network Accelerator Based on Sparse Representations of Feature Maps."
202/2362,169/4650,172802,"NullHop - A Flexible Convolutional Neural Network Accelerator Based on Sparse Representations of Feature Maps."
202/2362,202/1709,172802,"NullHop - A Flexible Convolutional Neural Network Accelerator Based on Sparse Representations of Feature Maps."
202/2362,137/3102,172802,"NullHop - A Flexible Convolutional Neural Network Accelerator Based on Sparse Representations of Feature Maps."
202/2362,38/1817,172802,"NullHop - A Flexible Convolutional Neural Network Accelerator Based on Sparse Representations of Feature Maps."
202/2362,10/3688,172802,"NullHop - A Flexible Convolutional Neural Network Accelerator Based on Sparse Representations of Feature Maps."
202/2362,d/TobiDelbruck,172802,"NullHop - A Flexible Convolutional Neural Network Accelerator Based on Sparse Representations of Feature Maps."
137/2994,202/2136,172802,"NullHop - A Flexible Convolutional Neural Network Accelerator Based on Sparse Representations of Feature Maps."
137/2994,166/3237,172802,"NullHop - A Flexible Convolutional Neural Network Accelerator Based on Sparse Representations of Feature Maps."
137/2994,180/6241,172802,"NullHop - A Flexible Convolutional Neural Network Accelerator Based on Sparse Representations of Feature Maps."
137/2994,169/4650,172802,"NullHop - A Flexible Convolutional Neural Network Accelerator Based on Sparse Representations of Feature Maps."
137/2994,202/1709,172802,"NullHop - A Flexible Convolutional Neural Network Accelerator Based on Sparse Representations of Feature Maps."
137/2994,137/3102,172802,"NullHop - A Flexible Convolutional Neural Network Accelerator Based on Sparse Representations of Feature Maps."
137/2994,38/1817,172802,"NullHop - A Flexible Convolutional Neural Network Accelerator Based on Sparse Representations of Feature Maps."
137/2994,10/3688,172802,"NullHop - A Flexible Convolutional Neural Network Accelerator Based on Sparse Representations of Feature Maps."
137/2994,d/TobiDelbruck,172802,"NullHop - A Flexible Convolutional Neural Network Accelerator Based on Sparse Representations of Feature Maps."
202/2136,166/3237,172802,"NullHop - A Flexible Convolutional Neural Network Accelerator Based on Sparse Representations of Feature Maps."
202/2136,180/6241,172802,"NullHop - A Flexible Convolutional Neural Network Accelerator Based on Sparse Representations of Feature Maps."
202/2136,169/4650,172802,"NullHop - A Flexible Convolutional Neural Network Accelerator Based on Sparse Representations of Feature Maps."
202/2136,202/1709,172802,"NullHop - A Flexible Convolutional Neural Network Accelerator Based on Sparse Representations of Feature Maps."
202/2136,137/3102,172802,"NullHop - A Flexible Convolutional Neural Network Accelerator Based on Sparse Representations of Feature Maps."
202/2136,38/1817,172802,"NullHop - A Flexible Convolutional Neural Network Accelerator Based on Sparse Representations of Feature Maps."
202/2136,10/3688,172802,"NullHop - A Flexible Convolutional Neural Network Accelerator Based on Sparse Representations of Feature Maps."
202/2136,d/TobiDelbruck,172802,"NullHop - A Flexible Convolutional Neural Network Accelerator Based on Sparse Representations of Feature Maps."
166/3237,180/6241,172802,"NullHop - A Flexible Convolutional Neural Network Accelerator Based on Sparse Representations of Feature Maps."
166/3237,169/4650,172802,"NullHop - A Flexible Convolutional Neural Network Accelerator Based on Sparse Representations of Feature Maps."
166/3237,202/1709,172802,"NullHop - A Flexible Convolutional Neural Network Accelerator Based on Sparse Representations of Feature Maps."
166/3237,137/3102,172802,"NullHop - A Flexible Convolutional Neural Network Accelerator Based on Sparse Representations of Feature Maps."
166/3237,38/1817,172802,"NullHop - A Flexible Convolutional Neural Network Accelerator Based on Sparse Representations of Feature Maps."
166/3237,10/3688,172802,"NullHop - A Flexible Convolutional Neural Network Accelerator Based on Sparse Representations of Feature Maps."
166/3237,d/TobiDelbruck,172802,"NullHop - A Flexible Convolutional Neural Network Accelerator Based on Sparse Representations of Feature Maps."
180/6241,169/4650,172802,"NullHop - A Flexible Convolutional Neural Network Accelerator Based on Sparse Representations of Feature Maps."
180/6241,202/1709,172802,"NullHop - A Flexible Convolutional Neural Network Accelerator Based on Sparse Representations of Feature Maps."
180/6241,137/3102,172802,"NullHop - A Flexible Convolutional Neural Network Accelerator Based on Sparse Representations of Feature Maps."
180/6241,38/1817,172802,"NullHop - A Flexible Convolutional Neural Network Accelerator Based on Sparse Representations of Feature Maps."
180/6241,10/3688,172802,"NullHop - A Flexible Convolutional Neural Network Accelerator Based on Sparse Representations of Feature Maps."
180/6241,d/TobiDelbruck,172802,"NullHop - A Flexible Convolutional Neural Network Accelerator Based on Sparse Representations of Feature Maps."
169/4650,202/1709,172802,"NullHop - A Flexible Convolutional Neural Network Accelerator Based on Sparse Representations of Feature Maps."
169/4650,137/3102,172802,"NullHop - A Flexible Convolutional Neural Network Accelerator Based on Sparse Representations of Feature Maps."
169/4650,38/1817,172802,"NullHop - A Flexible Convolutional Neural Network Accelerator Based on Sparse Representations of Feature Maps."
169/4650,10/3688,172802,"NullHop - A Flexible Convolutional Neural Network Accelerator Based on Sparse Representations of Feature Maps."
169/4650,d/TobiDelbruck,172802,"NullHop - A Flexible Convolutional Neural Network Accelerator Based on Sparse Representations of Feature Maps."
202/1709,137/3102,172802,"NullHop - A Flexible Convolutional Neural Network Accelerator Based on Sparse Representations of Feature Maps."
202/1709,38/1817,172802,"NullHop - A Flexible Convolutional Neural Network Accelerator Based on Sparse Representations of Feature Maps."
202/1709,10/3688,172802,"NullHop - A Flexible Convolutional Neural Network Accelerator Based on Sparse Representations of Feature Maps."
202/1709,d/TobiDelbruck,172802,"NullHop - A Flexible Convolutional Neural Network Accelerator Based on Sparse Representations of Feature Maps."
137/3102,38/1817,172802,"NullHop - A Flexible Convolutional Neural Network Accelerator Based on Sparse Representations of Feature Maps."
137/3102,10/3688,172802,"NullHop - A Flexible Convolutional Neural Network Accelerator Based on Sparse Representations of Feature Maps."
137/3102,d/TobiDelbruck,172802,"NullHop - A Flexible Convolutional Neural Network Accelerator Based on Sparse Representations of Feature Maps."
38/1817,10/3688,172802,"NullHop - A Flexible Convolutional Neural Network Accelerator Based on Sparse Representations of Feature Maps."
38/1817,d/TobiDelbruck,172802,"NullHop - A Flexible Convolutional Neural Network Accelerator Based on Sparse Representations of Feature Maps."
10/3688,d/TobiDelbruck,172802,"NullHop - A Flexible Convolutional Neural Network Accelerator Based on Sparse Representations of Feature Maps."
04/6048,21/9604,172804,"Optimal Control of Propagating Fronts by Using Level Set Methods and Neural Approximations."
04/6048,36/318,172804,"Optimal Control of Propagating Fronts by Using Level Set Methods and Neural Approximations."
21/9604,36/318,172804,"Optimal Control of Propagating Fronts by Using Level Set Methods and Neural Approximations."
180/4930,77/1969,172807,"Regularizing Deep Neural Networks by Enhancing Diversity in Feature Extraction."
180/4930,83/5255,172807,"Regularizing Deep Neural Networks by Enhancing Diversity in Feature Extraction."
77/1969,83/5255,172807,"Regularizing Deep Neural Networks by Enhancing Diversity in Feature Extraction."
99/6375,99/6375,172809,"On the Duality Between Belief Networks and Feed-Forward Neural Networks."
120/4505,79/2013,172824,"Effects of Subsystem and Coupling on Synchronization of Multiple Neural Networks With Delays via Impulsive Coupling."
120/4505,85/1640,172824,"Effects of Subsystem and Coupling on Synchronization of Multiple Neural Networks With Delays via Impulsive Coupling."
120/4505,21/6889,172824,"Effects of Subsystem and Coupling on Synchronization of Multiple Neural Networks With Delays via Impulsive Coupling."
79/2013,85/1640,172824,"Effects of Subsystem and Coupling on Synchronization of Multiple Neural Networks With Delays via Impulsive Coupling."
79/2013,21/6889,172824,"Effects of Subsystem and Coupling on Synchronization of Multiple Neural Networks With Delays via Impulsive Coupling."
85/1640,21/6889,172824,"Effects of Subsystem and Coupling on Synchronization of Multiple Neural Networks With Delays via Impulsive Coupling."
18/6453,213/2092,172839,"Adaptive Neural Control of Underactuated Surface Vessels With Prescribed Performance Guarantees."
18/6453,181/2695-3,172839,"Adaptive Neural Control of Underactuated Surface Vessels With Prescribed Performance Guarantees."
18/6453,79/10405,172839,"Adaptive Neural Control of Underactuated Surface Vessels With Prescribed Performance Guarantees."
213/2092,181/2695-3,172839,"Adaptive Neural Control of Underactuated Surface Vessels With Prescribed Performance Guarantees."
213/2092,79/10405,172839,"Adaptive Neural Control of Underactuated Surface Vessels With Prescribed Performance Guarantees."
181/2695-3,79/10405,172839,"Adaptive Neural Control of Underactuated Surface Vessels With Prescribed Performance Guarantees."
61/6695,35/1064,172862,"EEG-Based Spatio-Temporal Convolutional Neural Network for Driver Fatigue Evaluation."
61/6695,171/1862,172862,"EEG-Based Spatio-Temporal Convolutional Neural Network for Driver Fatigue Evaluation."
61/6695,11/6606,172862,"EEG-Based Spatio-Temporal Convolutional Neural Network for Driver Fatigue Evaluation."
61/6695,93/5836,172862,"EEG-Based Spatio-Temporal Convolutional Neural Network for Driver Fatigue Evaluation."
61/6695,200/9756,172862,"EEG-Based Spatio-Temporal Convolutional Neural Network for Driver Fatigue Evaluation."
61/6695,12/4927,172862,"EEG-Based Spatio-Temporal Convolutional Neural Network for Driver Fatigue Evaluation."
35/1064,171/1862,172862,"EEG-Based Spatio-Temporal Convolutional Neural Network for Driver Fatigue Evaluation."
35/1064,11/6606,172862,"EEG-Based Spatio-Temporal Convolutional Neural Network for Driver Fatigue Evaluation."
35/1064,93/5836,172862,"EEG-Based Spatio-Temporal Convolutional Neural Network for Driver Fatigue Evaluation."
35/1064,200/9756,172862,"EEG-Based Spatio-Temporal Convolutional Neural Network for Driver Fatigue Evaluation."
35/1064,12/4927,172862,"EEG-Based Spatio-Temporal Convolutional Neural Network for Driver Fatigue Evaluation."
171/1862,11/6606,172862,"EEG-Based Spatio-Temporal Convolutional Neural Network for Driver Fatigue Evaluation."
171/1862,93/5836,172862,"EEG-Based Spatio-Temporal Convolutional Neural Network for Driver Fatigue Evaluation."
171/1862,200/9756,172862,"EEG-Based Spatio-Temporal Convolutional Neural Network for Driver Fatigue Evaluation."
171/1862,12/4927,172862,"EEG-Based Spatio-Temporal Convolutional Neural Network for Driver Fatigue Evaluation."
11/6606,93/5836,172862,"EEG-Based Spatio-Temporal Convolutional Neural Network for Driver Fatigue Evaluation."
11/6606,200/9756,172862,"EEG-Based Spatio-Temporal Convolutional Neural Network for Driver Fatigue Evaluation."
11/6606,12/4927,172862,"EEG-Based Spatio-Temporal Convolutional Neural Network for Driver Fatigue Evaluation."
93/5836,200/9756,172862,"EEG-Based Spatio-Temporal Convolutional Neural Network for Driver Fatigue Evaluation."
93/5836,12/4927,172862,"EEG-Based Spatio-Temporal Convolutional Neural Network for Driver Fatigue Evaluation."
200/9756,12/4927,172862,"EEG-Based Spatio-Temporal Convolutional Neural Network for Driver Fatigue Evaluation."
34/7343,35/7711,172868,"Multistability of Switched Neural Networks With Piecewise Linear Activation Functions Under State-Dependent Switching."
34/7343,w/JunWang2,172868,"Multistability of Switched Neural Networks With Piecewise Linear Activation Functions Under State-Dependent Switching."
35/7711,w/JunWang2,172868,"Multistability of Switched Neural Networks With Piecewise Linear Activation Functions Under State-Dependent Switching."
25/3038-3,64/6544-42,172869,"Neural Adaptive Backstepping Control of a Robotic Manipulator With Prescribed Performance Constraint."
25/3038-3,34/2900,172869,"Neural Adaptive Backstepping Control of a Robotic Manipulator With Prescribed Performance Constraint."
25/3038-3,87/3204,172869,"Neural Adaptive Backstepping Control of a Robotic Manipulator With Prescribed Performance Constraint."
64/6544-42,34/2900,172869,"Neural Adaptive Backstepping Control of a Robotic Manipulator With Prescribed Performance Constraint."
64/6544-42,87/3204,172869,"Neural Adaptive Backstepping Control of a Robotic Manipulator With Prescribed Performance Constraint."
34/2900,87/3204,172869,"Neural Adaptive Backstepping Control of a Robotic Manipulator With Prescribed Performance Constraint."
20/6417-1,64/221,172874,"Guest Editorial Special Issue on Intelligent Control Through Neural Learning and Optimization for Human-Machine Hybrid Systems."
20/6417-1,w/DCWunsch,172874,"Guest Editorial Special Issue on Intelligent Control Through Neural Learning and Optimization for Human-Machine Hybrid Systems."
20/6417-1,38/3064,172874,"Guest Editorial Special Issue on Intelligent Control Through Neural Learning and Optimization for Human-Machine Hybrid Systems."
64/221,w/DCWunsch,172874,"Guest Editorial Special Issue on Intelligent Control Through Neural Learning and Optimization for Human-Machine Hybrid Systems."
64/221,38/3064,172874,"Guest Editorial Special Issue on Intelligent Control Through Neural Learning and Optimization for Human-Machine Hybrid Systems."
w/DCWunsch,38/3064,172874,"Guest Editorial Special Issue on Intelligent Control Through Neural Learning and Optimization for Human-Machine Hybrid Systems."
62/989,34/4759,172875,"Editorial - Booming of Neural Networks and Learning Systems."
62/989,26/4820,172875,"Editorial - Booming of Neural Networks and Learning Systems."
62/989,32/8511,172875,"Editorial - Booming of Neural Networks and Learning Systems."
62/989,86/4183,172875,"Editorial - Booming of Neural Networks and Learning Systems."
62/989,90/5065,172875,"Editorial - Booming of Neural Networks and Learning Systems."
62/989,38/5435,172875,"Editorial - Booming of Neural Networks and Learning Systems."
62/989,76/907,172875,"Editorial - Booming of Neural Networks and Learning Systems."
62/989,97/8704,172875,"Editorial - Booming of Neural Networks and Learning Systems."
62/989,l/LingjiaLiu,172875,"Editorial - Booming of Neural Networks and Learning Systems."
62/989,22/11262,172875,"Editorial - Booming of Neural Networks and Learning Systems."
62/989,05/6133,172875,"Editorial - Booming of Neural Networks and Learning Systems."
62/989,36/5299,172875,"Editorial - Booming of Neural Networks and Learning Systems."
62/989,85/2221,172875,"Editorial - Booming of Neural Networks and Learning Systems."
62/989,78/1467-1,172875,"Editorial - Booming of Neural Networks and Learning Systems."
62/989,44/4380,172875,"Editorial - Booming of Neural Networks and Learning Systems."
62/989,58/4968,172875,"Editorial - Booming of Neural Networks and Learning Systems."
62/989,79/6134,172875,"Editorial - Booming of Neural Networks and Learning Systems."
62/989,15/5283,172875,"Editorial - Booming of Neural Networks and Learning Systems."
62/989,46/2311,172875,"Editorial - Booming of Neural Networks and Learning Systems."
62/989,12/3780,172875,"Editorial - Booming of Neural Networks and Learning Systems."
62/989,119/5917,172875,"Editorial - Booming of Neural Networks and Learning Systems."
62/989,55/9614,172875,"Editorial - Booming of Neural Networks and Learning Systems."
62/989,51/4299,172875,"Editorial - Booming of Neural Networks and Learning Systems."
34/4759,26/4820,172875,"Editorial - Booming of Neural Networks and Learning Systems."
34/4759,32/8511,172875,"Editorial - Booming of Neural Networks and Learning Systems."
34/4759,86/4183,172875,"Editorial - Booming of Neural Networks and Learning Systems."
34/4759,90/5065,172875,"Editorial - Booming of Neural Networks and Learning Systems."
34/4759,38/5435,172875,"Editorial - Booming of Neural Networks and Learning Systems."
34/4759,76/907,172875,"Editorial - Booming of Neural Networks and Learning Systems."
34/4759,97/8704,172875,"Editorial - Booming of Neural Networks and Learning Systems."
34/4759,l/LingjiaLiu,172875,"Editorial - Booming of Neural Networks and Learning Systems."
34/4759,22/11262,172875,"Editorial - Booming of Neural Networks and Learning Systems."
34/4759,05/6133,172875,"Editorial - Booming of Neural Networks and Learning Systems."
34/4759,36/5299,172875,"Editorial - Booming of Neural Networks and Learning Systems."
34/4759,85/2221,172875,"Editorial - Booming of Neural Networks and Learning Systems."
34/4759,78/1467-1,172875,"Editorial - Booming of Neural Networks and Learning Systems."
34/4759,44/4380,172875,"Editorial - Booming of Neural Networks and Learning Systems."
34/4759,58/4968,172875,"Editorial - Booming of Neural Networks and Learning Systems."
34/4759,79/6134,172875,"Editorial - Booming of Neural Networks and Learning Systems."
34/4759,15/5283,172875,"Editorial - Booming of Neural Networks and Learning Systems."
34/4759,46/2311,172875,"Editorial - Booming of Neural Networks and Learning Systems."
34/4759,12/3780,172875,"Editorial - Booming of Neural Networks and Learning Systems."
34/4759,119/5917,172875,"Editorial - Booming of Neural Networks and Learning Systems."
34/4759,55/9614,172875,"Editorial - Booming of Neural Networks and Learning Systems."
34/4759,51/4299,172875,"Editorial - Booming of Neural Networks and Learning Systems."
26/4820,32/8511,172875,"Editorial - Booming of Neural Networks and Learning Systems."
26/4820,86/4183,172875,"Editorial - Booming of Neural Networks and Learning Systems."
26/4820,90/5065,172875,"Editorial - Booming of Neural Networks and Learning Systems."
26/4820,38/5435,172875,"Editorial - Booming of Neural Networks and Learning Systems."
26/4820,76/907,172875,"Editorial - Booming of Neural Networks and Learning Systems."
26/4820,97/8704,172875,"Editorial - Booming of Neural Networks and Learning Systems."
26/4820,l/LingjiaLiu,172875,"Editorial - Booming of Neural Networks and Learning Systems."
26/4820,22/11262,172875,"Editorial - Booming of Neural Networks and Learning Systems."
26/4820,05/6133,172875,"Editorial - Booming of Neural Networks and Learning Systems."
26/4820,36/5299,172875,"Editorial - Booming of Neural Networks and Learning Systems."
26/4820,85/2221,172875,"Editorial - Booming of Neural Networks and Learning Systems."
26/4820,78/1467-1,172875,"Editorial - Booming of Neural Networks and Learning Systems."
26/4820,44/4380,172875,"Editorial - Booming of Neural Networks and Learning Systems."
26/4820,58/4968,172875,"Editorial - Booming of Neural Networks and Learning Systems."
26/4820,79/6134,172875,"Editorial - Booming of Neural Networks and Learning Systems."
26/4820,15/5283,172875,"Editorial - Booming of Neural Networks and Learning Systems."
26/4820,46/2311,172875,"Editorial - Booming of Neural Networks and Learning Systems."
26/4820,12/3780,172875,"Editorial - Booming of Neural Networks and Learning Systems."
26/4820,119/5917,172875,"Editorial - Booming of Neural Networks and Learning Systems."
26/4820,55/9614,172875,"Editorial - Booming of Neural Networks and Learning Systems."
26/4820,51/4299,172875,"Editorial - Booming of Neural Networks and Learning Systems."
32/8511,86/4183,172875,"Editorial - Booming of Neural Networks and Learning Systems."
32/8511,90/5065,172875,"Editorial - Booming of Neural Networks and Learning Systems."
32/8511,38/5435,172875,"Editorial - Booming of Neural Networks and Learning Systems."
32/8511,76/907,172875,"Editorial - Booming of Neural Networks and Learning Systems."
32/8511,97/8704,172875,"Editorial - Booming of Neural Networks and Learning Systems."
32/8511,l/LingjiaLiu,172875,"Editorial - Booming of Neural Networks and Learning Systems."
32/8511,22/11262,172875,"Editorial - Booming of Neural Networks and Learning Systems."
32/8511,05/6133,172875,"Editorial - Booming of Neural Networks and Learning Systems."
32/8511,36/5299,172875,"Editorial - Booming of Neural Networks and Learning Systems."
32/8511,85/2221,172875,"Editorial - Booming of Neural Networks and Learning Systems."
32/8511,78/1467-1,172875,"Editorial - Booming of Neural Networks and Learning Systems."
32/8511,44/4380,172875,"Editorial - Booming of Neural Networks and Learning Systems."
32/8511,58/4968,172875,"Editorial - Booming of Neural Networks and Learning Systems."
32/8511,79/6134,172875,"Editorial - Booming of Neural Networks and Learning Systems."
32/8511,15/5283,172875,"Editorial - Booming of Neural Networks and Learning Systems."
32/8511,46/2311,172875,"Editorial - Booming of Neural Networks and Learning Systems."
32/8511,12/3780,172875,"Editorial - Booming of Neural Networks and Learning Systems."
32/8511,119/5917,172875,"Editorial - Booming of Neural Networks and Learning Systems."
32/8511,55/9614,172875,"Editorial - Booming of Neural Networks and Learning Systems."
32/8511,51/4299,172875,"Editorial - Booming of Neural Networks and Learning Systems."
86/4183,90/5065,172875,"Editorial - Booming of Neural Networks and Learning Systems."
86/4183,38/5435,172875,"Editorial - Booming of Neural Networks and Learning Systems."
86/4183,76/907,172875,"Editorial - Booming of Neural Networks and Learning Systems."
86/4183,97/8704,172875,"Editorial - Booming of Neural Networks and Learning Systems."
86/4183,l/LingjiaLiu,172875,"Editorial - Booming of Neural Networks and Learning Systems."
86/4183,22/11262,172875,"Editorial - Booming of Neural Networks and Learning Systems."
86/4183,05/6133,172875,"Editorial - Booming of Neural Networks and Learning Systems."
86/4183,36/5299,172875,"Editorial - Booming of Neural Networks and Learning Systems."
86/4183,85/2221,172875,"Editorial - Booming of Neural Networks and Learning Systems."
86/4183,78/1467-1,172875,"Editorial - Booming of Neural Networks and Learning Systems."
86/4183,44/4380,172875,"Editorial - Booming of Neural Networks and Learning Systems."
86/4183,58/4968,172875,"Editorial - Booming of Neural Networks and Learning Systems."
86/4183,79/6134,172875,"Editorial - Booming of Neural Networks and Learning Systems."
86/4183,15/5283,172875,"Editorial - Booming of Neural Networks and Learning Systems."
86/4183,46/2311,172875,"Editorial - Booming of Neural Networks and Learning Systems."
86/4183,12/3780,172875,"Editorial - Booming of Neural Networks and Learning Systems."
86/4183,119/5917,172875,"Editorial - Booming of Neural Networks and Learning Systems."
86/4183,55/9614,172875,"Editorial - Booming of Neural Networks and Learning Systems."
86/4183,51/4299,172875,"Editorial - Booming of Neural Networks and Learning Systems."
90/5065,38/5435,172875,"Editorial - Booming of Neural Networks and Learning Systems."
90/5065,76/907,172875,"Editorial - Booming of Neural Networks and Learning Systems."
90/5065,97/8704,172875,"Editorial - Booming of Neural Networks and Learning Systems."
90/5065,l/LingjiaLiu,172875,"Editorial - Booming of Neural Networks and Learning Systems."
90/5065,22/11262,172875,"Editorial - Booming of Neural Networks and Learning Systems."
90/5065,05/6133,172875,"Editorial - Booming of Neural Networks and Learning Systems."
90/5065,36/5299,172875,"Editorial - Booming of Neural Networks and Learning Systems."
90/5065,85/2221,172875,"Editorial - Booming of Neural Networks and Learning Systems."
90/5065,78/1467-1,172875,"Editorial - Booming of Neural Networks and Learning Systems."
90/5065,44/4380,172875,"Editorial - Booming of Neural Networks and Learning Systems."
90/5065,58/4968,172875,"Editorial - Booming of Neural Networks and Learning Systems."
90/5065,79/6134,172875,"Editorial - Booming of Neural Networks and Learning Systems."
90/5065,15/5283,172875,"Editorial - Booming of Neural Networks and Learning Systems."
90/5065,46/2311,172875,"Editorial - Booming of Neural Networks and Learning Systems."
90/5065,12/3780,172875,"Editorial - Booming of Neural Networks and Learning Systems."
90/5065,119/5917,172875,"Editorial - Booming of Neural Networks and Learning Systems."
90/5065,55/9614,172875,"Editorial - Booming of Neural Networks and Learning Systems."
90/5065,51/4299,172875,"Editorial - Booming of Neural Networks and Learning Systems."
38/5435,76/907,172875,"Editorial - Booming of Neural Networks and Learning Systems."
38/5435,97/8704,172875,"Editorial - Booming of Neural Networks and Learning Systems."
38/5435,l/LingjiaLiu,172875,"Editorial - Booming of Neural Networks and Learning Systems."
38/5435,22/11262,172875,"Editorial - Booming of Neural Networks and Learning Systems."
38/5435,05/6133,172875,"Editorial - Booming of Neural Networks and Learning Systems."
38/5435,36/5299,172875,"Editorial - Booming of Neural Networks and Learning Systems."
38/5435,85/2221,172875,"Editorial - Booming of Neural Networks and Learning Systems."
38/5435,78/1467-1,172875,"Editorial - Booming of Neural Networks and Learning Systems."
38/5435,44/4380,172875,"Editorial - Booming of Neural Networks and Learning Systems."
38/5435,58/4968,172875,"Editorial - Booming of Neural Networks and Learning Systems."
38/5435,79/6134,172875,"Editorial - Booming of Neural Networks and Learning Systems."
38/5435,15/5283,172875,"Editorial - Booming of Neural Networks and Learning Systems."
38/5435,46/2311,172875,"Editorial - Booming of Neural Networks and Learning Systems."
38/5435,12/3780,172875,"Editorial - Booming of Neural Networks and Learning Systems."
38/5435,119/5917,172875,"Editorial - Booming of Neural Networks and Learning Systems."
38/5435,55/9614,172875,"Editorial - Booming of Neural Networks and Learning Systems."
38/5435,51/4299,172875,"Editorial - Booming of Neural Networks and Learning Systems."
76/907,97/8704,172875,"Editorial - Booming of Neural Networks and Learning Systems."
76/907,l/LingjiaLiu,172875,"Editorial - Booming of Neural Networks and Learning Systems."
76/907,22/11262,172875,"Editorial - Booming of Neural Networks and Learning Systems."
76/907,05/6133,172875,"Editorial - Booming of Neural Networks and Learning Systems."
76/907,36/5299,172875,"Editorial - Booming of Neural Networks and Learning Systems."
76/907,85/2221,172875,"Editorial - Booming of Neural Networks and Learning Systems."
76/907,78/1467-1,172875,"Editorial - Booming of Neural Networks and Learning Systems."
76/907,44/4380,172875,"Editorial - Booming of Neural Networks and Learning Systems."
76/907,58/4968,172875,"Editorial - Booming of Neural Networks and Learning Systems."
76/907,79/6134,172875,"Editorial - Booming of Neural Networks and Learning Systems."
76/907,15/5283,172875,"Editorial - Booming of Neural Networks and Learning Systems."
76/907,46/2311,172875,"Editorial - Booming of Neural Networks and Learning Systems."
76/907,12/3780,172875,"Editorial - Booming of Neural Networks and Learning Systems."
76/907,119/5917,172875,"Editorial - Booming of Neural Networks and Learning Systems."
76/907,55/9614,172875,"Editorial - Booming of Neural Networks and Learning Systems."
76/907,51/4299,172875,"Editorial - Booming of Neural Networks and Learning Systems."
97/8704,l/LingjiaLiu,172875,"Editorial - Booming of Neural Networks and Learning Systems."
97/8704,22/11262,172875,"Editorial - Booming of Neural Networks and Learning Systems."
97/8704,05/6133,172875,"Editorial - Booming of Neural Networks and Learning Systems."
97/8704,36/5299,172875,"Editorial - Booming of Neural Networks and Learning Systems."
97/8704,85/2221,172875,"Editorial - Booming of Neural Networks and Learning Systems."
97/8704,78/1467-1,172875,"Editorial - Booming of Neural Networks and Learning Systems."
97/8704,44/4380,172875,"Editorial - Booming of Neural Networks and Learning Systems."
97/8704,58/4968,172875,"Editorial - Booming of Neural Networks and Learning Systems."
97/8704,79/6134,172875,"Editorial - Booming of Neural Networks and Learning Systems."
97/8704,15/5283,172875,"Editorial - Booming of Neural Networks and Learning Systems."
97/8704,46/2311,172875,"Editorial - Booming of Neural Networks and Learning Systems."
97/8704,12/3780,172875,"Editorial - Booming of Neural Networks and Learning Systems."
97/8704,119/5917,172875,"Editorial - Booming of Neural Networks and Learning Systems."
97/8704,55/9614,172875,"Editorial - Booming of Neural Networks and Learning Systems."
97/8704,51/4299,172875,"Editorial - Booming of Neural Networks and Learning Systems."
l/LingjiaLiu,22/11262,172875,"Editorial - Booming of Neural Networks and Learning Systems."
l/LingjiaLiu,05/6133,172875,"Editorial - Booming of Neural Networks and Learning Systems."
l/LingjiaLiu,36/5299,172875,"Editorial - Booming of Neural Networks and Learning Systems."
l/LingjiaLiu,85/2221,172875,"Editorial - Booming of Neural Networks and Learning Systems."
l/LingjiaLiu,78/1467-1,172875,"Editorial - Booming of Neural Networks and Learning Systems."
l/LingjiaLiu,44/4380,172875,"Editorial - Booming of Neural Networks and Learning Systems."
l/LingjiaLiu,58/4968,172875,"Editorial - Booming of Neural Networks and Learning Systems."
l/LingjiaLiu,79/6134,172875,"Editorial - Booming of Neural Networks and Learning Systems."
l/LingjiaLiu,15/5283,172875,"Editorial - Booming of Neural Networks and Learning Systems."
l/LingjiaLiu,46/2311,172875,"Editorial - Booming of Neural Networks and Learning Systems."
l/LingjiaLiu,12/3780,172875,"Editorial - Booming of Neural Networks and Learning Systems."
l/LingjiaLiu,119/5917,172875,"Editorial - Booming of Neural Networks and Learning Systems."
l/LingjiaLiu,55/9614,172875,"Editorial - Booming of Neural Networks and Learning Systems."
l/LingjiaLiu,51/4299,172875,"Editorial - Booming of Neural Networks and Learning Systems."
22/11262,05/6133,172875,"Editorial - Booming of Neural Networks and Learning Systems."
22/11262,36/5299,172875,"Editorial - Booming of Neural Networks and Learning Systems."
22/11262,85/2221,172875,"Editorial - Booming of Neural Networks and Learning Systems."
22/11262,78/1467-1,172875,"Editorial - Booming of Neural Networks and Learning Systems."
22/11262,44/4380,172875,"Editorial - Booming of Neural Networks and Learning Systems."
22/11262,58/4968,172875,"Editorial - Booming of Neural Networks and Learning Systems."
22/11262,79/6134,172875,"Editorial - Booming of Neural Networks and Learning Systems."
22/11262,15/5283,172875,"Editorial - Booming of Neural Networks and Learning Systems."
22/11262,46/2311,172875,"Editorial - Booming of Neural Networks and Learning Systems."
22/11262,12/3780,172875,"Editorial - Booming of Neural Networks and Learning Systems."
22/11262,119/5917,172875,"Editorial - Booming of Neural Networks and Learning Systems."
22/11262,55/9614,172875,"Editorial - Booming of Neural Networks and Learning Systems."
22/11262,51/4299,172875,"Editorial - Booming of Neural Networks and Learning Systems."
05/6133,36/5299,172875,"Editorial - Booming of Neural Networks and Learning Systems."
05/6133,85/2221,172875,"Editorial - Booming of Neural Networks and Learning Systems."
05/6133,78/1467-1,172875,"Editorial - Booming of Neural Networks and Learning Systems."
05/6133,44/4380,172875,"Editorial - Booming of Neural Networks and Learning Systems."
05/6133,58/4968,172875,"Editorial - Booming of Neural Networks and Learning Systems."
05/6133,79/6134,172875,"Editorial - Booming of Neural Networks and Learning Systems."
05/6133,15/5283,172875,"Editorial - Booming of Neural Networks and Learning Systems."
05/6133,46/2311,172875,"Editorial - Booming of Neural Networks and Learning Systems."
05/6133,12/3780,172875,"Editorial - Booming of Neural Networks and Learning Systems."
05/6133,119/5917,172875,"Editorial - Booming of Neural Networks and Learning Systems."
05/6133,55/9614,172875,"Editorial - Booming of Neural Networks and Learning Systems."
05/6133,51/4299,172875,"Editorial - Booming of Neural Networks and Learning Systems."
36/5299,85/2221,172875,"Editorial - Booming of Neural Networks and Learning Systems."
36/5299,78/1467-1,172875,"Editorial - Booming of Neural Networks and Learning Systems."
36/5299,44/4380,172875,"Editorial - Booming of Neural Networks and Learning Systems."
36/5299,58/4968,172875,"Editorial - Booming of Neural Networks and Learning Systems."
36/5299,79/6134,172875,"Editorial - Booming of Neural Networks and Learning Systems."
36/5299,15/5283,172875,"Editorial - Booming of Neural Networks and Learning Systems."
36/5299,46/2311,172875,"Editorial - Booming of Neural Networks and Learning Systems."
36/5299,12/3780,172875,"Editorial - Booming of Neural Networks and Learning Systems."
36/5299,119/5917,172875,"Editorial - Booming of Neural Networks and Learning Systems."
36/5299,55/9614,172875,"Editorial - Booming of Neural Networks and Learning Systems."
36/5299,51/4299,172875,"Editorial - Booming of Neural Networks and Learning Systems."
85/2221,78/1467-1,172875,"Editorial - Booming of Neural Networks and Learning Systems."
85/2221,44/4380,172875,"Editorial - Booming of Neural Networks and Learning Systems."
85/2221,58/4968,172875,"Editorial - Booming of Neural Networks and Learning Systems."
85/2221,79/6134,172875,"Editorial - Booming of Neural Networks and Learning Systems."
85/2221,15/5283,172875,"Editorial - Booming of Neural Networks and Learning Systems."
85/2221,46/2311,172875,"Editorial - Booming of Neural Networks and Learning Systems."
85/2221,12/3780,172875,"Editorial - Booming of Neural Networks and Learning Systems."
85/2221,119/5917,172875,"Editorial - Booming of Neural Networks and Learning Systems."
85/2221,55/9614,172875,"Editorial - Booming of Neural Networks and Learning Systems."
85/2221,51/4299,172875,"Editorial - Booming of Neural Networks and Learning Systems."
78/1467-1,44/4380,172875,"Editorial - Booming of Neural Networks and Learning Systems."
78/1467-1,58/4968,172875,"Editorial - Booming of Neural Networks and Learning Systems."
78/1467-1,79/6134,172875,"Editorial - Booming of Neural Networks and Learning Systems."
78/1467-1,15/5283,172875,"Editorial - Booming of Neural Networks and Learning Systems."
78/1467-1,46/2311,172875,"Editorial - Booming of Neural Networks and Learning Systems."
78/1467-1,12/3780,172875,"Editorial - Booming of Neural Networks and Learning Systems."
78/1467-1,119/5917,172875,"Editorial - Booming of Neural Networks and Learning Systems."
78/1467-1,55/9614,172875,"Editorial - Booming of Neural Networks and Learning Systems."
78/1467-1,51/4299,172875,"Editorial - Booming of Neural Networks and Learning Systems."
44/4380,58/4968,172875,"Editorial - Booming of Neural Networks and Learning Systems."
44/4380,79/6134,172875,"Editorial - Booming of Neural Networks and Learning Systems."
44/4380,15/5283,172875,"Editorial - Booming of Neural Networks and Learning Systems."
44/4380,46/2311,172875,"Editorial - Booming of Neural Networks and Learning Systems."
44/4380,12/3780,172875,"Editorial - Booming of Neural Networks and Learning Systems."
44/4380,119/5917,172875,"Editorial - Booming of Neural Networks and Learning Systems."
44/4380,55/9614,172875,"Editorial - Booming of Neural Networks and Learning Systems."
44/4380,51/4299,172875,"Editorial - Booming of Neural Networks and Learning Systems."
58/4968,79/6134,172875,"Editorial - Booming of Neural Networks and Learning Systems."
58/4968,15/5283,172875,"Editorial - Booming of Neural Networks and Learning Systems."
58/4968,46/2311,172875,"Editorial - Booming of Neural Networks and Learning Systems."
58/4968,12/3780,172875,"Editorial - Booming of Neural Networks and Learning Systems."
58/4968,119/5917,172875,"Editorial - Booming of Neural Networks and Learning Systems."
58/4968,55/9614,172875,"Editorial - Booming of Neural Networks and Learning Systems."
58/4968,51/4299,172875,"Editorial - Booming of Neural Networks and Learning Systems."
79/6134,15/5283,172875,"Editorial - Booming of Neural Networks and Learning Systems."
79/6134,46/2311,172875,"Editorial - Booming of Neural Networks and Learning Systems."
79/6134,12/3780,172875,"Editorial - Booming of Neural Networks and Learning Systems."
79/6134,119/5917,172875,"Editorial - Booming of Neural Networks and Learning Systems."
79/6134,55/9614,172875,"Editorial - Booming of Neural Networks and Learning Systems."
79/6134,51/4299,172875,"Editorial - Booming of Neural Networks and Learning Systems."
15/5283,46/2311,172875,"Editorial - Booming of Neural Networks and Learning Systems."
15/5283,12/3780,172875,"Editorial - Booming of Neural Networks and Learning Systems."
15/5283,119/5917,172875,"Editorial - Booming of Neural Networks and Learning Systems."
15/5283,55/9614,172875,"Editorial - Booming of Neural Networks and Learning Systems."
15/5283,51/4299,172875,"Editorial - Booming of Neural Networks and Learning Systems."
46/2311,12/3780,172875,"Editorial - Booming of Neural Networks and Learning Systems."
46/2311,119/5917,172875,"Editorial - Booming of Neural Networks and Learning Systems."
46/2311,55/9614,172875,"Editorial - Booming of Neural Networks and Learning Systems."
46/2311,51/4299,172875,"Editorial - Booming of Neural Networks and Learning Systems."
12/3780,119/5917,172875,"Editorial - Booming of Neural Networks and Learning Systems."
12/3780,55/9614,172875,"Editorial - Booming of Neural Networks and Learning Systems."
12/3780,51/4299,172875,"Editorial - Booming of Neural Networks and Learning Systems."
119/5917,55/9614,172875,"Editorial - Booming of Neural Networks and Learning Systems."
119/5917,51/4299,172875,"Editorial - Booming of Neural Networks and Learning Systems."
55/9614,51/4299,172875,"Editorial - Booming of Neural Networks and Learning Systems."
234/7554,11/1971,172876,"Efficient Multispike Learning for Spiking Neural Networks Using Probability-Modulated Timing Method."
234/7554,w/HaoWang46,172876,"Efficient Multispike Learning for Spiking Neural Networks Using Probability-Modulated Timing Method."
234/7554,96/1681-2,172876,"Efficient Multispike Learning for Spiking Neural Networks Using Probability-Modulated Timing Method."
234/7554,118/1086,172876,"Efficient Multispike Learning for Spiking Neural Networks Using Probability-Modulated Timing Method."
11/1971,w/HaoWang46,172876,"Efficient Multispike Learning for Spiking Neural Networks Using Probability-Modulated Timing Method."
11/1971,96/1681-2,172876,"Efficient Multispike Learning for Spiking Neural Networks Using Probability-Modulated Timing Method."
11/1971,118/1086,172876,"Efficient Multispike Learning for Spiking Neural Networks Using Probability-Modulated Timing Method."
w/HaoWang46,96/1681-2,172876,"Efficient Multispike Learning for Spiking Neural Networks Using Probability-Modulated Timing Method."
w/HaoWang46,118/1086,172876,"Efficient Multispike Learning for Spiking Neural Networks Using Probability-Modulated Timing Method."
96/1681-2,118/1086,172876,"Efficient Multispike Learning for Spiking Neural Networks Using Probability-Modulated Timing Method."
00/6381-8,07/6149,172877,"Multistability of Delayed Hybrid Impulsive Neural Networks With Application to Associative Memories."
00/6381-8,30/545,172877,"Multistability of Delayed Hybrid Impulsive Neural Networks With Application to Associative Memories."
00/6381-8,82/4281,172877,"Multistability of Delayed Hybrid Impulsive Neural Networks With Application to Associative Memories."
07/6149,30/545,172877,"Multistability of Delayed Hybrid Impulsive Neural Networks With Application to Associative Memories."
07/6149,82/4281,172877,"Multistability of Delayed Hybrid Impulsive Neural Networks With Application to Associative Memories."
30/545,82/4281,172877,"Multistability of Delayed Hybrid Impulsive Neural Networks With Application to Associative Memories."
82/11158,64/4832-1,172882,"LTNN - A Layerwise Tensorized Compression of Multilayer Neural Network."
203/8930,194/6246,172883,"Deep Neural Network Initialization With Decision Trees."
203/8930,67/9755,172883,"Deep Neural Network Initialization With Decision Trees."
194/6246,67/9755,172883,"Deep Neural Network Initialization With Decision Trees."
73/6656,73/6656,172895,"O(2)-Valued Hopfield Neural Networks."
79/2621,29/1208,172897,"Classification by Sparse Neural Networks."
82/6046,48/4856,172900,"Neural Network Controller Design for a Class of Nonlinear Delayed Systems With Time-Varying Full-State Constraints."
82/6046,65/3945,172900,"Neural Network Controller Design for a Class of Nonlinear Delayed Systems With Time-Varying Full-State Constraints."
82/6046,83/210,172900,"Neural Network Controller Design for a Class of Nonlinear Delayed Systems With Time-Varying Full-State Constraints."
48/4856,65/3945,172900,"Neural Network Controller Design for a Class of Nonlinear Delayed Systems With Time-Varying Full-State Constraints."
48/4856,83/210,172900,"Neural Network Controller Design for a Class of Nonlinear Delayed Systems With Time-Varying Full-State Constraints."
65/3945,83/210,172900,"Neural Network Controller Design for a Class of Nonlinear Delayed Systems With Time-Varying Full-State Constraints."
89/6527-1,91/5707,172909,"Adaptive Neural Control of a Kinematically Redundant Exoskeleton Robot Using Brain-Machine Interfaces."
89/6527-1,176/6902,172909,"Adaptive Neural Control of a Kinematically Redundant Exoskeleton Robot Using Brain-Machine Interfaces."
89/6527-1,233/4877,172909,"Adaptive Neural Control of a Kinematically Redundant Exoskeleton Robot Using Brain-Machine Interfaces."
89/6527-1,98/3089,172909,"Adaptive Neural Control of a Kinematically Redundant Exoskeleton Robot Using Brain-Machine Interfaces."
89/6527-1,48/4856,172909,"Adaptive Neural Control of a Kinematically Redundant Exoskeleton Robot Using Brain-Machine Interfaces."
91/5707,176/6902,172909,"Adaptive Neural Control of a Kinematically Redundant Exoskeleton Robot Using Brain-Machine Interfaces."
91/5707,233/4877,172909,"Adaptive Neural Control of a Kinematically Redundant Exoskeleton Robot Using Brain-Machine Interfaces."
91/5707,98/3089,172909,"Adaptive Neural Control of a Kinematically Redundant Exoskeleton Robot Using Brain-Machine Interfaces."
91/5707,48/4856,172909,"Adaptive Neural Control of a Kinematically Redundant Exoskeleton Robot Using Brain-Machine Interfaces."
176/6902,233/4877,172909,"Adaptive Neural Control of a Kinematically Redundant Exoskeleton Robot Using Brain-Machine Interfaces."
176/6902,98/3089,172909,"Adaptive Neural Control of a Kinematically Redundant Exoskeleton Robot Using Brain-Machine Interfaces."
176/6902,48/4856,172909,"Adaptive Neural Control of a Kinematically Redundant Exoskeleton Robot Using Brain-Machine Interfaces."
233/4877,98/3089,172909,"Adaptive Neural Control of a Kinematically Redundant Exoskeleton Robot Using Brain-Machine Interfaces."
233/4877,48/4856,172909,"Adaptive Neural Control of a Kinematically Redundant Exoskeleton Robot Using Brain-Machine Interfaces."
98/3089,48/4856,172909,"Adaptive Neural Control of a Kinematically Redundant Exoskeleton Robot Using Brain-Machine Interfaces."
56/529,82/7378,172915,"Stability Analysis for Delayed Neural Networks via Improved Auxiliary Polynomial-Based Functions."
56/529,55/2270-8,172915,"Stability Analysis for Delayed Neural Networks via Improved Auxiliary Polynomial-Based Functions."
56/529,223/7750-1,172915,"Stability Analysis for Delayed Neural Networks via Improved Auxiliary Polynomial-Based Functions."
56/529,81/8821,172915,"Stability Analysis for Delayed Neural Networks via Improved Auxiliary Polynomial-Based Functions."
82/7378,55/2270-8,172915,"Stability Analysis for Delayed Neural Networks via Improved Auxiliary Polynomial-Based Functions."
82/7378,223/7750-1,172915,"Stability Analysis for Delayed Neural Networks via Improved Auxiliary Polynomial-Based Functions."
82/7378,81/8821,172915,"Stability Analysis for Delayed Neural Networks via Improved Auxiliary Polynomial-Based Functions."
55/2270-8,223/7750-1,172915,"Stability Analysis for Delayed Neural Networks via Improved Auxiliary Polynomial-Based Functions."
55/2270-8,81/8821,172915,"Stability Analysis for Delayed Neural Networks via Improved Auxiliary Polynomial-Based Functions."
223/7750-1,81/8821,172915,"Stability Analysis for Delayed Neural Networks via Improved Auxiliary Polynomial-Based Functions."
46/8542,98/4401,172916,"Neural-Response-Based Extreme Learning Machine for Image Classification."
46/8542,93/6234,172916,"Neural-Response-Based Extreme Learning Machine for Image Classification."
98/4401,93/6234,172916,"Neural-Response-Based Extreme Learning Machine for Image Classification."
33/5448-18,74/1336,172917,"General Square-Pattern Discretization Formulas via Second-Order Derivative Elimination for Zeroing Neural Network Illustrated by Future Optimization."
33/5448-18,64/2306,172917,"General Square-Pattern Discretization Formulas via Second-Order Derivative Elimination for Zeroing Neural Network Illustrated by Future Optimization."
74/1336,64/2306,172917,"General Square-Pattern Discretization Formulas via Second-Order Derivative Elimination for Zeroing Neural Network Illustrated by Future Optimization."
211/7697,183/0235,172919,"Multiview Multitask Gaze Estimation With Deep Convolutional Neural Networks."
211/7697,160/2214,172919,"Multiview Multitask Gaze Estimation With Deep Convolutional Neural Networks."
211/7697,188/7560,172919,"Multiview Multitask Gaze Estimation With Deep Convolutional Neural Networks."
211/7697,54/7057,172919,"Multiview Multitask Gaze Estimation With Deep Convolutional Neural Networks."
211/7697,58/4808,172919,"Multiview Multitask Gaze Estimation With Deep Convolutional Neural Networks."
211/7697,63/7642,172919,"Multiview Multitask Gaze Estimation With Deep Convolutional Neural Networks."
183/0235,160/2214,172919,"Multiview Multitask Gaze Estimation With Deep Convolutional Neural Networks."
183/0235,188/7560,172919,"Multiview Multitask Gaze Estimation With Deep Convolutional Neural Networks."
183/0235,54/7057,172919,"Multiview Multitask Gaze Estimation With Deep Convolutional Neural Networks."
183/0235,58/4808,172919,"Multiview Multitask Gaze Estimation With Deep Convolutional Neural Networks."
183/0235,63/7642,172919,"Multiview Multitask Gaze Estimation With Deep Convolutional Neural Networks."
160/2214,188/7560,172919,"Multiview Multitask Gaze Estimation With Deep Convolutional Neural Networks."
160/2214,54/7057,172919,"Multiview Multitask Gaze Estimation With Deep Convolutional Neural Networks."
160/2214,58/4808,172919,"Multiview Multitask Gaze Estimation With Deep Convolutional Neural Networks."
160/2214,63/7642,172919,"Multiview Multitask Gaze Estimation With Deep Convolutional Neural Networks."
188/7560,54/7057,172919,"Multiview Multitask Gaze Estimation With Deep Convolutional Neural Networks."
188/7560,58/4808,172919,"Multiview Multitask Gaze Estimation With Deep Convolutional Neural Networks."
188/7560,63/7642,172919,"Multiview Multitask Gaze Estimation With Deep Convolutional Neural Networks."
54/7057,58/4808,172919,"Multiview Multitask Gaze Estimation With Deep Convolutional Neural Networks."
54/7057,63/7642,172919,"Multiview Multitask Gaze Estimation With Deep Convolutional Neural Networks."
58/4808,63/7642,172919,"Multiview Multitask Gaze Estimation With Deep Convolutional Neural Networks."
245/5752,16/1451,172920,"Integrated Sliding Mode Control and Neural Networks Based Packet Disordering Prediction for Nonlinear Networked Control Systems."
245/5752,120/8449,172920,"Integrated Sliding Mode Control and Neural Networks Based Packet Disordering Prediction for Nonlinear Networked Control Systems."
16/1451,120/8449,172920,"Integrated Sliding Mode Control and Neural Networks Based Packet Disordering Prediction for Nonlinear Networked Control Systems."
181/8136,15/2841-3,172923,"Extended Dissipativity Analysis for Markovian Jump Neural Networks With Time-Varying Delay via Delay-Product-Type Functionals."
181/8136,24/8966,172923,"Extended Dissipativity Analysis for Markovian Jump Neural Networks With Time-Varying Delay via Delay-Product-Type Functionals."
181/8136,16/0-2,172923,"Extended Dissipativity Analysis for Markovian Jump Neural Networks With Time-Varying Delay via Delay-Product-Type Functionals."
181/8136,61/1389,172923,"Extended Dissipativity Analysis for Markovian Jump Neural Networks With Time-Varying Delay via Delay-Product-Type Functionals."
15/2841-3,24/8966,172923,"Extended Dissipativity Analysis for Markovian Jump Neural Networks With Time-Varying Delay via Delay-Product-Type Functionals."
15/2841-3,16/0-2,172923,"Extended Dissipativity Analysis for Markovian Jump Neural Networks With Time-Varying Delay via Delay-Product-Type Functionals."
15/2841-3,61/1389,172923,"Extended Dissipativity Analysis for Markovian Jump Neural Networks With Time-Varying Delay via Delay-Product-Type Functionals."
24/8966,16/0-2,172923,"Extended Dissipativity Analysis for Markovian Jump Neural Networks With Time-Varying Delay via Delay-Product-Type Functionals."
24/8966,61/1389,172923,"Extended Dissipativity Analysis for Markovian Jump Neural Networks With Time-Varying Delay via Delay-Product-Type Functionals."
16/0-2,61/1389,172923,"Extended Dissipativity Analysis for Markovian Jump Neural Networks With Time-Varying Delay via Delay-Product-Type Functionals."
65/3945,66/6852-4,172925,"Adaptive Reinforcement Learning Control Based on Neural Approximation for Nonlinear Discrete-Time Systems With Unknown Nonaffine Dead-Zone Input."
65/3945,83/210,172925,"Adaptive Reinforcement Learning Control Based on Neural Approximation for Nonlinear Discrete-Time Systems With Unknown Nonaffine Dead-Zone Input."
65/3945,48/4856,172925,"Adaptive Reinforcement Learning Control Based on Neural Approximation for Nonlinear Discrete-Time Systems With Unknown Nonaffine Dead-Zone Input."
66/6852-4,83/210,172925,"Adaptive Reinforcement Learning Control Based on Neural Approximation for Nonlinear Discrete-Time Systems With Unknown Nonaffine Dead-Zone Input."
66/6852-4,48/4856,172925,"Adaptive Reinforcement Learning Control Based on Neural Approximation for Nonlinear Discrete-Time Systems With Unknown Nonaffine Dead-Zone Input."
83/210,48/4856,172925,"Adaptive Reinforcement Learning Control Based on Neural Approximation for Nonlinear Discrete-Time Systems With Unknown Nonaffine Dead-Zone Input."
67/5807-1,40/3714,172931,"Local Restricted Convolutional Neural Network for Change Detection in Polarimetric SAR Images."
67/5807-1,123/7064,172931,"Local Restricted Convolutional Neural Network for Change Detection in Polarimetric SAR Images."
67/5807-1,81/2383,172931,"Local Restricted Convolutional Neural Network for Change Detection in Polarimetric SAR Images."
67/5807-1,27/2987-1,172931,"Local Restricted Convolutional Neural Network for Change Detection in Polarimetric SAR Images."
67/5807-1,93/5255,172931,"Local Restricted Convolutional Neural Network for Change Detection in Polarimetric SAR Images."
40/3714,123/7064,172931,"Local Restricted Convolutional Neural Network for Change Detection in Polarimetric SAR Images."
40/3714,81/2383,172931,"Local Restricted Convolutional Neural Network for Change Detection in Polarimetric SAR Images."
40/3714,27/2987-1,172931,"Local Restricted Convolutional Neural Network for Change Detection in Polarimetric SAR Images."
40/3714,93/5255,172931,"Local Restricted Convolutional Neural Network for Change Detection in Polarimetric SAR Images."
123/7064,81/2383,172931,"Local Restricted Convolutional Neural Network for Change Detection in Polarimetric SAR Images."
123/7064,27/2987-1,172931,"Local Restricted Convolutional Neural Network for Change Detection in Polarimetric SAR Images."
123/7064,93/5255,172931,"Local Restricted Convolutional Neural Network for Change Detection in Polarimetric SAR Images."
81/2383,27/2987-1,172931,"Local Restricted Convolutional Neural Network for Change Detection in Polarimetric SAR Images."
81/2383,93/5255,172931,"Local Restricted Convolutional Neural Network for Change Detection in Polarimetric SAR Images."
27/2987-1,93/5255,172931,"Local Restricted Convolutional Neural Network for Change Detection in Polarimetric SAR Images."
82/7672,m/LiamMcDaid,172934,"Exploring Self-Repair in a Coupled Spiking Astrocyte Neural Network."
82/7672,81/6902,172934,"Exploring Self-Repair in a Coupled Spiking Astrocyte Neural Network."
82/7672,195/1400,172934,"Exploring Self-Repair in a Coupled Spiking Astrocyte Neural Network."
82/7672,162/1364,172934,"Exploring Self-Repair in a Coupled Spiking Astrocyte Neural Network."
82/7672,118/6459,172934,"Exploring Self-Repair in a Coupled Spiking Astrocyte Neural Network."
82/7672,36/1634,172934,"Exploring Self-Repair in a Coupled Spiking Astrocyte Neural Network."
82/7672,29/69,172934,"Exploring Self-Repair in a Coupled Spiking Astrocyte Neural Network."
82/7672,t/AMTyrrell,172934,"Exploring Self-Repair in a Coupled Spiking Astrocyte Neural Network."
82/7672,t/JonathanTimmis,172934,"Exploring Self-Repair in a Coupled Spiking Astrocyte Neural Network."
m/LiamMcDaid,81/6902,172934,"Exploring Self-Repair in a Coupled Spiking Astrocyte Neural Network."
m/LiamMcDaid,195/1400,172934,"Exploring Self-Repair in a Coupled Spiking Astrocyte Neural Network."
m/LiamMcDaid,162/1364,172934,"Exploring Self-Repair in a Coupled Spiking Astrocyte Neural Network."
m/LiamMcDaid,118/6459,172934,"Exploring Self-Repair in a Coupled Spiking Astrocyte Neural Network."
m/LiamMcDaid,36/1634,172934,"Exploring Self-Repair in a Coupled Spiking Astrocyte Neural Network."
m/LiamMcDaid,29/69,172934,"Exploring Self-Repair in a Coupled Spiking Astrocyte Neural Network."
m/LiamMcDaid,t/AMTyrrell,172934,"Exploring Self-Repair in a Coupled Spiking Astrocyte Neural Network."
m/LiamMcDaid,t/JonathanTimmis,172934,"Exploring Self-Repair in a Coupled Spiking Astrocyte Neural Network."
81/6902,195/1400,172934,"Exploring Self-Repair in a Coupled Spiking Astrocyte Neural Network."
81/6902,162/1364,172934,"Exploring Self-Repair in a Coupled Spiking Astrocyte Neural Network."
81/6902,118/6459,172934,"Exploring Self-Repair in a Coupled Spiking Astrocyte Neural Network."
81/6902,36/1634,172934,"Exploring Self-Repair in a Coupled Spiking Astrocyte Neural Network."
81/6902,29/69,172934,"Exploring Self-Repair in a Coupled Spiking Astrocyte Neural Network."
81/6902,t/AMTyrrell,172934,"Exploring Self-Repair in a Coupled Spiking Astrocyte Neural Network."
81/6902,t/JonathanTimmis,172934,"Exploring Self-Repair in a Coupled Spiking Astrocyte Neural Network."
195/1400,162/1364,172934,"Exploring Self-Repair in a Coupled Spiking Astrocyte Neural Network."
195/1400,118/6459,172934,"Exploring Self-Repair in a Coupled Spiking Astrocyte Neural Network."
195/1400,36/1634,172934,"Exploring Self-Repair in a Coupled Spiking Astrocyte Neural Network."
195/1400,29/69,172934,"Exploring Self-Repair in a Coupled Spiking Astrocyte Neural Network."
195/1400,t/AMTyrrell,172934,"Exploring Self-Repair in a Coupled Spiking Astrocyte Neural Network."
195/1400,t/JonathanTimmis,172934,"Exploring Self-Repair in a Coupled Spiking Astrocyte Neural Network."
162/1364,118/6459,172934,"Exploring Self-Repair in a Coupled Spiking Astrocyte Neural Network."
162/1364,36/1634,172934,"Exploring Self-Repair in a Coupled Spiking Astrocyte Neural Network."
162/1364,29/69,172934,"Exploring Self-Repair in a Coupled Spiking Astrocyte Neural Network."
162/1364,t/AMTyrrell,172934,"Exploring Self-Repair in a Coupled Spiking Astrocyte Neural Network."
162/1364,t/JonathanTimmis,172934,"Exploring Self-Repair in a Coupled Spiking Astrocyte Neural Network."
118/6459,36/1634,172934,"Exploring Self-Repair in a Coupled Spiking Astrocyte Neural Network."
118/6459,29/69,172934,"Exploring Self-Repair in a Coupled Spiking Astrocyte Neural Network."
118/6459,t/AMTyrrell,172934,"Exploring Self-Repair in a Coupled Spiking Astrocyte Neural Network."
118/6459,t/JonathanTimmis,172934,"Exploring Self-Repair in a Coupled Spiking Astrocyte Neural Network."
36/1634,29/69,172934,"Exploring Self-Repair in a Coupled Spiking Astrocyte Neural Network."
36/1634,t/AMTyrrell,172934,"Exploring Self-Repair in a Coupled Spiking Astrocyte Neural Network."
36/1634,t/JonathanTimmis,172934,"Exploring Self-Repair in a Coupled Spiking Astrocyte Neural Network."
29/69,t/AMTyrrell,172934,"Exploring Self-Repair in a Coupled Spiking Astrocyte Neural Network."
29/69,t/JonathanTimmis,172934,"Exploring Self-Repair in a Coupled Spiking Astrocyte Neural Network."
t/AMTyrrell,t/JonathanTimmis,172934,"Exploring Self-Repair in a Coupled Spiking Astrocyte Neural Network."
31/2088-3,23/2060-1,172935,"Bounded Neural Network Control for Target Tracking of Underactuated Autonomous Surface Vehicles in the Presence of Uncertain Target Dynamics."
31/2088-3,68/8130,172935,"Bounded Neural Network Control for Target Tracking of Underactuated Autonomous Surface Vehicles in the Presence of Uncertain Target Dynamics."
31/2088-3,48/4856,172935,"Bounded Neural Network Control for Target Tracking of Underactuated Autonomous Surface Vehicles in the Presence of Uncertain Target Dynamics."
31/2088-3,20/2858,172935,"Bounded Neural Network Control for Target Tracking of Underactuated Autonomous Surface Vehicles in the Presence of Uncertain Target Dynamics."
23/2060-1,68/8130,172935,"Bounded Neural Network Control for Target Tracking of Underactuated Autonomous Surface Vehicles in the Presence of Uncertain Target Dynamics."
23/2060-1,48/4856,172935,"Bounded Neural Network Control for Target Tracking of Underactuated Autonomous Surface Vehicles in the Presence of Uncertain Target Dynamics."
23/2060-1,20/2858,172935,"Bounded Neural Network Control for Target Tracking of Underactuated Autonomous Surface Vehicles in the Presence of Uncertain Target Dynamics."
68/8130,48/4856,172935,"Bounded Neural Network Control for Target Tracking of Underactuated Autonomous Surface Vehicles in the Presence of Uncertain Target Dynamics."
68/8130,20/2858,172935,"Bounded Neural Network Control for Target Tracking of Underactuated Autonomous Surface Vehicles in the Presence of Uncertain Target Dynamics."
48/4856,20/2858,172935,"Bounded Neural Network Control for Target Tracking of Underactuated Autonomous Surface Vehicles in the Presence of Uncertain Target Dynamics."
21/6121-38,85/1640,172937,"Global Synchronization of Coupled Fractional-Order Recurrent Neural Networks."
21/6121-38,w/JunWang2,172937,"Global Synchronization of Coupled Fractional-Order Recurrent Neural Networks."
85/1640,w/JunWang2,172937,"Global Synchronization of Coupled Fractional-Order Recurrent Neural Networks."
190/2607,50/3787,172939,"A Novel Neural Networks Ensemble Approach for Modeling Electrochemical Cells."
190/2607,58/4663,172939,"A Novel Neural Networks Ensemble Approach for Modeling Electrochemical Cells."
190/2607,151/6618,172939,"A Novel Neural Networks Ensemble Approach for Modeling Electrochemical Cells."
190/2607,46/1629,172939,"A Novel Neural Networks Ensemble Approach for Modeling Electrochemical Cells."
50/3787,58/4663,172939,"A Novel Neural Networks Ensemble Approach for Modeling Electrochemical Cells."
50/3787,151/6618,172939,"A Novel Neural Networks Ensemble Approach for Modeling Electrochemical Cells."
50/3787,46/1629,172939,"A Novel Neural Networks Ensemble Approach for Modeling Electrochemical Cells."
58/4663,151/6618,172939,"A Novel Neural Networks Ensemble Approach for Modeling Electrochemical Cells."
58/4663,46/1629,172939,"A Novel Neural Networks Ensemble Approach for Modeling Electrochemical Cells."
151/6618,46/1629,172939,"A Novel Neural Networks Ensemble Approach for Modeling Electrochemical Cells."
166/0548,166/0533,172946,"Recurrent Neural Network Model - A New Strategy to Solve Fuzzy Matrix Games."
166/0548,09/1554,172946,"Recurrent Neural Network Model - A New Strategy to Solve Fuzzy Matrix Games."
166/0533,09/1554,172946,"Recurrent Neural Network Model - A New Strategy to Solve Fuzzy Matrix Games."
159/7994,34/3540,172947,"Morphological Convolutional Neural Network Architecture for Digit Recognition."
159/7994,14/3916,172947,"Morphological Convolutional Neural Network Architecture for Digit Recognition."
159/7994,72/3864,172947,"Morphological Convolutional Neural Network Architecture for Digit Recognition."
159/7994,a/AdelMAlimi,172947,"Morphological Convolutional Neural Network Architecture for Digit Recognition."
34/3540,14/3916,172947,"Morphological Convolutional Neural Network Architecture for Digit Recognition."
34/3540,72/3864,172947,"Morphological Convolutional Neural Network Architecture for Digit Recognition."
34/3540,a/AdelMAlimi,172947,"Morphological Convolutional Neural Network Architecture for Digit Recognition."
14/3916,72/3864,172947,"Morphological Convolutional Neural Network Architecture for Digit Recognition."
14/3916,a/AdelMAlimi,172947,"Morphological Convolutional Neural Network Architecture for Digit Recognition."
72/3864,a/AdelMAlimi,172947,"Morphological Convolutional Neural Network Architecture for Digit Recognition."
47/2620,18/7142,172949,"Multistep Prediction of Dynamic Systems With Recurrent Neural Networks."
189/6584,20/7483,172950,"Optimized Neural Network Parameters Using Stochastic Fractal Technique to Compensate Kalman Filter for Power System-Tracking-State Estimation."
156/0202,42/1744,172951,"Event-Sampled Output Feedback Control of Robot Manipulators Using Neural Networks."
156/0202,161/0298,172951,"Event-Sampled Output Feedback Control of Robot Manipulators Using Neural Networks."
42/1744,161/0298,172951,"Event-Sampled Output Feedback Control of Robot Manipulators Using Neural Networks."
90/4149-3,99/4292-1,172958,"Adaptive Neural State-Feedback Tracking Control of Stochastic Nonlinear Switched Systems - An Average Dwell-Time Method."
90/4149-3,161/5778,172958,"Adaptive Neural State-Feedback Tracking Control of Stochastic Nonlinear Switched Systems - An Average Dwell-Time Method."
90/4149-3,42/2969,172958,"Adaptive Neural State-Feedback Tracking Control of Stochastic Nonlinear Switched Systems - An Average Dwell-Time Method."
99/4292-1,161/5778,172958,"Adaptive Neural State-Feedback Tracking Control of Stochastic Nonlinear Switched Systems - An Average Dwell-Time Method."
99/4292-1,42/2969,172958,"Adaptive Neural State-Feedback Tracking Control of Stochastic Nonlinear Switched Systems - An Average Dwell-Time Method."
161/5778,42/2969,172958,"Adaptive Neural State-Feedback Tracking Control of Stochastic Nonlinear Switched Systems - An Average Dwell-Time Method."
51/9554,18/3943,172964,"Bayesian Weight Decay on Bounded Approximation for Deep Convolutional Neural Networks."
45/3211,02/5115,172965,"Output-Feedback Adaptive Neural Controller for Uncertain Pure-Feedback Nonlinear Systems Using a High-Order Sliding Mode Observer."
45/3211,99/6572,172965,"Output-Feedback Adaptive Neural Controller for Uncertain Pure-Feedback Nonlinear Systems Using a High-Order Sliding Mode Observer."
02/5115,99/6572,172965,"Output-Feedback Adaptive Neural Controller for Uncertain Pure-Feedback Nonlinear Systems Using a High-Order Sliding Mode Observer."
166/5186,22/6949,172967,"Training Lightweight Deep Convolutional Neural Networks Using Bag-of-Features Pooling."
27/1817-1,w/JunWang13,172972,"Coupled Neural P Systems."
84/3009,31/7266,172973,"Global Nonfragile Synchronization in Finite Time for Fractional-Order Discontinuous Neural Networks With Nonlinear Growth Activations."
84/3009,77/2845,172973,"Global Nonfragile Synchronization in Finite Time for Fractional-Order Discontinuous Neural Networks With Nonlinear Growth Activations."
31/7266,77/2845,172973,"Global Nonfragile Synchronization in Finite Time for Fractional-Order Discontinuous Neural Networks With Nonlinear Growth Activations."
213/1637,213/1784,172975,"Visualization Methods for Image Transformation Convolutional Neural Networks."
213/1637,177/9287,172975,"Visualization Methods for Image Transformation Convolutional Neural Networks."
213/1637,76/7747,172975,"Visualization Methods for Image Transformation Convolutional Neural Networks."
213/1637,43/4171,172975,"Visualization Methods for Image Transformation Convolutional Neural Networks."
213/1784,177/9287,172975,"Visualization Methods for Image Transformation Convolutional Neural Networks."
213/1784,76/7747,172975,"Visualization Methods for Image Transformation Convolutional Neural Networks."
213/1784,43/4171,172975,"Visualization Methods for Image Transformation Convolutional Neural Networks."
177/9287,76/7747,172975,"Visualization Methods for Image Transformation Convolutional Neural Networks."
177/9287,43/4171,172975,"Visualization Methods for Image Transformation Convolutional Neural Networks."
76/7747,43/4171,172975,"Visualization Methods for Image Transformation Convolutional Neural Networks."
04/8131,194/9312,172978,"Neural Network-Based Adaptive Consensus Control for a Class of Nonaffine Nonlinear Multiagent Systems With Actuator Faults."
04/8131,73/2273,172978,"Neural Network-Based Adaptive Consensus Control for a Class of Nonaffine Nonlinear Multiagent Systems With Actuator Faults."
04/8131,98/3089,172978,"Neural Network-Based Adaptive Consensus Control for a Class of Nonaffine Nonlinear Multiagent Systems With Actuator Faults."
194/9312,73/2273,172978,"Neural Network-Based Adaptive Consensus Control for a Class of Nonaffine Nonlinear Multiagent Systems With Actuator Faults."
194/9312,98/3089,172978,"Neural Network-Based Adaptive Consensus Control for a Class of Nonaffine Nonlinear Multiagent Systems With Actuator Faults."
73/2273,98/3089,172978,"Neural Network-Based Adaptive Consensus Control for a Class of Nonaffine Nonlinear Multiagent Systems With Actuator Faults."
220/8855,47/2026-2,172985,"Exponential Synchronization and L2-Gain Analysis of Delayed Chaotic Neural Networks Via Intermittent Control With Actuator Saturation."
154/1836,236/3431,172986,"Robust Stabilization of Delayed Neural Networks - Dissipativity-Learning Approach."
154/1836,32/8511,172986,"Robust Stabilization of Delayed Neural Networks - Dissipativity-Learning Approach."
154/1836,66/8680,172986,"Robust Stabilization of Delayed Neural Networks - Dissipativity-Learning Approach."
154/1836,90/5065,172986,"Robust Stabilization of Delayed Neural Networks - Dissipativity-Learning Approach."
236/3431,32/8511,172986,"Robust Stabilization of Delayed Neural Networks - Dissipativity-Learning Approach."
236/3431,66/8680,172986,"Robust Stabilization of Delayed Neural Networks - Dissipativity-Learning Approach."
236/3431,90/5065,172986,"Robust Stabilization of Delayed Neural Networks - Dissipativity-Learning Approach."
32/8511,66/8680,172986,"Robust Stabilization of Delayed Neural Networks - Dissipativity-Learning Approach."
32/8511,90/5065,172986,"Robust Stabilization of Delayed Neural Networks - Dissipativity-Learning Approach."
66/8680,90/5065,172986,"Robust Stabilization of Delayed Neural Networks - Dissipativity-Learning Approach."
154/1836,90/10315,172987,"Finite-Time Passivity-Based Stability Criteria for Delayed Discrete-Time Neural Networks via New Weighted Summation Inequalities."
154/1836,232/4646,172987,"Finite-Time Passivity-Based Stability Criteria for Delayed Discrete-Time Neural Networks via New Weighted Summation Inequalities."
154/1836,32/8511,172987,"Finite-Time Passivity-Based Stability Criteria for Delayed Discrete-Time Neural Networks via New Weighted Summation Inequalities."
154/1836,90/5065,172987,"Finite-Time Passivity-Based Stability Criteria for Delayed Discrete-Time Neural Networks via New Weighted Summation Inequalities."
90/10315,232/4646,172987,"Finite-Time Passivity-Based Stability Criteria for Delayed Discrete-Time Neural Networks via New Weighted Summation Inequalities."
90/10315,32/8511,172987,"Finite-Time Passivity-Based Stability Criteria for Delayed Discrete-Time Neural Networks via New Weighted Summation Inequalities."
90/10315,90/5065,172987,"Finite-Time Passivity-Based Stability Criteria for Delayed Discrete-Time Neural Networks via New Weighted Summation Inequalities."
232/4646,32/8511,172987,"Finite-Time Passivity-Based Stability Criteria for Delayed Discrete-Time Neural Networks via New Weighted Summation Inequalities."
232/4646,90/5065,172987,"Finite-Time Passivity-Based Stability Criteria for Delayed Discrete-Time Neural Networks via New Weighted Summation Inequalities."
32/8511,90/5065,172987,"Finite-Time Passivity-Based Stability Criteria for Delayed Discrete-Time Neural Networks via New Weighted Summation Inequalities."
18/2348,05/3068,172989,"Adaptive Discrete-Time Flight Control Using Disturbance Observer and Neural Networks."
18/2348,119/5917,172989,"Adaptive Discrete-Time Flight Control Using Disturbance Observer and Neural Networks."
05/3068,119/5917,172989,"Adaptive Discrete-Time Flight Control Using Disturbance Observer and Neural Networks."
26/2210,12/2633,172991,"Nonfragile Dissipative Synchronization for Markovian Memristive Neural Networks - A Gain-Scheduled Control Scheme."
26/2210,77/2845,172991,"Nonfragile Dissipative Synchronization for Markovian Memristive Neural Networks - A Gain-Scheduled Control Scheme."
26/2210,16/6908,172991,"Nonfragile Dissipative Synchronization for Markovian Memristive Neural Networks - A Gain-Scheduled Control Scheme."
26/2210,06/5965,172991,"Nonfragile Dissipative Synchronization for Markovian Memristive Neural Networks - A Gain-Scheduled Control Scheme."
26/2210,24/647,172991,"Nonfragile Dissipative Synchronization for Markovian Memristive Neural Networks - A Gain-Scheduled Control Scheme."
12/2633,77/2845,172991,"Nonfragile Dissipative Synchronization for Markovian Memristive Neural Networks - A Gain-Scheduled Control Scheme."
12/2633,16/6908,172991,"Nonfragile Dissipative Synchronization for Markovian Memristive Neural Networks - A Gain-Scheduled Control Scheme."
12/2633,06/5965,172991,"Nonfragile Dissipative Synchronization for Markovian Memristive Neural Networks - A Gain-Scheduled Control Scheme."
12/2633,24/647,172991,"Nonfragile Dissipative Synchronization for Markovian Memristive Neural Networks - A Gain-Scheduled Control Scheme."
77/2845,16/6908,172991,"Nonfragile Dissipative Synchronization for Markovian Memristive Neural Networks - A Gain-Scheduled Control Scheme."
77/2845,06/5965,172991,"Nonfragile Dissipative Synchronization for Markovian Memristive Neural Networks - A Gain-Scheduled Control Scheme."
77/2845,24/647,172991,"Nonfragile Dissipative Synchronization for Markovian Memristive Neural Networks - A Gain-Scheduled Control Scheme."
16/6908,06/5965,172991,"Nonfragile Dissipative Synchronization for Markovian Memristive Neural Networks - A Gain-Scheduled Control Scheme."
16/6908,24/647,172991,"Nonfragile Dissipative Synchronization for Markovian Memristive Neural Networks - A Gain-Scheduled Control Scheme."
06/5965,24/647,172991,"Nonfragile Dissipative Synchronization for Markovian Memristive Neural Networks - A Gain-Scheduled Control Scheme."
132/0802,82/4281,172993,"Exponential Stabilization of Fuzzy Memristive Neural Networks With Hybrid Unbounded Time-Varying Delays."
132/0802,85/1640,172993,"Exponential Stabilization of Fuzzy Memristive Neural Networks With Hybrid Unbounded Time-Varying Delays."
82/4281,85/1640,172993,"Exponential Stabilization of Fuzzy Memristive Neural Networks With Hybrid Unbounded Time-Varying Delays."
70/9897,47/6534-24,172998,"Neural Network Training With Levenberg-Marquardt and Adaptable Weight Compression."
70/9897,38/3937,172998,"Neural Network Training With Levenberg-Marquardt and Adaptable Weight Compression."
47/6534-24,38/3937,172998,"Neural Network Training With Levenberg-Marquardt and Adaptable Weight Compression."
76/893,17/6125,173001,"Hierarchical Stability Conditions for a Class of Generalized Neural Networks With Multiple Discrete and Distributed Delays."
76/893,41/3836,173001,"Hierarchical Stability Conditions for a Class of Generalized Neural Networks With Multiple Discrete and Distributed Delays."
17/6125,41/3836,173001,"Hierarchical Stability Conditions for a Class of Generalized Neural Networks With Multiple Discrete and Distributed Delays."
223/3017,74/982,173002,"Fast Inference Predictive Coding - A Novel Model for Constructing Deep Neural Networks."
223/3017,09/8595,173002,"Fast Inference Predictive Coding - A Novel Model for Constructing Deep Neural Networks."
223/3017,12/6911,173002,"Fast Inference Predictive Coding - A Novel Model for Constructing Deep Neural Networks."
74/982,09/8595,173002,"Fast Inference Predictive Coding - A Novel Model for Constructing Deep Neural Networks."
74/982,12/6911,173002,"Fast Inference Predictive Coding - A Novel Model for Constructing Deep Neural Networks."
09/8595,12/6911,173002,"Fast Inference Predictive Coding - A Novel Model for Constructing Deep Neural Networks."
139/1545,48/4856,173004,"Neural Network Filtering Control Design for Nontriangular Structure Switched Nonlinear Systems in Finite Time."
139/1545,83/210,173004,"Neural Network Filtering Control Design for Nontriangular Structure Switched Nonlinear Systems in Finite Time."
48/4856,83/210,173004,"Neural Network Filtering Control Design for Nontriangular Structure Switched Nonlinear Systems in Finite Time."
10/1692,146/0208,173007,"Asynchronous Multiplex Communication Channels in 2-D Neural Network With Fluctuating Characteristics."
10/1692,146/0253,173007,"Asynchronous Multiplex Communication Channels in 2-D Neural Network With Fluctuating Characteristics."
10/1692,77/3331,173007,"Asynchronous Multiplex Communication Channels in 2-D Neural Network With Fluctuating Characteristics."
146/0208,146/0253,173007,"Asynchronous Multiplex Communication Channels in 2-D Neural Network With Fluctuating Characteristics."
146/0208,77/3331,173007,"Asynchronous Multiplex Communication Channels in 2-D Neural Network With Fluctuating Characteristics."
146/0253,77/3331,173007,"Asynchronous Multiplex Communication Channels in 2-D Neural Network With Fluctuating Characteristics."
18/8032,22/6949,173014,"Neurons With Paraboloid Decision Boundaries for Improved Neural Network Classification Performance."
18/8032,n/NikosNikolaidis,173014,"Neurons With Paraboloid Decision Boundaries for Improved Neural Network Classification Performance."
18/8032,p/IPitas,173014,"Neurons With Paraboloid Decision Boundaries for Improved Neural Network Classification Performance."
22/6949,n/NikosNikolaidis,173014,"Neurons With Paraboloid Decision Boundaries for Improved Neural Network Classification Performance."
22/6949,p/IPitas,173014,"Neurons With Paraboloid Decision Boundaries for Improved Neural Network Classification Performance."
n/NikosNikolaidis,p/IPitas,173014,"Neurons With Paraboloid Decision Boundaries for Improved Neural Network Classification Performance."
169/2322,74/5762,173017,"fpgaConvNet - Mapping Regular and Irregular Convolutional Neural Networks on FPGAs."
66/5973-3,150/9605,173020,"Augmented Real-Valued Time-Delay Neural Network for Compensation of Distortions and Impairments in Wireless Transmitters."
66/5973-3,21/7529,173020,"Augmented Real-Valued Time-Delay Neural Network for Compensation of Distortions and Impairments in Wireless Transmitters."
66/5973-3,21/6058,173020,"Augmented Real-Valued Time-Delay Neural Network for Compensation of Distortions and Impairments in Wireless Transmitters."
150/9605,21/7529,173020,"Augmented Real-Valued Time-Delay Neural Network for Compensation of Distortions and Impairments in Wireless Transmitters."
150/9605,21/6058,173020,"Augmented Real-Valued Time-Delay Neural Network for Compensation of Distortions and Impairments in Wireless Transmitters."
21/7529,21/6058,173020,"Augmented Real-Valued Time-Delay Neural Network for Compensation of Distortions and Impairments in Wireless Transmitters."
30/3241-3,40/6686-1,173025,"Neural Adaptive Event-Triggered Control for Nonlinear Uncertain Stochastic Systems With Unknown Hysteresis."
30/3241-3,02/6428-1,173025,"Neural Adaptive Event-Triggered Control for Nonlinear Uncertain Stochastic Systems With Unknown Hysteresis."
30/3241-3,48/4856,173025,"Neural Adaptive Event-Triggered Control for Nonlinear Uncertain Stochastic Systems With Unknown Hysteresis."
40/6686-1,02/6428-1,173025,"Neural Adaptive Event-Triggered Control for Nonlinear Uncertain Stochastic Systems With Unknown Hysteresis."
40/6686-1,48/4856,173025,"Neural Adaptive Event-Triggered Control for Nonlinear Uncertain Stochastic Systems With Unknown Hysteresis."
02/6428-1,48/4856,173025,"Neural Adaptive Event-Triggered Control for Nonlinear Uncertain Stochastic Systems With Unknown Hysteresis."
41/6013,06/864,173027,"Passivity and Synchronization of Coupled Uncertain Reaction-Diffusion Neural Networks With Multiple Time Delays."
41/6013,88/4280,173027,"Passivity and Synchronization of Coupled Uncertain Reaction-Diffusion Neural Networks With Multiple Time Delays."
41/6013,24/647,173027,"Passivity and Synchronization of Coupled Uncertain Reaction-Diffusion Neural Networks With Multiple Time Delays."
06/864,88/4280,173027,"Passivity and Synchronization of Coupled Uncertain Reaction-Diffusion Neural Networks With Multiple Time Delays."
06/864,24/647,173027,"Passivity and Synchronization of Coupled Uncertain Reaction-Diffusion Neural Networks With Multiple Time Delays."
88/4280,24/647,173027,"Passivity and Synchronization of Coupled Uncertain Reaction-Diffusion Neural Networks With Multiple Time Delays."
154/7186,58/3873,173031,"Dynamical Behavior of Nonautonomous Stochastic Reaction-Diffusion Neural-Network Models."
154/7186,12/65,173031,"Dynamical Behavior of Nonautonomous Stochastic Reaction-Diffusion Neural-Network Models."
154/7186,73/6583,173031,"Dynamical Behavior of Nonautonomous Stochastic Reaction-Diffusion Neural-Network Models."
154/7186,18/5299,173031,"Dynamical Behavior of Nonautonomous Stochastic Reaction-Diffusion Neural-Network Models."
58/3873,12/65,173031,"Dynamical Behavior of Nonautonomous Stochastic Reaction-Diffusion Neural-Network Models."
58/3873,73/6583,173031,"Dynamical Behavior of Nonautonomous Stochastic Reaction-Diffusion Neural-Network Models."
58/3873,18/5299,173031,"Dynamical Behavior of Nonautonomous Stochastic Reaction-Diffusion Neural-Network Models."
12/65,73/6583,173031,"Dynamical Behavior of Nonautonomous Stochastic Reaction-Diffusion Neural-Network Models."
12/65,18/5299,173031,"Dynamical Behavior of Nonautonomous Stochastic Reaction-Diffusion Neural-Network Models."
73/6583,18/5299,173031,"Dynamical Behavior of Nonautonomous Stochastic Reaction-Diffusion Neural-Network Models."
136/3843,49/5634,173035,"Clone-Based Encoded Neural Networks to Design Efficient Associative Memories."
136/3843,48/2293,173035,"Clone-Based Encoded Neural Networks to Design Efficient Associative Memories."
49/5634,48/2293,173035,"Clone-Based Encoded Neural Networks to Design Efficient Associative Memories."
85/3231,13/5353,173038,"L1-Norm Batch Normalization for Efficient Training of Deep Neural Networks."
85/3231,96/755-3,173038,"L1-Norm Batch Normalization for Efficient Training of Deep Neural Networks."
85/3231,74/7037,173038,"L1-Norm Batch Normalization for Efficient Training of Deep Neural Networks."
85/3231,48/1853,173038,"L1-Norm Batch Normalization for Efficient Training of Deep Neural Networks."
85/3231,x/YuanXie,173038,"L1-Norm Batch Normalization for Efficient Training of Deep Neural Networks."
85/3231,84/7231,173038,"L1-Norm Batch Normalization for Efficient Training of Deep Neural Networks."
13/5353,96/755-3,173038,"L1-Norm Batch Normalization for Efficient Training of Deep Neural Networks."
13/5353,74/7037,173038,"L1-Norm Batch Normalization for Efficient Training of Deep Neural Networks."
13/5353,48/1853,173038,"L1-Norm Batch Normalization for Efficient Training of Deep Neural Networks."
13/5353,x/YuanXie,173038,"L1-Norm Batch Normalization for Efficient Training of Deep Neural Networks."
13/5353,84/7231,173038,"L1-Norm Batch Normalization for Efficient Training of Deep Neural Networks."
96/755-3,74/7037,173038,"L1-Norm Batch Normalization for Efficient Training of Deep Neural Networks."
96/755-3,48/1853,173038,"L1-Norm Batch Normalization for Efficient Training of Deep Neural Networks."
96/755-3,x/YuanXie,173038,"L1-Norm Batch Normalization for Efficient Training of Deep Neural Networks."
96/755-3,84/7231,173038,"L1-Norm Batch Normalization for Efficient Training of Deep Neural Networks."
74/7037,48/1853,173038,"L1-Norm Batch Normalization for Efficient Training of Deep Neural Networks."
74/7037,x/YuanXie,173038,"L1-Norm Batch Normalization for Efficient Training of Deep Neural Networks."
74/7037,84/7231,173038,"L1-Norm Batch Normalization for Efficient Training of Deep Neural Networks."
48/1853,x/YuanXie,173038,"L1-Norm Batch Normalization for Efficient Training of Deep Neural Networks."
48/1853,84/7231,173038,"L1-Norm Batch Normalization for Efficient Training of Deep Neural Networks."
x/YuanXie,84/7231,173038,"L1-Norm Batch Normalization for Efficient Training of Deep Neural Networks."
122/5334-3,24/647,173042,"Global Exponential Stability and Synchronization for Discrete-Time Inertial Neural Networks With Time Delays - A Timescale Approach."
122/5334-3,85/1640,173042,"Global Exponential Stability and Synchronization for Discrete-Time Inertial Neural Networks With Time Delays - A Timescale Approach."
24/647,85/1640,173042,"Global Exponential Stability and Synchronization for Discrete-Time Inertial Neural Networks With Time Delays - A Timescale Approach."
98/4025,l/KenliLi,173043,"Computing Time-Varying Quadratic Optimization With Finite-Time Convergence and Noise Tolerance - A Unified Framework for Zeroing Neural Network."
98/4025,157/2422,173043,"Computing Time-Varying Quadratic Optimization With Finite-Time Convergence and Noise Tolerance - A Unified Framework for Zeroing Neural Network."
l/KenliLi,157/2422,173043,"Computing Time-Varying Quadratic Optimization With Finite-Time Convergence and Noise Tolerance - A Unified Framework for Zeroing Neural Network."
208/8098,181/2731-2,173050,"A Discrete-Time Projection Neural Network for Sparse Signal Reconstruction With Application to Face Recognition."
208/8098,24/647,173050,"A Discrete-Time Projection Neural Network for Sparse Signal Reconstruction With Application to Face Recognition."
181/2731-2,24/647,173050,"A Discrete-Time Projection Neural Network for Sparse Signal Reconstruction With Application to Face Recognition."
07/4630-3,01/513,173054,"Finite-Horizon $l_2-l_\infty$ Synchronization for Time-Varying Markovian Jump Neural Networks Under Mixed-Type Attacks - Observer-Based Case."
07/4630-3,96/7721,173054,"Finite-Horizon $l_2-l_\infty$ Synchronization for Time-Varying Markovian Jump Neural Networks Under Mixed-Type Attacks - Observer-Based Case."
07/4630-3,52/5716-20,173054,"Finite-Horizon $l_2-l_\infty$ Synchronization for Time-Varying Markovian Jump Neural Networks Under Mixed-Type Attacks - Observer-Based Case."
07/4630-3,156/0786,173054,"Finite-Horizon $l_2-l_\infty$ Synchronization for Time-Varying Markovian Jump Neural Networks Under Mixed-Type Attacks - Observer-Based Case."
01/513,96/7721,173054,"Finite-Horizon $l_2-l_\infty$ Synchronization for Time-Varying Markovian Jump Neural Networks Under Mixed-Type Attacks - Observer-Based Case."
01/513,52/5716-20,173054,"Finite-Horizon $l_2-l_\infty$ Synchronization for Time-Varying Markovian Jump Neural Networks Under Mixed-Type Attacks - Observer-Based Case."
01/513,156/0786,173054,"Finite-Horizon $l_2-l_\infty$ Synchronization for Time-Varying Markovian Jump Neural Networks Under Mixed-Type Attacks - Observer-Based Case."
96/7721,52/5716-20,173054,"Finite-Horizon $l_2-l_\infty$ Synchronization for Time-Varying Markovian Jump Neural Networks Under Mixed-Type Attacks - Observer-Based Case."
96/7721,156/0786,173054,"Finite-Horizon $l_2-l_\infty$ Synchronization for Time-Varying Markovian Jump Neural Networks Under Mixed-Type Attacks - Observer-Based Case."
52/5716-20,156/0786,173054,"Finite-Horizon $l_2-l_\infty$ Synchronization for Time-Varying Markovian Jump Neural Networks Under Mixed-Type Attacks - Observer-Based Case."
03/2611,221/0808,173055,"Zeroing Neural Network for Solving Time-Varying Linear Equation and Inequality Systems."
03/2611,134/1691,173055,"Zeroing Neural Network for Solving Time-Varying Linear Equation and Inequality Systems."
03/2611,05/5582,173055,"Zeroing Neural Network for Solving Time-Varying Linear Equation and Inequality Systems."
03/2611,34/9180,173055,"Zeroing Neural Network for Solving Time-Varying Linear Equation and Inequality Systems."
221/0808,134/1691,173055,"Zeroing Neural Network for Solving Time-Varying Linear Equation and Inequality Systems."
221/0808,05/5582,173055,"Zeroing Neural Network for Solving Time-Varying Linear Equation and Inequality Systems."
221/0808,34/9180,173055,"Zeroing Neural Network for Solving Time-Varying Linear Equation and Inequality Systems."
134/1691,05/5582,173055,"Zeroing Neural Network for Solving Time-Varying Linear Equation and Inequality Systems."
134/1691,34/9180,173055,"Zeroing Neural Network for Solving Time-Varying Linear Equation and Inequality Systems."
05/5582,34/9180,173055,"Zeroing Neural Network for Solving Time-Varying Linear Equation and Inequality Systems."
69/7024-3,217/1021,173056,"Neural Learning Control of Strict-Feedback Systems Using Disturbance Observer."
69/7024-3,42/2501,173056,"Neural Learning Control of Strict-Feedback Systems Using Disturbance Observer."
69/7024-3,123/6744,173056,"Neural Learning Control of Strict-Feedback Systems Using Disturbance Observer."
69/7024-3,79/3204,173056,"Neural Learning Control of Strict-Feedback Systems Using Disturbance Observer."
217/1021,42/2501,173056,"Neural Learning Control of Strict-Feedback Systems Using Disturbance Observer."
217/1021,123/6744,173056,"Neural Learning Control of Strict-Feedback Systems Using Disturbance Observer."
217/1021,79/3204,173056,"Neural Learning Control of Strict-Feedback Systems Using Disturbance Observer."
42/2501,123/6744,173056,"Neural Learning Control of Strict-Feedback Systems Using Disturbance Observer."
42/2501,79/3204,173056,"Neural Learning Control of Strict-Feedback Systems Using Disturbance Observer."
123/6744,79/3204,173056,"Neural Learning Control of Strict-Feedback Systems Using Disturbance Observer."
96/928,221/1729,173059,"Robot Learning System Based on Adaptive Neural Control and Dynamic Movement Primitives."
96/928,20/6417-1,173059,"Robot Learning System Based on Adaptive Neural Control and Dynamic Movement Primitives."
96/928,05/7736,173059,"Robot Learning System Based on Adaptive Neural Control and Dynamic Movement Primitives."
96/928,89/6527-1,173059,"Robot Learning System Based on Adaptive Neural Control and Dynamic Movement Primitives."
221/1729,20/6417-1,173059,"Robot Learning System Based on Adaptive Neural Control and Dynamic Movement Primitives."
221/1729,05/7736,173059,"Robot Learning System Based on Adaptive Neural Control and Dynamic Movement Primitives."
221/1729,89/6527-1,173059,"Robot Learning System Based on Adaptive Neural Control and Dynamic Movement Primitives."
20/6417-1,05/7736,173059,"Robot Learning System Based on Adaptive Neural Control and Dynamic Movement Primitives."
20/6417-1,89/6527-1,173059,"Robot Learning System Based on Adaptive Neural Control and Dynamic Movement Primitives."
05/7736,89/6527-1,173059,"Robot Learning System Based on Adaptive Neural Control and Dynamic Movement Primitives."
157/2440,31/316,173063,"Effects of State-Dependent Impulses on Robust Exponential Stability of Quaternion-Valued Neural Networks Under Parametric Uncertainty."
157/2440,10/6543,173063,"Effects of State-Dependent Impulses on Robust Exponential Stability of Quaternion-Valued Neural Networks Under Parametric Uncertainty."
157/2440,14/7119,173063,"Effects of State-Dependent Impulses on Robust Exponential Stability of Quaternion-Valued Neural Networks Under Parametric Uncertainty."
157/2440,75/4419,173063,"Effects of State-Dependent Impulses on Robust Exponential Stability of Quaternion-Valued Neural Networks Under Parametric Uncertainty."
31/316,10/6543,173063,"Effects of State-Dependent Impulses on Robust Exponential Stability of Quaternion-Valued Neural Networks Under Parametric Uncertainty."
31/316,14/7119,173063,"Effects of State-Dependent Impulses on Robust Exponential Stability of Quaternion-Valued Neural Networks Under Parametric Uncertainty."
31/316,75/4419,173063,"Effects of State-Dependent Impulses on Robust Exponential Stability of Quaternion-Valued Neural Networks Under Parametric Uncertainty."
10/6543,14/7119,173063,"Effects of State-Dependent Impulses on Robust Exponential Stability of Quaternion-Valued Neural Networks Under Parametric Uncertainty."
10/6543,75/4419,173063,"Effects of State-Dependent Impulses on Robust Exponential Stability of Quaternion-Valued Neural Networks Under Parametric Uncertainty."
14/7119,75/4419,173063,"Effects of State-Dependent Impulses on Robust Exponential Stability of Quaternion-Valued Neural Networks Under Parametric Uncertainty."
27/1490,39/4333-1,173064,"Synchronization of Coupled Markovian Reaction-Diffusion Neural Networks With Proportional Delays Via Quantized Control."
27/1490,77/2845,173064,"Synchronization of Coupled Markovian Reaction-Diffusion Neural Networks With Proportional Delays Via Quantized Control."
27/1490,08/5217,173064,"Synchronization of Coupled Markovian Reaction-Diffusion Neural Networks With Proportional Delays Via Quantized Control."
39/4333-1,77/2845,173064,"Synchronization of Coupled Markovian Reaction-Diffusion Neural Networks With Proportional Delays Via Quantized Control."
39/4333-1,08/5217,173064,"Synchronization of Coupled Markovian Reaction-Diffusion Neural Networks With Proportional Delays Via Quantized Control."
77/2845,08/5217,173064,"Synchronization of Coupled Markovian Reaction-Diffusion Neural Networks With Proportional Delays Via Quantized Control."
47/2653,77/2845,173079,"Novel Finite-Time Synchronization Criteria for Inertial Neural Networks With Time Delays via Integral Inequality Method."
55/2270-35,p/NikhilRPal,173088,"Distributed Adaptive Tracking Synchronization for Coupled Reaction-Diffusion Neural Network."
55/2270-35,132/0802,173088,"Distributed Adaptive Tracking Synchronization for Coupled Reaction-Diffusion Neural Network."
55/2270-35,85/1640,173088,"Distributed Adaptive Tracking Synchronization for Coupled Reaction-Diffusion Neural Network."
p/NikhilRPal,132/0802,173088,"Distributed Adaptive Tracking Synchronization for Coupled Reaction-Diffusion Neural Network."
p/NikhilRPal,85/1640,173088,"Distributed Adaptive Tracking Synchronization for Coupled Reaction-Diffusion Neural Network."
132/0802,85/1640,173088,"Distributed Adaptive Tracking Synchronization for Coupled Reaction-Diffusion Neural Network."
190/4685,85/1640,173094,"Multiple $\psi$ -Type Stability of Cohen-Grossberg Neural Networks With Both Time-Varying Discrete Delays and Distributed Delays."
193/2223,200/6004,173095,"New Results on Stability Analysis for Delayed Markovian Generalized Neural Networks With Partly Unknown Transition Rates."
193/2223,26/2439,173095,"New Results on Stability Analysis for Delayed Markovian Generalized Neural Networks With Partly Unknown Transition Rates."
193/2223,30/4519,173095,"New Results on Stability Analysis for Delayed Markovian Generalized Neural Networks With Partly Unknown Transition Rates."
193/2223,78/5816-4,173095,"New Results on Stability Analysis for Delayed Markovian Generalized Neural Networks With Partly Unknown Transition Rates."
200/6004,26/2439,173095,"New Results on Stability Analysis for Delayed Markovian Generalized Neural Networks With Partly Unknown Transition Rates."
200/6004,30/4519,173095,"New Results on Stability Analysis for Delayed Markovian Generalized Neural Networks With Partly Unknown Transition Rates."
200/6004,78/5816-4,173095,"New Results on Stability Analysis for Delayed Markovian Generalized Neural Networks With Partly Unknown Transition Rates."
26/2439,30/4519,173095,"New Results on Stability Analysis for Delayed Markovian Generalized Neural Networks With Partly Unknown Transition Rates."
26/2439,78/5816-4,173095,"New Results on Stability Analysis for Delayed Markovian Generalized Neural Networks With Partly Unknown Transition Rates."
30/4519,78/5816-4,173095,"New Results on Stability Analysis for Delayed Markovian Generalized Neural Networks With Partly Unknown Transition Rates."
193/2223,200/6004,173096,"A New Approach to Stochastic Stability of Markovian Neural Networks With Generalized Transition Rates."
193/2223,80/6273-1,173096,"A New Approach to Stochastic Stability of Markovian Neural Networks With Generalized Transition Rates."
193/2223,46/8665,173096,"A New Approach to Stochastic Stability of Markovian Neural Networks With Generalized Transition Rates."
193/2223,30/4519,173096,"A New Approach to Stochastic Stability of Markovian Neural Networks With Generalized Transition Rates."
200/6004,80/6273-1,173096,"A New Approach to Stochastic Stability of Markovian Neural Networks With Generalized Transition Rates."
200/6004,46/8665,173096,"A New Approach to Stochastic Stability of Markovian Neural Networks With Generalized Transition Rates."
200/6004,30/4519,173096,"A New Approach to Stochastic Stability of Markovian Neural Networks With Generalized Transition Rates."
80/6273-1,46/8665,173096,"A New Approach to Stochastic Stability of Markovian Neural Networks With Generalized Transition Rates."
80/6273-1,30/4519,173096,"A New Approach to Stochastic Stability of Markovian Neural Networks With Generalized Transition Rates."
46/8665,30/4519,173096,"A New Approach to Stochastic Stability of Markovian Neural Networks With Generalized Transition Rates."
248/1313,47/2762,173104,"Identification and Control of Nonlinear Systems Using Neural Networks - A Singularity-Free Approach."
248/1313,20/5094,173104,"Identification and Control of Nonlinear Systems Using Neural Networks - A Singularity-Free Approach."
248/1313,01/6560,173104,"Identification and Control of Nonlinear Systems Using Neural Networks - A Singularity-Free Approach."
47/2762,20/5094,173104,"Identification and Control of Nonlinear Systems Using Neural Networks - A Singularity-Free Approach."
47/2762,01/6560,173104,"Identification and Control of Nonlinear Systems Using Neural Networks - A Singularity-Free Approach."
20/5094,01/6560,173104,"Identification and Control of Nonlinear Systems Using Neural Networks - A Singularity-Free Approach."
15/3785,234/6625,173109,"Adaptive Neural Network Tracking Control for Robotic Manipulators With Dead Zone."
15/3785,88/5785-1,173109,"Adaptive Neural Network Tracking Control for Robotic Manipulators With Dead Zone."
15/3785,96/7721,173109,"Adaptive Neural Network Tracking Control for Robotic Manipulators With Dead Zone."
15/3785,118/0299,173109,"Adaptive Neural Network Tracking Control for Robotic Manipulators With Dead Zone."
234/6625,88/5785-1,173109,"Adaptive Neural Network Tracking Control for Robotic Manipulators With Dead Zone."
234/6625,96/7721,173109,"Adaptive Neural Network Tracking Control for Robotic Manipulators With Dead Zone."
234/6625,118/0299,173109,"Adaptive Neural Network Tracking Control for Robotic Manipulators With Dead Zone."
88/5785-1,96/7721,173109,"Adaptive Neural Network Tracking Control for Robotic Manipulators With Dead Zone."
88/5785-1,118/0299,173109,"Adaptive Neural Network Tracking Control for Robotic Manipulators With Dead Zone."
96/7721,118/0299,173109,"Adaptive Neural Network Tracking Control for Robotic Manipulators With Dead Zone."
10/3520,40/3714,173111,"A Novel Neural Network for Remote Sensing Image Matching."
10/3520,27/2987-1,173111,"A Novel Neural Network for Remote Sensing Image Matching."
10/3520,67/5807-1,173111,"A Novel Neural Network for Remote Sensing Image Matching."
10/3520,z/WeiZhao-14,173111,"A Novel Neural Network for Remote Sensing Image Matching."
40/3714,27/2987-1,173111,"A Novel Neural Network for Remote Sensing Image Matching."
40/3714,67/5807-1,173111,"A Novel Neural Network for Remote Sensing Image Matching."
40/3714,z/WeiZhao-14,173111,"A Novel Neural Network for Remote Sensing Image Matching."
27/2987-1,67/5807-1,173111,"A Novel Neural Network for Remote Sensing Image Matching."
27/2987-1,z/WeiZhao-14,173111,"A Novel Neural Network for Remote Sensing Image Matching."
67/5807-1,z/WeiZhao-14,173111,"A Novel Neural Network for Remote Sensing Image Matching."
242/1798,184/6772,173114,"Adaptive Neural Control for MIMO Pure-Feedback Nonlinear Systems With Periodic Disturbances."
242/1798,39/1917,173114,"Adaptive Neural Control for MIMO Pure-Feedback Nonlinear Systems With Periodic Disturbances."
242/1798,184/6851,173114,"Adaptive Neural Control for MIMO Pure-Feedback Nonlinear Systems With Periodic Disturbances."
242/1798,137/6026,173114,"Adaptive Neural Control for MIMO Pure-Feedback Nonlinear Systems With Periodic Disturbances."
184/6772,39/1917,173114,"Adaptive Neural Control for MIMO Pure-Feedback Nonlinear Systems With Periodic Disturbances."
184/6772,184/6851,173114,"Adaptive Neural Control for MIMO Pure-Feedback Nonlinear Systems With Periodic Disturbances."
184/6772,137/6026,173114,"Adaptive Neural Control for MIMO Pure-Feedback Nonlinear Systems With Periodic Disturbances."
39/1917,184/6851,173114,"Adaptive Neural Control for MIMO Pure-Feedback Nonlinear Systems With Periodic Disturbances."
39/1917,137/6026,173114,"Adaptive Neural Control for MIMO Pure-Feedback Nonlinear Systems With Periodic Disturbances."
184/6851,137/6026,173114,"Adaptive Neural Control for MIMO Pure-Feedback Nonlinear Systems With Periodic Disturbances."
145/9981,52/8573,173705,"Deferred neural rendering - image synthesis using neural textures."
145/9981,84/8221,173705,"Deferred neural rendering - image synthesis using neural textures."
52/8573,84/8221,173705,"Deferred neural rendering - image synthesis using neural textures."
161/9827,41/943,174039,"Rethinking the Combined and Individual Orders of Derivative of States for Differential Recurrent Neural Networks - Deep Differential Recurrent Neural Networks."
161/9827,64/3815,174039,"Rethinking the Combined and Individual Orders of Derivative of States for Differential Recurrent Neural Networks - Deep Differential Recurrent Neural Networks."
161/9827,233/0688,174039,"Rethinking the Combined and Individual Orders of Derivative of States for Differential Recurrent Neural Networks - Deep Differential Recurrent Neural Networks."
41/943,64/3815,174039,"Rethinking the Combined and Individual Orders of Derivative of States for Differential Recurrent Neural Networks - Deep Differential Recurrent Neural Networks."
41/943,233/0688,174039,"Rethinking the Combined and Individual Orders of Derivative of States for Differential Recurrent Neural Networks - Deep Differential Recurrent Neural Networks."
64/3815,233/0688,174039,"Rethinking the Combined and Individual Orders of Derivative of States for Differential Recurrent Neural Networks - Deep Differential Recurrent Neural Networks."
238/8885,229/4080,182055,"Using Neural Architecture Search to Optimize Neural Networks for Embedded Devices."
238/8885,202/6221,182055,"Using Neural Architecture Search to Optimize Neural Networks for Embedded Devices."
238/8885,139/7653,182055,"Using Neural Architecture Search to Optimize Neural Networks for Embedded Devices."
238/8885,66/2132,182055,"Using Neural Architecture Search to Optimize Neural Networks for Embedded Devices."
229/4080,202/6221,182055,"Using Neural Architecture Search to Optimize Neural Networks for Embedded Devices."
229/4080,139/7653,182055,"Using Neural Architecture Search to Optimize Neural Networks for Embedded Devices."
229/4080,66/2132,182055,"Using Neural Architecture Search to Optimize Neural Networks for Embedded Devices."
202/6221,139/7653,182055,"Using Neural Architecture Search to Optimize Neural Networks for Embedded Devices."
202/6221,66/2132,182055,"Using Neural Architecture Search to Optimize Neural Networks for Embedded Devices."
139/7653,66/2132,182055,"Using Neural Architecture Search to Optimize Neural Networks for Embedded Devices."
156/7303,194/2447,183048,"Weisfeiler and Leman Go Neural - Higher-Order Graph Neural Networks."
156/7303,180/9174,183048,"Weisfeiler and Leman Go Neural - Higher-Order Graph Neural Networks."
156/7303,137/3314,183048,"Weisfeiler and Leman Go Neural - Higher-Order Graph Neural Networks."
156/7303,195/9868,183048,"Weisfeiler and Leman Go Neural - Higher-Order Graph Neural Networks."
156/7303,132/6971,183048,"Weisfeiler and Leman Go Neural - Higher-Order Graph Neural Networks."
156/7303,g/MGrohe,183048,"Weisfeiler and Leman Go Neural - Higher-Order Graph Neural Networks."
194/2447,180/9174,183048,"Weisfeiler and Leman Go Neural - Higher-Order Graph Neural Networks."
194/2447,137/3314,183048,"Weisfeiler and Leman Go Neural - Higher-Order Graph Neural Networks."
194/2447,195/9868,183048,"Weisfeiler and Leman Go Neural - Higher-Order Graph Neural Networks."
194/2447,132/6971,183048,"Weisfeiler and Leman Go Neural - Higher-Order Graph Neural Networks."
194/2447,g/MGrohe,183048,"Weisfeiler and Leman Go Neural - Higher-Order Graph Neural Networks."
180/9174,137/3314,183048,"Weisfeiler and Leman Go Neural - Higher-Order Graph Neural Networks."
180/9174,195/9868,183048,"Weisfeiler and Leman Go Neural - Higher-Order Graph Neural Networks."
180/9174,132/6971,183048,"Weisfeiler and Leman Go Neural - Higher-Order Graph Neural Networks."
180/9174,g/MGrohe,183048,"Weisfeiler and Leman Go Neural - Higher-Order Graph Neural Networks."
137/3314,195/9868,183048,"Weisfeiler and Leman Go Neural - Higher-Order Graph Neural Networks."
137/3314,132/6971,183048,"Weisfeiler and Leman Go Neural - Higher-Order Graph Neural Networks."
137/3314,g/MGrohe,183048,"Weisfeiler and Leman Go Neural - Higher-Order Graph Neural Networks."
195/9868,132/6971,183048,"Weisfeiler and Leman Go Neural - Higher-Order Graph Neural Networks."
195/9868,g/MGrohe,183048,"Weisfeiler and Leman Go Neural - Higher-Order Graph Neural Networks."
132/6971,g/MGrohe,183048,"Weisfeiler and Leman Go Neural - Higher-Order Graph Neural Networks."
45/7737,156/4008-1,184148,"Universal Approximation Property and Equivalence of Stochastic Computing-Based Neural Networks and Binary Neural Networks."
45/7737,63/5422,184148,"Universal Approximation Property and Equivalence of Stochastic Computing-Based Neural Networks and Binary Neural Networks."
45/7737,181/2667-8,184148,"Universal Approximation Property and Equivalence of Stochastic Computing-Based Neural Networks and Binary Neural Networks."
45/7737,203/6652,184148,"Universal Approximation Property and Equivalence of Stochastic Computing-Based Neural Networks and Binary Neural Networks."
45/7737,147/0314,184148,"Universal Approximation Property and Equivalence of Stochastic Computing-Based Neural Networks and Binary Neural Networks."
45/7737,41/1662-1,184148,"Universal Approximation Property and Equivalence of Stochastic Computing-Based Neural Networks and Binary Neural Networks."
45/7737,70/11466,184148,"Universal Approximation Property and Equivalence of Stochastic Computing-Based Neural Networks and Binary Neural Networks."
45/7737,94/7236,184148,"Universal Approximation Property and Equivalence of Stochastic Computing-Based Neural Networks and Binary Neural Networks."
156/4008-1,63/5422,184148,"Universal Approximation Property and Equivalence of Stochastic Computing-Based Neural Networks and Binary Neural Networks."
156/4008-1,181/2667-8,184148,"Universal Approximation Property and Equivalence of Stochastic Computing-Based Neural Networks and Binary Neural Networks."
156/4008-1,203/6652,184148,"Universal Approximation Property and Equivalence of Stochastic Computing-Based Neural Networks and Binary Neural Networks."
156/4008-1,147/0314,184148,"Universal Approximation Property and Equivalence of Stochastic Computing-Based Neural Networks and Binary Neural Networks."
156/4008-1,41/1662-1,184148,"Universal Approximation Property and Equivalence of Stochastic Computing-Based Neural Networks and Binary Neural Networks."
156/4008-1,70/11466,184148,"Universal Approximation Property and Equivalence of Stochastic Computing-Based Neural Networks and Binary Neural Networks."
156/4008-1,94/7236,184148,"Universal Approximation Property and Equivalence of Stochastic Computing-Based Neural Networks and Binary Neural Networks."
63/5422,181/2667-8,184148,"Universal Approximation Property and Equivalence of Stochastic Computing-Based Neural Networks and Binary Neural Networks."
63/5422,203/6652,184148,"Universal Approximation Property and Equivalence of Stochastic Computing-Based Neural Networks and Binary Neural Networks."
63/5422,147/0314,184148,"Universal Approximation Property and Equivalence of Stochastic Computing-Based Neural Networks and Binary Neural Networks."
63/5422,41/1662-1,184148,"Universal Approximation Property and Equivalence of Stochastic Computing-Based Neural Networks and Binary Neural Networks."
63/5422,70/11466,184148,"Universal Approximation Property and Equivalence of Stochastic Computing-Based Neural Networks and Binary Neural Networks."
63/5422,94/7236,184148,"Universal Approximation Property and Equivalence of Stochastic Computing-Based Neural Networks and Binary Neural Networks."
181/2667-8,203/6652,184148,"Universal Approximation Property and Equivalence of Stochastic Computing-Based Neural Networks and Binary Neural Networks."
181/2667-8,147/0314,184148,"Universal Approximation Property and Equivalence of Stochastic Computing-Based Neural Networks and Binary Neural Networks."
181/2667-8,41/1662-1,184148,"Universal Approximation Property and Equivalence of Stochastic Computing-Based Neural Networks and Binary Neural Networks."
181/2667-8,70/11466,184148,"Universal Approximation Property and Equivalence of Stochastic Computing-Based Neural Networks and Binary Neural Networks."
181/2667-8,94/7236,184148,"Universal Approximation Property and Equivalence of Stochastic Computing-Based Neural Networks and Binary Neural Networks."
203/6652,147/0314,184148,"Universal Approximation Property and Equivalence of Stochastic Computing-Based Neural Networks and Binary Neural Networks."
203/6652,41/1662-1,184148,"Universal Approximation Property and Equivalence of Stochastic Computing-Based Neural Networks and Binary Neural Networks."
203/6652,70/11466,184148,"Universal Approximation Property and Equivalence of Stochastic Computing-Based Neural Networks and Binary Neural Networks."
203/6652,94/7236,184148,"Universal Approximation Property and Equivalence of Stochastic Computing-Based Neural Networks and Binary Neural Networks."
147/0314,41/1662-1,184148,"Universal Approximation Property and Equivalence of Stochastic Computing-Based Neural Networks and Binary Neural Networks."
147/0314,70/11466,184148,"Universal Approximation Property and Equivalence of Stochastic Computing-Based Neural Networks and Binary Neural Networks."
147/0314,94/7236,184148,"Universal Approximation Property and Equivalence of Stochastic Computing-Based Neural Networks and Binary Neural Networks."
41/1662-1,70/11466,184148,"Universal Approximation Property and Equivalence of Stochastic Computing-Based Neural Networks and Binary Neural Networks."
41/1662-1,94/7236,184148,"Universal Approximation Property and Equivalence of Stochastic Computing-Based Neural Networks and Binary Neural Networks."
70/11466,94/7236,184148,"Universal Approximation Property and Equivalence of Stochastic Computing-Based Neural Networks and Binary Neural Networks."
97/8704,130/9906,184378,"TDSNN - From Deep Neural Networks to Deep Spike Neural Networks with Temporal-Coding."
97/8704,134/7486,184378,"TDSNN - From Deep Neural Networks to Deep Spike Neural Networks with Temporal-Coding."
97/8704,44/11216,184378,"TDSNN - From Deep Neural Networks to Deep Spike Neural Networks with Temporal-Coding."
97/8704,48/474,184378,"TDSNN - From Deep Neural Networks to Deep Spike Neural Networks with Temporal-Coding."
130/9906,134/7486,184378,"TDSNN - From Deep Neural Networks to Deep Spike Neural Networks with Temporal-Coding."
130/9906,44/11216,184378,"TDSNN - From Deep Neural Networks to Deep Spike Neural Networks with Temporal-Coding."
130/9906,48/474,184378,"TDSNN - From Deep Neural Networks to Deep Spike Neural Networks with Temporal-Coding."
134/7486,44/11216,184378,"TDSNN - From Deep Neural Networks to Deep Spike Neural Networks with Temporal-Coding."
134/7486,48/474,184378,"TDSNN - From Deep Neural Networks to Deep Spike Neural Networks with Temporal-Coding."
44/11216,48/474,184378,"TDSNN - From Deep Neural Networks to Deep Spike Neural Networks with Temporal-Coding."
255/6650,118/3555,185073,"Neural Versus Non-Neural Text Simplification - A Case Study."
255/6650,57/5129,185073,"Neural Versus Non-Neural Text Simplification - A Case Study."
118/3555,57/5129,185073,"Neural Versus Non-Neural Text Simplification - A Case Study."
245/1753,185/5586,185174,"Neural Fuzzy Repair - Integrating Fuzzy Matches into Neural Machine Translation."
64/4247,245/9430,185486,"NeuralClassifier - An Open-source Neural Hierarchical Multi-label Text Classification Toolkit."
64/4247,25/8528,185486,"NeuralClassifier - An Open-source Neural Hierarchical Multi-label Text Classification Toolkit."
64/4247,180/5685,185486,"NeuralClassifier - An Open-source Neural Hierarchical Multi-label Text Classification Toolkit."
64/4247,83/663,185486,"NeuralClassifier - An Open-source Neural Hierarchical Multi-label Text Classification Toolkit."
64/4247,245/9494,185486,"NeuralClassifier - An Open-source Neural Hierarchical Multi-label Text Classification Toolkit."
64/4247,245/9486,185486,"NeuralClassifier - An Open-source Neural Hierarchical Multi-label Text Classification Toolkit."
64/4247,82/6720,185486,"NeuralClassifier - An Open-source Neural Hierarchical Multi-label Text Classification Toolkit."
64/4247,23/6266,185486,"NeuralClassifier - An Open-source Neural Hierarchical Multi-label Text Classification Toolkit."
245/9430,25/8528,185486,"NeuralClassifier - An Open-source Neural Hierarchical Multi-label Text Classification Toolkit."
245/9430,180/5685,185486,"NeuralClassifier - An Open-source Neural Hierarchical Multi-label Text Classification Toolkit."
245/9430,83/663,185486,"NeuralClassifier - An Open-source Neural Hierarchical Multi-label Text Classification Toolkit."
245/9430,245/9494,185486,"NeuralClassifier - An Open-source Neural Hierarchical Multi-label Text Classification Toolkit."
245/9430,245/9486,185486,"NeuralClassifier - An Open-source Neural Hierarchical Multi-label Text Classification Toolkit."
245/9430,82/6720,185486,"NeuralClassifier - An Open-source Neural Hierarchical Multi-label Text Classification Toolkit."
245/9430,23/6266,185486,"NeuralClassifier - An Open-source Neural Hierarchical Multi-label Text Classification Toolkit."
25/8528,180/5685,185486,"NeuralClassifier - An Open-source Neural Hierarchical Multi-label Text Classification Toolkit."
25/8528,83/663,185486,"NeuralClassifier - An Open-source Neural Hierarchical Multi-label Text Classification Toolkit."
25/8528,245/9494,185486,"NeuralClassifier - An Open-source Neural Hierarchical Multi-label Text Classification Toolkit."
25/8528,245/9486,185486,"NeuralClassifier - An Open-source Neural Hierarchical Multi-label Text Classification Toolkit."
25/8528,82/6720,185486,"NeuralClassifier - An Open-source Neural Hierarchical Multi-label Text Classification Toolkit."
25/8528,23/6266,185486,"NeuralClassifier - An Open-source Neural Hierarchical Multi-label Text Classification Toolkit."
180/5685,83/663,185486,"NeuralClassifier - An Open-source Neural Hierarchical Multi-label Text Classification Toolkit."
180/5685,245/9494,185486,"NeuralClassifier - An Open-source Neural Hierarchical Multi-label Text Classification Toolkit."
180/5685,245/9486,185486,"NeuralClassifier - An Open-source Neural Hierarchical Multi-label Text Classification Toolkit."
180/5685,82/6720,185486,"NeuralClassifier - An Open-source Neural Hierarchical Multi-label Text Classification Toolkit."
180/5685,23/6266,185486,"NeuralClassifier - An Open-source Neural Hierarchical Multi-label Text Classification Toolkit."
83/663,245/9494,185486,"NeuralClassifier - An Open-source Neural Hierarchical Multi-label Text Classification Toolkit."
83/663,245/9486,185486,"NeuralClassifier - An Open-source Neural Hierarchical Multi-label Text Classification Toolkit."
83/663,82/6720,185486,"NeuralClassifier - An Open-source Neural Hierarchical Multi-label Text Classification Toolkit."
83/663,23/6266,185486,"NeuralClassifier - An Open-source Neural Hierarchical Multi-label Text Classification Toolkit."
245/9494,245/9486,185486,"NeuralClassifier - An Open-source Neural Hierarchical Multi-label Text Classification Toolkit."
245/9494,82/6720,185486,"NeuralClassifier - An Open-source Neural Hierarchical Multi-label Text Classification Toolkit."
245/9494,23/6266,185486,"NeuralClassifier - An Open-source Neural Hierarchical Multi-label Text Classification Toolkit."
245/9486,82/6720,185486,"NeuralClassifier - An Open-source Neural Hierarchical Multi-label Text Classification Toolkit."
245/9486,23/6266,185486,"NeuralClassifier - An Open-source Neural Hierarchical Multi-label Text Classification Toolkit."
82/6720,23/6266,185486,"NeuralClassifier - An Open-source Neural Hierarchical Multi-label Text Classification Toolkit."
179/2615,19/3011,185850,"DIAG-NRE - A Neural Pattern Diagnosis Framework for Distantly Supervised Neural Relation Extraction."
179/2615,161/0001,185850,"DIAG-NRE - A Neural Pattern Diagnosis Framework for Distantly Supervised Neural Relation Extraction."
179/2615,230/3699,185850,"DIAG-NRE - A Neural Pattern Diagnosis Framework for Distantly Supervised Neural Relation Extraction."
179/2615,69/157,185850,"DIAG-NRE - A Neural Pattern Diagnosis Framework for Distantly Supervised Neural Relation Extraction."
179/2615,90/3799,185850,"DIAG-NRE - A Neural Pattern Diagnosis Framework for Distantly Supervised Neural Relation Extraction."
179/2615,53/3245-1,185850,"DIAG-NRE - A Neural Pattern Diagnosis Framework for Distantly Supervised Neural Relation Extraction."
179/2615,32/1213,185850,"DIAG-NRE - A Neural Pattern Diagnosis Framework for Distantly Supervised Neural Relation Extraction."
19/3011,161/0001,185850,"DIAG-NRE - A Neural Pattern Diagnosis Framework for Distantly Supervised Neural Relation Extraction."
19/3011,230/3699,185850,"DIAG-NRE - A Neural Pattern Diagnosis Framework for Distantly Supervised Neural Relation Extraction."
19/3011,69/157,185850,"DIAG-NRE - A Neural Pattern Diagnosis Framework for Distantly Supervised Neural Relation Extraction."
19/3011,90/3799,185850,"DIAG-NRE - A Neural Pattern Diagnosis Framework for Distantly Supervised Neural Relation Extraction."
19/3011,53/3245-1,185850,"DIAG-NRE - A Neural Pattern Diagnosis Framework for Distantly Supervised Neural Relation Extraction."
19/3011,32/1213,185850,"DIAG-NRE - A Neural Pattern Diagnosis Framework for Distantly Supervised Neural Relation Extraction."
161/0001,230/3699,185850,"DIAG-NRE - A Neural Pattern Diagnosis Framework for Distantly Supervised Neural Relation Extraction."
161/0001,69/157,185850,"DIAG-NRE - A Neural Pattern Diagnosis Framework for Distantly Supervised Neural Relation Extraction."
161/0001,90/3799,185850,"DIAG-NRE - A Neural Pattern Diagnosis Framework for Distantly Supervised Neural Relation Extraction."
161/0001,53/3245-1,185850,"DIAG-NRE - A Neural Pattern Diagnosis Framework for Distantly Supervised Neural Relation Extraction."
161/0001,32/1213,185850,"DIAG-NRE - A Neural Pattern Diagnosis Framework for Distantly Supervised Neural Relation Extraction."
230/3699,69/157,185850,"DIAG-NRE - A Neural Pattern Diagnosis Framework for Distantly Supervised Neural Relation Extraction."
230/3699,90/3799,185850,"DIAG-NRE - A Neural Pattern Diagnosis Framework for Distantly Supervised Neural Relation Extraction."
230/3699,53/3245-1,185850,"DIAG-NRE - A Neural Pattern Diagnosis Framework for Distantly Supervised Neural Relation Extraction."
230/3699,32/1213,185850,"DIAG-NRE - A Neural Pattern Diagnosis Framework for Distantly Supervised Neural Relation Extraction."
69/157,90/3799,185850,"DIAG-NRE - A Neural Pattern Diagnosis Framework for Distantly Supervised Neural Relation Extraction."
69/157,53/3245-1,185850,"DIAG-NRE - A Neural Pattern Diagnosis Framework for Distantly Supervised Neural Relation Extraction."
69/157,32/1213,185850,"DIAG-NRE - A Neural Pattern Diagnosis Framework for Distantly Supervised Neural Relation Extraction."
90/3799,53/3245-1,185850,"DIAG-NRE - A Neural Pattern Diagnosis Framework for Distantly Supervised Neural Relation Extraction."
90/3799,32/1213,185850,"DIAG-NRE - A Neural Pattern Diagnosis Framework for Distantly Supervised Neural Relation Extraction."
53/3245-1,32/1213,185850,"DIAG-NRE - A Neural Pattern Diagnosis Framework for Distantly Supervised Neural Relation Extraction."
183/7195,245/8138,187517,"Conversion of Synchronous Artificial Neural Network to Asynchronous Spiking Neural Network using sigma-delta quantization."
183/7195,194/7251,187517,"Conversion of Synchronous Artificial Neural Network to Asynchronous Spiking Neural Network using sigma-delta quantization."
183/7195,169/0834,187517,"Conversion of Synchronous Artificial Neural Network to Asynchronous Spiking Neural Network using sigma-delta quantization."
183/7195,200/0191,187517,"Conversion of Synchronous Artificial Neural Network to Asynchronous Spiking Neural Network using sigma-delta quantization."
183/7195,14/1270,187517,"Conversion of Synchronous Artificial Neural Network to Asynchronous Spiking Neural Network using sigma-delta quantization."
183/7195,78/1948,187517,"Conversion of Synchronous Artificial Neural Network to Asynchronous Spiking Neural Network using sigma-delta quantization."
183/7195,39/211,187517,"Conversion of Synchronous Artificial Neural Network to Asynchronous Spiking Neural Network using sigma-delta quantization."
183/7195,10/3654,187517,"Conversion of Synchronous Artificial Neural Network to Asynchronous Spiking Neural Network using sigma-delta quantization."
245/8138,194/7251,187517,"Conversion of Synchronous Artificial Neural Network to Asynchronous Spiking Neural Network using sigma-delta quantization."
245/8138,169/0834,187517,"Conversion of Synchronous Artificial Neural Network to Asynchronous Spiking Neural Network using sigma-delta quantization."
245/8138,200/0191,187517,"Conversion of Synchronous Artificial Neural Network to Asynchronous Spiking Neural Network using sigma-delta quantization."
245/8138,14/1270,187517,"Conversion of Synchronous Artificial Neural Network to Asynchronous Spiking Neural Network using sigma-delta quantization."
245/8138,78/1948,187517,"Conversion of Synchronous Artificial Neural Network to Asynchronous Spiking Neural Network using sigma-delta quantization."
245/8138,39/211,187517,"Conversion of Synchronous Artificial Neural Network to Asynchronous Spiking Neural Network using sigma-delta quantization."
245/8138,10/3654,187517,"Conversion of Synchronous Artificial Neural Network to Asynchronous Spiking Neural Network using sigma-delta quantization."
194/7251,169/0834,187517,"Conversion of Synchronous Artificial Neural Network to Asynchronous Spiking Neural Network using sigma-delta quantization."
194/7251,200/0191,187517,"Conversion of Synchronous Artificial Neural Network to Asynchronous Spiking Neural Network using sigma-delta quantization."
194/7251,14/1270,187517,"Conversion of Synchronous Artificial Neural Network to Asynchronous Spiking Neural Network using sigma-delta quantization."
194/7251,78/1948,187517,"Conversion of Synchronous Artificial Neural Network to Asynchronous Spiking Neural Network using sigma-delta quantization."
194/7251,39/211,187517,"Conversion of Synchronous Artificial Neural Network to Asynchronous Spiking Neural Network using sigma-delta quantization."
194/7251,10/3654,187517,"Conversion of Synchronous Artificial Neural Network to Asynchronous Spiking Neural Network using sigma-delta quantization."
169/0834,200/0191,187517,"Conversion of Synchronous Artificial Neural Network to Asynchronous Spiking Neural Network using sigma-delta quantization."
169/0834,14/1270,187517,"Conversion of Synchronous Artificial Neural Network to Asynchronous Spiking Neural Network using sigma-delta quantization."
169/0834,78/1948,187517,"Conversion of Synchronous Artificial Neural Network to Asynchronous Spiking Neural Network using sigma-delta quantization."
169/0834,39/211,187517,"Conversion of Synchronous Artificial Neural Network to Asynchronous Spiking Neural Network using sigma-delta quantization."
169/0834,10/3654,187517,"Conversion of Synchronous Artificial Neural Network to Asynchronous Spiking Neural Network using sigma-delta quantization."
200/0191,14/1270,187517,"Conversion of Synchronous Artificial Neural Network to Asynchronous Spiking Neural Network using sigma-delta quantization."
200/0191,78/1948,187517,"Conversion of Synchronous Artificial Neural Network to Asynchronous Spiking Neural Network using sigma-delta quantization."
200/0191,39/211,187517,"Conversion of Synchronous Artificial Neural Network to Asynchronous Spiking Neural Network using sigma-delta quantization."
200/0191,10/3654,187517,"Conversion of Synchronous Artificial Neural Network to Asynchronous Spiking Neural Network using sigma-delta quantization."
14/1270,78/1948,187517,"Conversion of Synchronous Artificial Neural Network to Asynchronous Spiking Neural Network using sigma-delta quantization."
14/1270,39/211,187517,"Conversion of Synchronous Artificial Neural Network to Asynchronous Spiking Neural Network using sigma-delta quantization."
14/1270,10/3654,187517,"Conversion of Synchronous Artificial Neural Network to Asynchronous Spiking Neural Network using sigma-delta quantization."
78/1948,39/211,187517,"Conversion of Synchronous Artificial Neural Network to Asynchronous Spiking Neural Network using sigma-delta quantization."
78/1948,10/3654,187517,"Conversion of Synchronous Artificial Neural Network to Asynchronous Spiking Neural Network using sigma-delta quantization."
39/211,10/3654,187517,"Conversion of Synchronous Artificial Neural Network to Asynchronous Spiking Neural Network using sigma-delta quantization."
86/8514,94/3104,193177,"Simulate-the-hardware - training accurate binarized neural networks for low-precision neural accelerators."
86/8514,124/4033,193177,"Simulate-the-hardware - training accurate binarized neural networks for low-precision neural accelerators."
86/8514,32/2695,193177,"Simulate-the-hardware - training accurate binarized neural networks for low-precision neural accelerators."
86/8514,37/5372-1,193177,"Simulate-the-hardware - training accurate binarized neural networks for low-precision neural accelerators."
94/3104,124/4033,193177,"Simulate-the-hardware - training accurate binarized neural networks for low-precision neural accelerators."
94/3104,32/2695,193177,"Simulate-the-hardware - training accurate binarized neural networks for low-precision neural accelerators."
94/3104,37/5372-1,193177,"Simulate-the-hardware - training accurate binarized neural networks for low-precision neural accelerators."
124/4033,32/2695,193177,"Simulate-the-hardware - training accurate binarized neural networks for low-precision neural accelerators."
124/4033,37/5372-1,193177,"Simulate-the-hardware - training accurate binarized neural networks for low-precision neural accelerators."
32/2695,37/5372-1,193177,"Simulate-the-hardware - training accurate binarized neural networks for low-precision neural accelerators."
184/6572,178/5589,193199,"NeuralHMC - an efficient HMC-based accelerator for deep neural networks."
184/6572,30/5330-1,193199,"NeuralHMC - an efficient HMC-based accelerator for deep neural networks."
184/6572,80/1641,193199,"NeuralHMC - an efficient HMC-based accelerator for deep neural networks."
178/5589,30/5330-1,193199,"NeuralHMC - an efficient HMC-based accelerator for deep neural networks."
178/5589,80/1641,193199,"NeuralHMC - an efficient HMC-based accelerator for deep neural networks."
30/5330-1,80/1641,193199,"NeuralHMC - an efficient HMC-based accelerator for deep neural networks."
168/9568,40/4905,201200,"Exponential stability of neural stochastic Hopfield neural networks with time varying delays."
249/7171,25/6438,206872,"Do Deep Neural Networks Model Nonlinear Compositionality in the Neural Representation of Human-Object Interactions?"
132/3195,213/5908,220914,"A Convolutional Neural Network-based Model of Neural Pathways in the Retina."
253/6139,229/6888,224974,"Automatic playlist generation using Convolutional Neural Networks and Recurrent Neural Networks."
253/6139,51/10816,224974,"Automatic playlist generation using Convolutional Neural Networks and Recurrent Neural Networks."
253/6139,137/2362,224974,"Automatic playlist generation using Convolutional Neural Networks and Recurrent Neural Networks."
253/6139,11/1386,224974,"Automatic playlist generation using Convolutional Neural Networks and Recurrent Neural Networks."
229/6888,51/10816,224974,"Automatic playlist generation using Convolutional Neural Networks and Recurrent Neural Networks."
229/6888,137/2362,224974,"Automatic playlist generation using Convolutional Neural Networks and Recurrent Neural Networks."
229/6888,11/1386,224974,"Automatic playlist generation using Convolutional Neural Networks and Recurrent Neural Networks."
51/10816,137/2362,224974,"Automatic playlist generation using Convolutional Neural Networks and Recurrent Neural Networks."
51/10816,11/1386,224974,"Automatic playlist generation using Convolutional Neural Networks and Recurrent Neural Networks."
137/2362,11/1386,224974,"Automatic playlist generation using Convolutional Neural Networks and Recurrent Neural Networks."
250/5559,229/0705,228126,"A Study on Solving the Inverse Kinematics of Serial Robots using Artificial Neural Network and Fuzzy Neural Network."
250/5559,32/3412,228126,"A Study on Solving the Inverse Kinematics of Serial Robots using Artificial Neural Network and Fuzzy Neural Network."
229/0705,32/3412,228126,"A Study on Solving the Inverse Kinematics of Serial Robots using Artificial Neural Network and Fuzzy Neural Network."
16/5223,70/3848,229072,"OINNIONN - outward inward neural network and inward outward neural network evolution."
16/5223,83/3374,229072,"OINNIONN - outward inward neural network and inward outward neural network evolution."
16/5223,c/DCurtis,229072,"OINNIONN - outward inward neural network and inward outward neural network evolution."
70/3848,83/3374,229072,"OINNIONN - outward inward neural network and inward outward neural network evolution."
70/3848,c/DCurtis,229072,"OINNIONN - outward inward neural network and inward outward neural network evolution."
83/3374,c/DCurtis,229072,"OINNIONN - outward inward neural network and inward outward neural network evolution."
248/5730,214/3598,237495,"Hilbert Vector Convolutional Neural Network - 2D Neural Network on 1D Data."
248/5730,14/1998,237495,"Hilbert Vector Convolutional Neural Network - 2D Neural Network on 1D Data."
214/3598,14/1998,237495,"Hilbert Vector Convolutional Neural Network - 2D Neural Network on 1D Data."
56/7393,167/2640,245990,"Neural Feature Search - A Neural Architecture for Automated Feature Engineering."
56/7393,59/803,245990,"Neural Feature Search - A Neural Architecture for Automated Feature Engineering."
56/7393,95/6985,245990,"Neural Feature Search - A Neural Architecture for Automated Feature Engineering."
56/7393,204/3594,245990,"Neural Feature Search - A Neural Architecture for Automated Feature Engineering."
56/7393,87/461,245990,"Neural Feature Search - A Neural Architecture for Automated Feature Engineering."
56/7393,120/0743,245990,"Neural Feature Search - A Neural Architecture for Automated Feature Engineering."
56/7393,98/10657,245990,"Neural Feature Search - A Neural Architecture for Automated Feature Engineering."
56/7393,09/4246,245990,"Neural Feature Search - A Neural Architecture for Automated Feature Engineering."
56/7393,29/2726-2,245990,"Neural Feature Search - A Neural Architecture for Automated Feature Engineering."
56/7393,07/4630,245990,"Neural Feature Search - A Neural Architecture for Automated Feature Engineering."
56/7393,47/10488,245990,"Neural Feature Search - A Neural Architecture for Automated Feature Engineering."
56/7393,167/3797,245990,"Neural Feature Search - A Neural Architecture for Automated Feature Engineering."
56/7393,98/5660,245990,"Neural Feature Search - A Neural Architecture for Automated Feature Engineering."
167/2640,59/803,245990,"Neural Feature Search - A Neural Architecture for Automated Feature Engineering."
167/2640,95/6985,245990,"Neural Feature Search - A Neural Architecture for Automated Feature Engineering."
167/2640,204/3594,245990,"Neural Feature Search - A Neural Architecture for Automated Feature Engineering."
167/2640,87/461,245990,"Neural Feature Search - A Neural Architecture for Automated Feature Engineering."
167/2640,120/0743,245990,"Neural Feature Search - A Neural Architecture for Automated Feature Engineering."
167/2640,98/10657,245990,"Neural Feature Search - A Neural Architecture for Automated Feature Engineering."
167/2640,09/4246,245990,"Neural Feature Search - A Neural Architecture for Automated Feature Engineering."
167/2640,29/2726-2,245990,"Neural Feature Search - A Neural Architecture for Automated Feature Engineering."
167/2640,07/4630,245990,"Neural Feature Search - A Neural Architecture for Automated Feature Engineering."
167/2640,47/10488,245990,"Neural Feature Search - A Neural Architecture for Automated Feature Engineering."
167/2640,167/3797,245990,"Neural Feature Search - A Neural Architecture for Automated Feature Engineering."
167/2640,98/5660,245990,"Neural Feature Search - A Neural Architecture for Automated Feature Engineering."
59/803,95/6985,245990,"Neural Feature Search - A Neural Architecture for Automated Feature Engineering."
59/803,204/3594,245990,"Neural Feature Search - A Neural Architecture for Automated Feature Engineering."
59/803,87/461,245990,"Neural Feature Search - A Neural Architecture for Automated Feature Engineering."
59/803,120/0743,245990,"Neural Feature Search - A Neural Architecture for Automated Feature Engineering."
59/803,98/10657,245990,"Neural Feature Search - A Neural Architecture for Automated Feature Engineering."
59/803,09/4246,245990,"Neural Feature Search - A Neural Architecture for Automated Feature Engineering."
59/803,29/2726-2,245990,"Neural Feature Search - A Neural Architecture for Automated Feature Engineering."
59/803,07/4630,245990,"Neural Feature Search - A Neural Architecture for Automated Feature Engineering."
59/803,47/10488,245990,"Neural Feature Search - A Neural Architecture for Automated Feature Engineering."
59/803,167/3797,245990,"Neural Feature Search - A Neural Architecture for Automated Feature Engineering."
59/803,98/5660,245990,"Neural Feature Search - A Neural Architecture for Automated Feature Engineering."
95/6985,204/3594,245990,"Neural Feature Search - A Neural Architecture for Automated Feature Engineering."
95/6985,87/461,245990,"Neural Feature Search - A Neural Architecture for Automated Feature Engineering."
95/6985,120/0743,245990,"Neural Feature Search - A Neural Architecture for Automated Feature Engineering."
95/6985,98/10657,245990,"Neural Feature Search - A Neural Architecture for Automated Feature Engineering."
95/6985,09/4246,245990,"Neural Feature Search - A Neural Architecture for Automated Feature Engineering."
95/6985,29/2726-2,245990,"Neural Feature Search - A Neural Architecture for Automated Feature Engineering."
95/6985,07/4630,245990,"Neural Feature Search - A Neural Architecture for Automated Feature Engineering."
95/6985,47/10488,245990,"Neural Feature Search - A Neural Architecture for Automated Feature Engineering."
95/6985,167/3797,245990,"Neural Feature Search - A Neural Architecture for Automated Feature Engineering."
95/6985,98/5660,245990,"Neural Feature Search - A Neural Architecture for Automated Feature Engineering."
204/3594,87/461,245990,"Neural Feature Search - A Neural Architecture for Automated Feature Engineering."
204/3594,120/0743,245990,"Neural Feature Search - A Neural Architecture for Automated Feature Engineering."
204/3594,98/10657,245990,"Neural Feature Search - A Neural Architecture for Automated Feature Engineering."
204/3594,09/4246,245990,"Neural Feature Search - A Neural Architecture for Automated Feature Engineering."
204/3594,29/2726-2,245990,"Neural Feature Search - A Neural Architecture for Automated Feature Engineering."
204/3594,07/4630,245990,"Neural Feature Search - A Neural Architecture for Automated Feature Engineering."
204/3594,47/10488,245990,"Neural Feature Search - A Neural Architecture for Automated Feature Engineering."
204/3594,167/3797,245990,"Neural Feature Search - A Neural Architecture for Automated Feature Engineering."
204/3594,98/5660,245990,"Neural Feature Search - A Neural Architecture for Automated Feature Engineering."
87/461,120/0743,245990,"Neural Feature Search - A Neural Architecture for Automated Feature Engineering."
87/461,98/10657,245990,"Neural Feature Search - A Neural Architecture for Automated Feature Engineering."
87/461,09/4246,245990,"Neural Feature Search - A Neural Architecture for Automated Feature Engineering."
87/461,29/2726-2,245990,"Neural Feature Search - A Neural Architecture for Automated Feature Engineering."
87/461,07/4630,245990,"Neural Feature Search - A Neural Architecture for Automated Feature Engineering."
87/461,47/10488,245990,"Neural Feature Search - A Neural Architecture for Automated Feature Engineering."
87/461,167/3797,245990,"Neural Feature Search - A Neural Architecture for Automated Feature Engineering."
87/461,98/5660,245990,"Neural Feature Search - A Neural Architecture for Automated Feature Engineering."
120/0743,98/10657,245990,"Neural Feature Search - A Neural Architecture for Automated Feature Engineering."
120/0743,09/4246,245990,"Neural Feature Search - A Neural Architecture for Automated Feature Engineering."
120/0743,29/2726-2,245990,"Neural Feature Search - A Neural Architecture for Automated Feature Engineering."
120/0743,07/4630,245990,"Neural Feature Search - A Neural Architecture for Automated Feature Engineering."
120/0743,47/10488,245990,"Neural Feature Search - A Neural Architecture for Automated Feature Engineering."
120/0743,167/3797,245990,"Neural Feature Search - A Neural Architecture for Automated Feature Engineering."
120/0743,98/5660,245990,"Neural Feature Search - A Neural Architecture for Automated Feature Engineering."
98/10657,09/4246,245990,"Neural Feature Search - A Neural Architecture for Automated Feature Engineering."
98/10657,29/2726-2,245990,"Neural Feature Search - A Neural Architecture for Automated Feature Engineering."
98/10657,07/4630,245990,"Neural Feature Search - A Neural Architecture for Automated Feature Engineering."
98/10657,47/10488,245990,"Neural Feature Search - A Neural Architecture for Automated Feature Engineering."
98/10657,167/3797,245990,"Neural Feature Search - A Neural Architecture for Automated Feature Engineering."
98/10657,98/5660,245990,"Neural Feature Search - A Neural Architecture for Automated Feature Engineering."
09/4246,29/2726-2,245990,"Neural Feature Search - A Neural Architecture for Automated Feature Engineering."
09/4246,07/4630,245990,"Neural Feature Search - A Neural Architecture for Automated Feature Engineering."
09/4246,47/10488,245990,"Neural Feature Search - A Neural Architecture for Automated Feature Engineering."
09/4246,167/3797,245990,"Neural Feature Search - A Neural Architecture for Automated Feature Engineering."
09/4246,98/5660,245990,"Neural Feature Search - A Neural Architecture for Automated Feature Engineering."
29/2726-2,07/4630,245990,"Neural Feature Search - A Neural Architecture for Automated Feature Engineering."
29/2726-2,47/10488,245990,"Neural Feature Search - A Neural Architecture for Automated Feature Engineering."
29/2726-2,167/3797,245990,"Neural Feature Search - A Neural Architecture for Automated Feature Engineering."
29/2726-2,98/5660,245990,"Neural Feature Search - A Neural Architecture for Automated Feature Engineering."
07/4630,47/10488,245990,"Neural Feature Search - A Neural Architecture for Automated Feature Engineering."
07/4630,167/3797,245990,"Neural Feature Search - A Neural Architecture for Automated Feature Engineering."
07/4630,98/5660,245990,"Neural Feature Search - A Neural Architecture for Automated Feature Engineering."
47/10488,167/3797,245990,"Neural Feature Search - A Neural Architecture for Automated Feature Engineering."
47/10488,98/5660,245990,"Neural Feature Search - A Neural Architecture for Automated Feature Engineering."
167/3797,98/5660,245990,"Neural Feature Search - A Neural Architecture for Automated Feature Engineering."
249/0276,142/0961,249037,"Enhancing Neural Network Prediction against Unknown Disturbances with Neural Network Disturbance Observer."
249/0276,81/7276,249037,"Enhancing Neural Network Prediction against Unknown Disturbances with Neural Network Disturbance Observer."
249/0276,74/2812,249037,"Enhancing Neural Network Prediction against Unknown Disturbances with Neural Network Disturbance Observer."
142/0961,81/7276,249037,"Enhancing Neural Network Prediction against Unknown Disturbances with Neural Network Disturbance Observer."
142/0961,74/2812,249037,"Enhancing Neural Network Prediction against Unknown Disturbances with Neural Network Disturbance Observer."
81/7276,74/2812,249037,"Enhancing Neural Network Prediction against Unknown Disturbances with Neural Network Disturbance Observer."
119/8860,213/6587,251868,"Neural Persistence - A Complexity Measure for Deep Neural Networks Using Algebraic Topology."
119/8860,168/7529,251868,"Neural Persistence - A Complexity Measure for Deep Neural Networks Using Algebraic Topology."
119/8860,222/4286,251868,"Neural Persistence - A Complexity Measure for Deep Neural Networks Using Algebraic Topology."
119/8860,40/6275,251868,"Neural Persistence - A Complexity Measure for Deep Neural Networks Using Algebraic Topology."
119/8860,211/2840,251868,"Neural Persistence - A Complexity Measure for Deep Neural Networks Using Algebraic Topology."
119/8860,11/3733,251868,"Neural Persistence - A Complexity Measure for Deep Neural Networks Using Algebraic Topology."
213/6587,168/7529,251868,"Neural Persistence - A Complexity Measure for Deep Neural Networks Using Algebraic Topology."
213/6587,222/4286,251868,"Neural Persistence - A Complexity Measure for Deep Neural Networks Using Algebraic Topology."
213/6587,40/6275,251868,"Neural Persistence - A Complexity Measure for Deep Neural Networks Using Algebraic Topology."
213/6587,211/2840,251868,"Neural Persistence - A Complexity Measure for Deep Neural Networks Using Algebraic Topology."
213/6587,11/3733,251868,"Neural Persistence - A Complexity Measure for Deep Neural Networks Using Algebraic Topology."
168/7529,222/4286,251868,"Neural Persistence - A Complexity Measure for Deep Neural Networks Using Algebraic Topology."
168/7529,40/6275,251868,"Neural Persistence - A Complexity Measure for Deep Neural Networks Using Algebraic Topology."
168/7529,211/2840,251868,"Neural Persistence - A Complexity Measure for Deep Neural Networks Using Algebraic Topology."
168/7529,11/3733,251868,"Neural Persistence - A Complexity Measure for Deep Neural Networks Using Algebraic Topology."
222/4286,40/6275,251868,"Neural Persistence - A Complexity Measure for Deep Neural Networks Using Algebraic Topology."
222/4286,211/2840,251868,"Neural Persistence - A Complexity Measure for Deep Neural Networks Using Algebraic Topology."
222/4286,11/3733,251868,"Neural Persistence - A Complexity Measure for Deep Neural Networks Using Algebraic Topology."
40/6275,211/2840,251868,"Neural Persistence - A Complexity Measure for Deep Neural Networks Using Algebraic Topology."
40/6275,11/3733,251868,"Neural Persistence - A Complexity Measure for Deep Neural Networks Using Algebraic Topology."
211/2840,11/3733,251868,"Neural Persistence - A Complexity Measure for Deep Neural Networks Using Algebraic Topology."
151/5692,38/4446,262294,"Comparison of Neural Network Optimizers for Relative Ranking Retention Between Neural Architectures."
04/8328,249/8434,267432,"Decoding Neural Responses in Mouse Visual Cortex through a Deep Neural Network."
04/8328,202/8041,267432,"Decoding Neural Responses in Mouse Visual Cortex through a Deep Neural Network."
04/8328,249/8120,267432,"Decoding Neural Responses in Mouse Visual Cortex through a Deep Neural Network."
249/8434,202/8041,267432,"Decoding Neural Responses in Mouse Visual Cortex through a Deep Neural Network."
249/8434,249/8120,267432,"Decoding Neural Responses in Mouse Visual Cortex through a Deep Neural Network."
202/8041,249/8120,267432,"Decoding Neural Responses in Mouse Visual Cortex through a Deep Neural Network."
66/11298,51/2854,269058,"NeuralWalk - Trust Assessment in Online Social Networks with Neural Networks."
66/11298,47/3749-3,269058,"NeuralWalk - Trust Assessment in Online Social Networks with Neural Networks."
51/2854,47/3749-3,269058,"NeuralWalk - Trust Assessment in Online Social Networks with Neural Networks."
242/2083,22/6496,281296,"Combining Very Deep Convolutional Neural Networks and Recurrent Neural Networks for Video Classification."
242/2083,178/0150,281296,"Combining Very Deep Convolutional Neural Networks and Recurrent Neural Networks for Video Classification."
22/6496,178/0150,281296,"Combining Very Deep Convolutional Neural Networks and Recurrent Neural Networks for Video Classification."
01/6368,10/1788,281909,"Wireless Neural Network - Enabling Neural Computing over Wireless Sensor Network Based on Superposition Transmissions."
01/6368,205/9908,281909,"Wireless Neural Network - Enabling Neural Computing over Wireless Sensor Network Based on Superposition Transmissions."
01/6368,11/3238,281909,"Wireless Neural Network - Enabling Neural Computing over Wireless Sensor Network Based on Superposition Transmissions."
10/1788,205/9908,281909,"Wireless Neural Network - Enabling Neural Computing over Wireless Sensor Network Based on Superposition Transmissions."
10/1788,11/3238,281909,"Wireless Neural Network - Enabling Neural Computing over Wireless Sensor Network Based on Superposition Transmissions."
205/9908,11/3238,281909,"Wireless Neural Network - Enabling Neural Computing over Wireless Sensor Network Based on Superposition Transmissions."
84/9736,84/9736,282131,"An Experimental Study on the Relationships Among Neural Codes and the Computational Properties of Neural Networks."
235/0082,23/8309,292814,"A Comparison of Artificial Neural Network(ANN) and Support Vector Machine(SVM) Classifiers for Neural Seizure Detection."
235/0082,07/3956,292814,"A Comparison of Artificial Neural Network(ANN) and Support Vector Machine(SVM) Classifiers for Neural Seizure Detection."
235/0082,22/2322,292814,"A Comparison of Artificial Neural Network(ANN) and Support Vector Machine(SVM) Classifiers for Neural Seizure Detection."
23/8309,07/3956,292814,"A Comparison of Artificial Neural Network(ANN) and Support Vector Machine(SVM) Classifiers for Neural Seizure Detection."
23/8309,22/2322,292814,"A Comparison of Artificial Neural Network(ANN) and Support Vector Machine(SVM) Classifiers for Neural Seizure Detection."
07/3956,22/2322,292814,"A Comparison of Artificial Neural Network(ANN) and Support Vector Machine(SVM) Classifiers for Neural Seizure Detection."
195/8150,99/3914,293285,"Improving Neural Machine Translation with Neural Syntactic Distance."
195/8150,76/5745,293285,"Improving Neural Machine Translation with Neural Syntactic Distance."
195/8150,95/5465,293285,"Improving Neural Machine Translation with Neural Syntactic Distance."
195/8150,35/1787,293285,"Improving Neural Machine Translation with Neural Syntactic Distance."
99/3914,76/5745,293285,"Improving Neural Machine Translation with Neural Syntactic Distance."
99/3914,95/5465,293285,"Improving Neural Machine Translation with Neural Syntactic Distance."
99/3914,35/1787,293285,"Improving Neural Machine Translation with Neural Syntactic Distance."
76/5745,95/5465,293285,"Improving Neural Machine Translation with Neural Syntactic Distance."
76/5745,35/1787,293285,"Improving Neural Machine Translation with Neural Syntactic Distance."
95/5465,35/1787,293285,"Improving Neural Machine Translation with Neural Syntactic Distance."
144/4532,241/3405,294213,"NeuralCLIP - A Modular FPGA-Based Neural Interface for Closed-Loop Operation."
144/4532,241/3541,294213,"NeuralCLIP - A Modular FPGA-Based Neural Interface for Closed-Loop Operation."
144/4532,241/3446,294213,"NeuralCLIP - A Modular FPGA-Based Neural Interface for Closed-Loop Operation."
144/4532,154/1562,294213,"NeuralCLIP - A Modular FPGA-Based Neural Interface for Closed-Loop Operation."
144/4532,26/10909,294213,"NeuralCLIP - A Modular FPGA-Based Neural Interface for Closed-Loop Operation."
144/4532,s/JoshuaRSmith,294213,"NeuralCLIP - A Modular FPGA-Based Neural Interface for Closed-Loop Operation."
241/3405,241/3541,294213,"NeuralCLIP - A Modular FPGA-Based Neural Interface for Closed-Loop Operation."
241/3405,241/3446,294213,"NeuralCLIP - A Modular FPGA-Based Neural Interface for Closed-Loop Operation."
241/3405,154/1562,294213,"NeuralCLIP - A Modular FPGA-Based Neural Interface for Closed-Loop Operation."
241/3405,26/10909,294213,"NeuralCLIP - A Modular FPGA-Based Neural Interface for Closed-Loop Operation."
241/3405,s/JoshuaRSmith,294213,"NeuralCLIP - A Modular FPGA-Based Neural Interface for Closed-Loop Operation."
241/3541,241/3446,294213,"NeuralCLIP - A Modular FPGA-Based Neural Interface for Closed-Loop Operation."
241/3541,154/1562,294213,"NeuralCLIP - A Modular FPGA-Based Neural Interface for Closed-Loop Operation."
241/3541,26/10909,294213,"NeuralCLIP - A Modular FPGA-Based Neural Interface for Closed-Loop Operation."
241/3541,s/JoshuaRSmith,294213,"NeuralCLIP - A Modular FPGA-Based Neural Interface for Closed-Loop Operation."
241/3446,154/1562,294213,"NeuralCLIP - A Modular FPGA-Based Neural Interface for Closed-Loop Operation."
241/3446,26/10909,294213,"NeuralCLIP - A Modular FPGA-Based Neural Interface for Closed-Loop Operation."
241/3446,s/JoshuaRSmith,294213,"NeuralCLIP - A Modular FPGA-Based Neural Interface for Closed-Loop Operation."
154/1562,26/10909,294213,"NeuralCLIP - A Modular FPGA-Based Neural Interface for Closed-Loop Operation."
154/1562,s/JoshuaRSmith,294213,"NeuralCLIP - A Modular FPGA-Based Neural Interface for Closed-Loop Operation."
26/10909,s/JoshuaRSmith,294213,"NeuralCLIP - A Modular FPGA-Based Neural Interface for Closed-Loop Operation."
229/0171,133/3958,294251,"Hardware Complexity Analysis of Deep Neural Networks and Decision Tree Ensembles for Real-time Neural Data Classification."
176/5602,224/0057,295081,"Graph Neural Tangent Kernel - Fusing Graph Neural Networks with Graph Kernels."
176/5602,62/5884,295081,"Graph Neural Tangent Kernel - Fusing Graph Neural Networks with Graph Kernels."
176/5602,15/4829,295081,"Graph Neural Tangent Kernel - Fusing Graph Neural Networks with Graph Kernels."
176/5602,183/6164,295081,"Graph Neural Tangent Kernel - Fusing Graph Neural Networks with Graph Kernels."
176/5602,177/6079,295081,"Graph Neural Tangent Kernel - Fusing Graph Neural Networks with Graph Kernels."
224/0057,62/5884,295081,"Graph Neural Tangent Kernel - Fusing Graph Neural Networks with Graph Kernels."
224/0057,15/4829,295081,"Graph Neural Tangent Kernel - Fusing Graph Neural Networks with Graph Kernels."
224/0057,183/6164,295081,"Graph Neural Tangent Kernel - Fusing Graph Neural Networks with Graph Kernels."
224/0057,177/6079,295081,"Graph Neural Tangent Kernel - Fusing Graph Neural Networks with Graph Kernels."
62/5884,15/4829,295081,"Graph Neural Tangent Kernel - Fusing Graph Neural Networks with Graph Kernels."
62/5884,183/6164,295081,"Graph Neural Tangent Kernel - Fusing Graph Neural Networks with Graph Kernels."
62/5884,177/6079,295081,"Graph Neural Tangent Kernel - Fusing Graph Neural Networks with Graph Kernels."
15/4829,183/6164,295081,"Graph Neural Tangent Kernel - Fusing Graph Neural Networks with Graph Kernels."
15/4829,177/6079,295081,"Graph Neural Tangent Kernel - Fusing Graph Neural Networks with Graph Kernels."
183/6164,177/6079,295081,"Graph Neural Tangent Kernel - Fusing Graph Neural Networks with Graph Kernels."
171/7901,19/6441,295211,"Deep Multi-State Dynamic Recurrent Neural Networks Operating on Wavelet Based Neural Features for Robust Brain Machine Interfaces."
171/7901,149/4653,295211,"Deep Multi-State Dynamic Recurrent Neural Networks Operating on Wavelet Based Neural Features for Robust Brain Machine Interfaces."
171/7901,255/6988,295211,"Deep Multi-State Dynamic Recurrent Neural Networks Operating on Wavelet Based Neural Features for Robust Brain Machine Interfaces."
171/7901,173/5257,295211,"Deep Multi-State Dynamic Recurrent Neural Networks Operating on Wavelet Based Neural Features for Robust Brain Machine Interfaces."
171/7901,162/5454,295211,"Deep Multi-State Dynamic Recurrent Neural Networks Operating on Wavelet Based Neural Features for Robust Brain Machine Interfaces."
171/7901,250/7037,295211,"Deep Multi-State Dynamic Recurrent Neural Networks Operating on Wavelet Based Neural Features for Robust Brain Machine Interfaces."
171/7901,91/4301,295211,"Deep Multi-State Dynamic Recurrent Neural Networks Operating on Wavelet Based Neural Features for Robust Brain Machine Interfaces."
171/7901,47/6268,295211,"Deep Multi-State Dynamic Recurrent Neural Networks Operating on Wavelet Based Neural Features for Robust Brain Machine Interfaces."
171/7901,31/1494,295211,"Deep Multi-State Dynamic Recurrent Neural Networks Operating on Wavelet Based Neural Features for Robust Brain Machine Interfaces."
19/6441,149/4653,295211,"Deep Multi-State Dynamic Recurrent Neural Networks Operating on Wavelet Based Neural Features for Robust Brain Machine Interfaces."
19/6441,255/6988,295211,"Deep Multi-State Dynamic Recurrent Neural Networks Operating on Wavelet Based Neural Features for Robust Brain Machine Interfaces."
19/6441,173/5257,295211,"Deep Multi-State Dynamic Recurrent Neural Networks Operating on Wavelet Based Neural Features for Robust Brain Machine Interfaces."
19/6441,162/5454,295211,"Deep Multi-State Dynamic Recurrent Neural Networks Operating on Wavelet Based Neural Features for Robust Brain Machine Interfaces."
19/6441,250/7037,295211,"Deep Multi-State Dynamic Recurrent Neural Networks Operating on Wavelet Based Neural Features for Robust Brain Machine Interfaces."
19/6441,91/4301,295211,"Deep Multi-State Dynamic Recurrent Neural Networks Operating on Wavelet Based Neural Features for Robust Brain Machine Interfaces."
19/6441,47/6268,295211,"Deep Multi-State Dynamic Recurrent Neural Networks Operating on Wavelet Based Neural Features for Robust Brain Machine Interfaces."
19/6441,31/1494,295211,"Deep Multi-State Dynamic Recurrent Neural Networks Operating on Wavelet Based Neural Features for Robust Brain Machine Interfaces."
149/4653,255/6988,295211,"Deep Multi-State Dynamic Recurrent Neural Networks Operating on Wavelet Based Neural Features for Robust Brain Machine Interfaces."
149/4653,173/5257,295211,"Deep Multi-State Dynamic Recurrent Neural Networks Operating on Wavelet Based Neural Features for Robust Brain Machine Interfaces."
149/4653,162/5454,295211,"Deep Multi-State Dynamic Recurrent Neural Networks Operating on Wavelet Based Neural Features for Robust Brain Machine Interfaces."
149/4653,250/7037,295211,"Deep Multi-State Dynamic Recurrent Neural Networks Operating on Wavelet Based Neural Features for Robust Brain Machine Interfaces."
149/4653,91/4301,295211,"Deep Multi-State Dynamic Recurrent Neural Networks Operating on Wavelet Based Neural Features for Robust Brain Machine Interfaces."
149/4653,47/6268,295211,"Deep Multi-State Dynamic Recurrent Neural Networks Operating on Wavelet Based Neural Features for Robust Brain Machine Interfaces."
149/4653,31/1494,295211,"Deep Multi-State Dynamic Recurrent Neural Networks Operating on Wavelet Based Neural Features for Robust Brain Machine Interfaces."
255/6988,173/5257,295211,"Deep Multi-State Dynamic Recurrent Neural Networks Operating on Wavelet Based Neural Features for Robust Brain Machine Interfaces."
255/6988,162/5454,295211,"Deep Multi-State Dynamic Recurrent Neural Networks Operating on Wavelet Based Neural Features for Robust Brain Machine Interfaces."
255/6988,250/7037,295211,"Deep Multi-State Dynamic Recurrent Neural Networks Operating on Wavelet Based Neural Features for Robust Brain Machine Interfaces."
255/6988,91/4301,295211,"Deep Multi-State Dynamic Recurrent Neural Networks Operating on Wavelet Based Neural Features for Robust Brain Machine Interfaces."
255/6988,47/6268,295211,"Deep Multi-State Dynamic Recurrent Neural Networks Operating on Wavelet Based Neural Features for Robust Brain Machine Interfaces."
255/6988,31/1494,295211,"Deep Multi-State Dynamic Recurrent Neural Networks Operating on Wavelet Based Neural Features for Robust Brain Machine Interfaces."
173/5257,162/5454,295211,"Deep Multi-State Dynamic Recurrent Neural Networks Operating on Wavelet Based Neural Features for Robust Brain Machine Interfaces."
173/5257,250/7037,295211,"Deep Multi-State Dynamic Recurrent Neural Networks Operating on Wavelet Based Neural Features for Robust Brain Machine Interfaces."
173/5257,91/4301,295211,"Deep Multi-State Dynamic Recurrent Neural Networks Operating on Wavelet Based Neural Features for Robust Brain Machine Interfaces."
173/5257,47/6268,295211,"Deep Multi-State Dynamic Recurrent Neural Networks Operating on Wavelet Based Neural Features for Robust Brain Machine Interfaces."
173/5257,31/1494,295211,"Deep Multi-State Dynamic Recurrent Neural Networks Operating on Wavelet Based Neural Features for Robust Brain Machine Interfaces."
162/5454,250/7037,295211,"Deep Multi-State Dynamic Recurrent Neural Networks Operating on Wavelet Based Neural Features for Robust Brain Machine Interfaces."
162/5454,91/4301,295211,"Deep Multi-State Dynamic Recurrent Neural Networks Operating on Wavelet Based Neural Features for Robust Brain Machine Interfaces."
162/5454,47/6268,295211,"Deep Multi-State Dynamic Recurrent Neural Networks Operating on Wavelet Based Neural Features for Robust Brain Machine Interfaces."
162/5454,31/1494,295211,"Deep Multi-State Dynamic Recurrent Neural Networks Operating on Wavelet Based Neural Features for Robust Brain Machine Interfaces."
250/7037,91/4301,295211,"Deep Multi-State Dynamic Recurrent Neural Networks Operating on Wavelet Based Neural Features for Robust Brain Machine Interfaces."
250/7037,47/6268,295211,"Deep Multi-State Dynamic Recurrent Neural Networks Operating on Wavelet Based Neural Features for Robust Brain Machine Interfaces."
250/7037,31/1494,295211,"Deep Multi-State Dynamic Recurrent Neural Networks Operating on Wavelet Based Neural Features for Robust Brain Machine Interfaces."
91/4301,47/6268,295211,"Deep Multi-State Dynamic Recurrent Neural Networks Operating on Wavelet Based Neural Features for Robust Brain Machine Interfaces."
91/4301,31/1494,295211,"Deep Multi-State Dynamic Recurrent Neural Networks Operating on Wavelet Based Neural Features for Robust Brain Machine Interfaces."
47/6268,31/1494,295211,"Deep Multi-State Dynamic Recurrent Neural Networks Operating on Wavelet Based Neural Features for Robust Brain Machine Interfaces."
184/2008,186/0313,301920,"Performance comparison of neural and non-neural approaches to session-based recommendation."
184/2008,248/8627,301920,"Performance comparison of neural and non-neural approaches to session-based recommendation."
184/2008,j/DietmarJannach,301920,"Performance comparison of neural and non-neural approaches to session-based recommendation."
186/0313,248/8627,301920,"Performance comparison of neural and non-neural approaches to session-based recommendation."
186/0313,j/DietmarJannach,301920,"Performance comparison of neural and non-neural approaches to session-based recommendation."
248/8627,j/DietmarJannach,301920,"Performance comparison of neural and non-neural approaches to session-based recommendation."
03/1094,160/8097,309238,"Critically Examining the "Neural Hype" - Weak Baselines and the Additivity of Effectiveness Gains from Neural Ranking Models."
03/1094,71/9062,309238,"Critically Examining the "Neural Hype" - Weak Baselines and the Additivity of Effectiveness Gains from Neural Ranking Models."
03/1094,00/7739,309238,"Critically Examining the "Neural Hype" - Weak Baselines and the Additivity of Effectiveness Gains from Neural Ranking Models."
160/8097,71/9062,309238,"Critically Examining the "Neural Hype" - Weak Baselines and the Additivity of Effectiveness Gains from Neural Ranking Models."
160/8097,00/7739,309238,"Critically Examining the "Neural Hype" - Weak Baselines and the Additivity of Effectiveness Gains from Neural Ranking Models."
71/9062,00/7739,309238,"Critically Examining the "Neural Hype" - Weak Baselines and the Additivity of Effectiveness Gains from Neural Ranking Models."
200/0044,202/0555,311321,"Design and Implementation of an Object Learning System for Service Robots by using Random Forest, Convolutional Neural Network, and Gated Recurrent Neural Network."
200/0044,55/1363,311321,"Design and Implementation of an Object Learning System for Service Robots by using Random Forest, Convolutional Neural Network, and Gated Recurrent Neural Network."
200/0044,199/9778,311321,"Design and Implementation of an Object Learning System for Service Robots by using Random Forest, Convolutional Neural Network, and Gated Recurrent Neural Network."
200/0044,133/4832,311321,"Design and Implementation of an Object Learning System for Service Robots by using Random Forest, Convolutional Neural Network, and Gated Recurrent Neural Network."
200/0044,48/9167,311321,"Design and Implementation of an Object Learning System for Service Robots by using Random Forest, Convolutional Neural Network, and Gated Recurrent Neural Network."
200/0044,10/7033,311321,"Design and Implementation of an Object Learning System for Service Robots by using Random Forest, Convolutional Neural Network, and Gated Recurrent Neural Network."
202/0555,55/1363,311321,"Design and Implementation of an Object Learning System for Service Robots by using Random Forest, Convolutional Neural Network, and Gated Recurrent Neural Network."
202/0555,199/9778,311321,"Design and Implementation of an Object Learning System for Service Robots by using Random Forest, Convolutional Neural Network, and Gated Recurrent Neural Network."
202/0555,133/4832,311321,"Design and Implementation of an Object Learning System for Service Robots by using Random Forest, Convolutional Neural Network, and Gated Recurrent Neural Network."
202/0555,48/9167,311321,"Design and Implementation of an Object Learning System for Service Robots by using Random Forest, Convolutional Neural Network, and Gated Recurrent Neural Network."
202/0555,10/7033,311321,"Design and Implementation of an Object Learning System for Service Robots by using Random Forest, Convolutional Neural Network, and Gated Recurrent Neural Network."
55/1363,199/9778,311321,"Design and Implementation of an Object Learning System for Service Robots by using Random Forest, Convolutional Neural Network, and Gated Recurrent Neural Network."
55/1363,133/4832,311321,"Design and Implementation of an Object Learning System for Service Robots by using Random Forest, Convolutional Neural Network, and Gated Recurrent Neural Network."
55/1363,48/9167,311321,"Design and Implementation of an Object Learning System for Service Robots by using Random Forest, Convolutional Neural Network, and Gated Recurrent Neural Network."
55/1363,10/7033,311321,"Design and Implementation of an Object Learning System for Service Robots by using Random Forest, Convolutional Neural Network, and Gated Recurrent Neural Network."
199/9778,133/4832,311321,"Design and Implementation of an Object Learning System for Service Robots by using Random Forest, Convolutional Neural Network, and Gated Recurrent Neural Network."
199/9778,48/9167,311321,"Design and Implementation of an Object Learning System for Service Robots by using Random Forest, Convolutional Neural Network, and Gated Recurrent Neural Network."
199/9778,10/7033,311321,"Design and Implementation of an Object Learning System for Service Robots by using Random Forest, Convolutional Neural Network, and Gated Recurrent Neural Network."
133/4832,48/9167,311321,"Design and Implementation of an Object Learning System for Service Robots by using Random Forest, Convolutional Neural Network, and Gated Recurrent Neural Network."
133/4832,10/7033,311321,"Design and Implementation of an Object Learning System for Service Robots by using Random Forest, Convolutional Neural Network, and Gated Recurrent Neural Network."
48/9167,10/7033,311321,"Design and Implementation of an Object Learning System for Service Robots by using Random Forest, Convolutional Neural Network, and Gated Recurrent Neural Network."
252/4444,243/7293,312644,"Comparison of Bat Neural Networks and Bat Optimisation Neural Networks for Rainfall Forecasting - Case Study for Kuching City."
252/4444,91/2951,312644,"Comparison of Bat Neural Networks and Bat Optimisation Neural Networks for Rainfall Forecasting - Case Study for Kuching City."
243/7293,91/2951,312644,"Comparison of Bat Neural Networks and Bat Optimisation Neural Networks for Rainfall Forecasting - Case Study for Kuching City."
147/5236,186/1486,312934,"Neural Cleanse - Identifying and Mitigating Backdoor Attacks in Neural Networks."
147/5236,217/9308,312934,"Neural Cleanse - Identifying and Mitigating Backdoor Attacks in Neural Networks."
147/5236,23/4315,312934,"Neural Cleanse - Identifying and Mitigating Backdoor Attacks in Neural Networks."
147/5236,24/604,312934,"Neural Cleanse - Identifying and Mitigating Backdoor Attacks in Neural Networks."
147/5236,43/4261,312934,"Neural Cleanse - Identifying and Mitigating Backdoor Attacks in Neural Networks."
147/5236,z/BenYZhao,312934,"Neural Cleanse - Identifying and Mitigating Backdoor Attacks in Neural Networks."
186/1486,217/9308,312934,"Neural Cleanse - Identifying and Mitigating Backdoor Attacks in Neural Networks."
186/1486,23/4315,312934,"Neural Cleanse - Identifying and Mitigating Backdoor Attacks in Neural Networks."
186/1486,24/604,312934,"Neural Cleanse - Identifying and Mitigating Backdoor Attacks in Neural Networks."
186/1486,43/4261,312934,"Neural Cleanse - Identifying and Mitigating Backdoor Attacks in Neural Networks."
186/1486,z/BenYZhao,312934,"Neural Cleanse - Identifying and Mitigating Backdoor Attacks in Neural Networks."
217/9308,23/4315,312934,"Neural Cleanse - Identifying and Mitigating Backdoor Attacks in Neural Networks."
217/9308,24/604,312934,"Neural Cleanse - Identifying and Mitigating Backdoor Attacks in Neural Networks."
217/9308,43/4261,312934,"Neural Cleanse - Identifying and Mitigating Backdoor Attacks in Neural Networks."
217/9308,z/BenYZhao,312934,"Neural Cleanse - Identifying and Mitigating Backdoor Attacks in Neural Networks."
23/4315,24/604,312934,"Neural Cleanse - Identifying and Mitigating Backdoor Attacks in Neural Networks."
23/4315,43/4261,312934,"Neural Cleanse - Identifying and Mitigating Backdoor Attacks in Neural Networks."
23/4315,z/BenYZhao,312934,"Neural Cleanse - Identifying and Mitigating Backdoor Attacks in Neural Networks."
24/604,43/4261,312934,"Neural Cleanse - Identifying and Mitigating Backdoor Attacks in Neural Networks."
24/604,z/BenYZhao,312934,"Neural Cleanse - Identifying and Mitigating Backdoor Attacks in Neural Networks."
43/4261,z/BenYZhao,312934,"Neural Cleanse - Identifying and Mitigating Backdoor Attacks in Neural Networks."
171/7773,15/9453,316994,"Neural Dynamics Discovery via Gaussian Process Recurrent Neural Networks."
72/11385,88/5605,318904,"SNAP - A 1.67 - 21.55TOPS/W Sparse Neural Acceleration Processor for Unstructured Sparse Deep Neural Network Inference in 16nm CMOS."
72/11385,35/8314,318904,"SNAP - A 1.67 - 21.55TOPS/W Sparse Neural Acceleration Processor for Unstructured Sparse Deep Neural Network Inference in 16nm CMOS."
72/11385,133/9941,318904,"SNAP - A 1.67 - 21.55TOPS/W Sparse Neural Acceleration Processor for Unstructured Sparse Deep Neural Network Inference in 16nm CMOS."
72/11385,k/StephenWKeckler,318904,"SNAP - A 1.67 - 21.55TOPS/W Sparse Neural Acceleration Processor for Unstructured Sparse Deep Neural Network Inference in 16nm CMOS."
72/11385,17/5332,318904,"SNAP - A 1.67 - 21.55TOPS/W Sparse Neural Acceleration Processor for Unstructured Sparse Deep Neural Network Inference in 16nm CMOS."
88/5605,35/8314,318904,"SNAP - A 1.67 - 21.55TOPS/W Sparse Neural Acceleration Processor for Unstructured Sparse Deep Neural Network Inference in 16nm CMOS."
88/5605,133/9941,318904,"SNAP - A 1.67 - 21.55TOPS/W Sparse Neural Acceleration Processor for Unstructured Sparse Deep Neural Network Inference in 16nm CMOS."
88/5605,k/StephenWKeckler,318904,"SNAP - A 1.67 - 21.55TOPS/W Sparse Neural Acceleration Processor for Unstructured Sparse Deep Neural Network Inference in 16nm CMOS."
88/5605,17/5332,318904,"SNAP - A 1.67 - 21.55TOPS/W Sparse Neural Acceleration Processor for Unstructured Sparse Deep Neural Network Inference in 16nm CMOS."
35/8314,133/9941,318904,"SNAP - A 1.67 - 21.55TOPS/W Sparse Neural Acceleration Processor for Unstructured Sparse Deep Neural Network Inference in 16nm CMOS."
35/8314,k/StephenWKeckler,318904,"SNAP - A 1.67 - 21.55TOPS/W Sparse Neural Acceleration Processor for Unstructured Sparse Deep Neural Network Inference in 16nm CMOS."
35/8314,17/5332,318904,"SNAP - A 1.67 - 21.55TOPS/W Sparse Neural Acceleration Processor for Unstructured Sparse Deep Neural Network Inference in 16nm CMOS."
133/9941,k/StephenWKeckler,318904,"SNAP - A 1.67 - 21.55TOPS/W Sparse Neural Acceleration Processor for Unstructured Sparse Deep Neural Network Inference in 16nm CMOS."
133/9941,17/5332,318904,"SNAP - A 1.67 - 21.55TOPS/W Sparse Neural Acceleration Processor for Unstructured Sparse Deep Neural Network Inference in 16nm CMOS."
k/StephenWKeckler,17/5332,318904,"SNAP - A 1.67 - 21.55TOPS/W Sparse Neural Acceleration Processor for Unstructured Sparse Deep Neural Network Inference in 16nm CMOS."
185/6840,78/6574-1,326776,"Pancreas Segmentation in CT and MRI via Task-Specific Network Design and Recurrent Neural Contextual Learning."
185/6840,03/10932,326776,"Pancreas Segmentation in CT and MRI via Task-Specific Network Design and Recurrent Neural Contextual Learning."
185/6840,20/2970-2,326776,"Pancreas Segmentation in CT and MRI via Task-Specific Network Design and Recurrent Neural Contextual Learning."
78/6574-1,03/10932,326776,"Pancreas Segmentation in CT and MRI via Task-Specific Network Design and Recurrent Neural Contextual Learning."
78/6574-1,20/2970-2,326776,"Pancreas Segmentation in CT and MRI via Task-Specific Network Design and Recurrent Neural Contextual Learning."
03/10932,20/2970-2,326776,"Pancreas Segmentation in CT and MRI via Task-Specific Network Design and Recurrent Neural Contextual Learning."
39/9577,249/4260,327481,"Deep Spatial-Temporal Convolutional Neural Networks for Medical Image Restoration."
39/9577,21/6121,327481,"Deep Spatial-Temporal Convolutional Neural Networks for Medical Image Restoration."
39/9577,249/4329,327481,"Deep Spatial-Temporal Convolutional Neural Networks for Medical Image Restoration."
39/9577,117/0348,327481,"Deep Spatial-Temporal Convolutional Neural Networks for Medical Image Restoration."
39/9577,80/2430,327481,"Deep Spatial-Temporal Convolutional Neural Networks for Medical Image Restoration."
39/9577,249/4388,327481,"Deep Spatial-Temporal Convolutional Neural Networks for Medical Image Restoration."
39/9577,80/8845,327481,"Deep Spatial-Temporal Convolutional Neural Networks for Medical Image Restoration."
249/4260,21/6121,327481,"Deep Spatial-Temporal Convolutional Neural Networks for Medical Image Restoration."
249/4260,249/4329,327481,"Deep Spatial-Temporal Convolutional Neural Networks for Medical Image Restoration."
249/4260,117/0348,327481,"Deep Spatial-Temporal Convolutional Neural Networks for Medical Image Restoration."
249/4260,80/2430,327481,"Deep Spatial-Temporal Convolutional Neural Networks for Medical Image Restoration."
249/4260,249/4388,327481,"Deep Spatial-Temporal Convolutional Neural Networks for Medical Image Restoration."
249/4260,80/8845,327481,"Deep Spatial-Temporal Convolutional Neural Networks for Medical Image Restoration."
21/6121,249/4329,327481,"Deep Spatial-Temporal Convolutional Neural Networks for Medical Image Restoration."
21/6121,117/0348,327481,"Deep Spatial-Temporal Convolutional Neural Networks for Medical Image Restoration."
21/6121,80/2430,327481,"Deep Spatial-Temporal Convolutional Neural Networks for Medical Image Restoration."
21/6121,249/4388,327481,"Deep Spatial-Temporal Convolutional Neural Networks for Medical Image Restoration."
21/6121,80/8845,327481,"Deep Spatial-Temporal Convolutional Neural Networks for Medical Image Restoration."
249/4329,117/0348,327481,"Deep Spatial-Temporal Convolutional Neural Networks for Medical Image Restoration."
249/4329,80/2430,327481,"Deep Spatial-Temporal Convolutional Neural Networks for Medical Image Restoration."
249/4329,249/4388,327481,"Deep Spatial-Temporal Convolutional Neural Networks for Medical Image Restoration."
249/4329,80/8845,327481,"Deep Spatial-Temporal Convolutional Neural Networks for Medical Image Restoration."
117/0348,80/2430,327481,"Deep Spatial-Temporal Convolutional Neural Networks for Medical Image Restoration."
117/0348,249/4388,327481,"Deep Spatial-Temporal Convolutional Neural Networks for Medical Image Restoration."
117/0348,80/8845,327481,"Deep Spatial-Temporal Convolutional Neural Networks for Medical Image Restoration."
80/2430,249/4388,327481,"Deep Spatial-Temporal Convolutional Neural Networks for Medical Image Restoration."
80/2430,80/8845,327481,"Deep Spatial-Temporal Convolutional Neural Networks for Medical Image Restoration."
249/4388,80/8845,327481,"Deep Spatial-Temporal Convolutional Neural Networks for Medical Image Restoration."
24/2319,79/2621,329171,"Artificial Neural Networks and Machine Learning - ICANN 2019 - Deep Learning - 28th International Conference on Artificial Neural Networks, Munich, Germany, September 17-19, 2019, Proceedings, Part II"
24/2319,248/5551,329171,"Artificial Neural Networks and Machine Learning - ICANN 2019 - Deep Learning - 28th International Conference on Artificial Neural Networks, Munich, Germany, September 17-19, 2019, Proceedings, Part II"
24/2319,t/FabianJTheis,329171,"Artificial Neural Networks and Machine Learning - ICANN 2019 - Deep Learning - 28th International Conference on Artificial Neural Networks, Munich, Germany, September 17-19, 2019, Proceedings, Part II"
79/2621,248/5551,329171,"Artificial Neural Networks and Machine Learning - ICANN 2019 - Deep Learning - 28th International Conference on Artificial Neural Networks, Munich, Germany, September 17-19, 2019, Proceedings, Part II"
79/2621,t/FabianJTheis,329171,"Artificial Neural Networks and Machine Learning - ICANN 2019 - Deep Learning - 28th International Conference on Artificial Neural Networks, Munich, Germany, September 17-19, 2019, Proceedings, Part II"
248/5551,t/FabianJTheis,329171,"Artificial Neural Networks and Machine Learning - ICANN 2019 - Deep Learning - 28th International Conference on Artificial Neural Networks, Munich, Germany, September 17-19, 2019, Proceedings, Part II"
24/2319,79/2621,329172,"Artificial Neural Networks and Machine Learning - ICANN 2019 - Image Processing - 28th International Conference on Artificial Neural Networks, Munich, Germany, September 17-19, 2019, Proceedings, Part III"
24/2319,248/5551,329172,"Artificial Neural Networks and Machine Learning - ICANN 2019 - Image Processing - 28th International Conference on Artificial Neural Networks, Munich, Germany, September 17-19, 2019, Proceedings, Part III"
24/2319,t/FabianJTheis,329172,"Artificial Neural Networks and Machine Learning - ICANN 2019 - Image Processing - 28th International Conference on Artificial Neural Networks, Munich, Germany, September 17-19, 2019, Proceedings, Part III"
79/2621,248/5551,329172,"Artificial Neural Networks and Machine Learning - ICANN 2019 - Image Processing - 28th International Conference on Artificial Neural Networks, Munich, Germany, September 17-19, 2019, Proceedings, Part III"
79/2621,t/FabianJTheis,329172,"Artificial Neural Networks and Machine Learning - ICANN 2019 - Image Processing - 28th International Conference on Artificial Neural Networks, Munich, Germany, September 17-19, 2019, Proceedings, Part III"
248/5551,t/FabianJTheis,329172,"Artificial Neural Networks and Machine Learning - ICANN 2019 - Image Processing - 28th International Conference on Artificial Neural Networks, Munich, Germany, September 17-19, 2019, Proceedings, Part III"
24/2319,79/2621,329173,"Artificial Neural Networks and Machine Learning - ICANN 2019 - Text and Time Series - 28th International Conference on Artificial Neural Networks, Munich, Germany, September 17-19, 2019, Proceedings, Part IV"
24/2319,248/5551,329173,"Artificial Neural Networks and Machine Learning - ICANN 2019 - Text and Time Series - 28th International Conference on Artificial Neural Networks, Munich, Germany, September 17-19, 2019, Proceedings, Part IV"
24/2319,t/FabianJTheis,329173,"Artificial Neural Networks and Machine Learning - ICANN 2019 - Text and Time Series - 28th International Conference on Artificial Neural Networks, Munich, Germany, September 17-19, 2019, Proceedings, Part IV"
79/2621,248/5551,329173,"Artificial Neural Networks and Machine Learning - ICANN 2019 - Text and Time Series - 28th International Conference on Artificial Neural Networks, Munich, Germany, September 17-19, 2019, Proceedings, Part IV"
79/2621,t/FabianJTheis,329173,"Artificial Neural Networks and Machine Learning - ICANN 2019 - Text and Time Series - 28th International Conference on Artificial Neural Networks, Munich, Germany, September 17-19, 2019, Proceedings, Part IV"
248/5551,t/FabianJTheis,329173,"Artificial Neural Networks and Machine Learning - ICANN 2019 - Text and Time Series - 28th International Conference on Artificial Neural Networks, Munich, Germany, September 17-19, 2019, Proceedings, Part IV"
24/2319,79/2621,329174,"Artificial Neural Networks and Machine Learning - ICANN 2019 - 28th International Conference on Artificial Neural Networks, Munich, Germany, September 17-19, 2019, Proceedings - Workshop and Special Sessions"
24/2319,248/5551,329174,"Artificial Neural Networks and Machine Learning - ICANN 2019 - 28th International Conference on Artificial Neural Networks, Munich, Germany, September 17-19, 2019, Proceedings - Workshop and Special Sessions"
24/2319,t/FabianJTheis,329174,"Artificial Neural Networks and Machine Learning - ICANN 2019 - 28th International Conference on Artificial Neural Networks, Munich, Germany, September 17-19, 2019, Proceedings - Workshop and Special Sessions"
79/2621,248/5551,329174,"Artificial Neural Networks and Machine Learning - ICANN 2019 - 28th International Conference on Artificial Neural Networks, Munich, Germany, September 17-19, 2019, Proceedings - Workshop and Special Sessions"
79/2621,t/FabianJTheis,329174,"Artificial Neural Networks and Machine Learning - ICANN 2019 - 28th International Conference on Artificial Neural Networks, Munich, Germany, September 17-19, 2019, Proceedings - Workshop and Special Sessions"
248/5551,t/FabianJTheis,329174,"Artificial Neural Networks and Machine Learning - ICANN 2019 - 28th International Conference on Artificial Neural Networks, Munich, Germany, September 17-19, 2019, Proceedings - Workshop and Special Sessions"
64/6896,18/434,329621,"Advances in Neural Networks - ISNN 2019 - 16th International Symposium on Neural Networks, ISNN 2019, Moscow, Russia, July 10-12, 2019, Proceedings, Part I"
64/6896,05/2609,329621,"Advances in Neural Networks - ISNN 2019 - 16th International Symposium on Neural Networks, ISNN 2019, Moscow, Russia, July 10-12, 2019, Proceedings, Part I"
18/434,05/2609,329621,"Advances in Neural Networks - ISNN 2019 - 16th International Symposium on Neural Networks, ISNN 2019, Moscow, Russia, July 10-12, 2019, Proceedings, Part I"
64/6896,18/434,329622,"Advances in Neural Networks - ISNN 2019 - 16th International Symposium on Neural Networks, ISNN 2019, Moscow, Russia, July 10-12, 2019, Proceedings, Part II"
64/6896,05/2609,329622,"Advances in Neural Networks - ISNN 2019 - 16th International Symposium on Neural Networks, ISNN 2019, Moscow, Russia, July 10-12, 2019, Proceedings, Part II"
18/434,05/2609,329622,"Advances in Neural Networks - ISNN 2019 - 16th International Symposium on Neural Networks, ISNN 2019, Moscow, Russia, July 10-12, 2019, Proceedings, Part II"
84/3994,86/3862,329975,"Advances in Neural Information Processing Systems 32 - Annual Conference on Neural Information Processing Systems 2019, NeurIPS 2019, 8-14 December 2019, Vancouver, BC, Canada."
84/3994,27/1683,329975,"Advances in Neural Information Processing Systems 32 - Annual Conference on Neural Information Processing Systems 2019, NeurIPS 2019, 8-14 December 2019, Vancouver, BC, Canada."
84/3994,96/4104,329975,"Advances in Neural Information Processing Systems 32 - Annual Conference on Neural Information Processing Systems 2019, NeurIPS 2019, 8-14 December 2019, Vancouver, BC, Canada."
84/3994,68/1212,329975,"Advances in Neural Information Processing Systems 32 - Annual Conference on Neural Information Processing Systems 2019, NeurIPS 2019, 8-14 December 2019, Vancouver, BC, Canada."
84/3994,29/7058,329975,"Advances in Neural Information Processing Systems 32 - Annual Conference on Neural Information Processing Systems 2019, NeurIPS 2019, 8-14 December 2019, Vancouver, BC, Canada."
86/3862,27/1683,329975,"Advances in Neural Information Processing Systems 32 - Annual Conference on Neural Information Processing Systems 2019, NeurIPS 2019, 8-14 December 2019, Vancouver, BC, Canada."
86/3862,96/4104,329975,"Advances in Neural Information Processing Systems 32 - Annual Conference on Neural Information Processing Systems 2019, NeurIPS 2019, 8-14 December 2019, Vancouver, BC, Canada."
86/3862,68/1212,329975,"Advances in Neural Information Processing Systems 32 - Annual Conference on Neural Information Processing Systems 2019, NeurIPS 2019, 8-14 December 2019, Vancouver, BC, Canada."
86/3862,29/7058,329975,"Advances in Neural Information Processing Systems 32 - Annual Conference on Neural Information Processing Systems 2019, NeurIPS 2019, 8-14 December 2019, Vancouver, BC, Canada."
27/1683,96/4104,329975,"Advances in Neural Information Processing Systems 32 - Annual Conference on Neural Information Processing Systems 2019, NeurIPS 2019, 8-14 December 2019, Vancouver, BC, Canada."
27/1683,68/1212,329975,"Advances in Neural Information Processing Systems 32 - Annual Conference on Neural Information Processing Systems 2019, NeurIPS 2019, 8-14 December 2019, Vancouver, BC, Canada."
27/1683,29/7058,329975,"Advances in Neural Information Processing Systems 32 - Annual Conference on Neural Information Processing Systems 2019, NeurIPS 2019, 8-14 December 2019, Vancouver, BC, Canada."
96/4104,68/1212,329975,"Advances in Neural Information Processing Systems 32 - Annual Conference on Neural Information Processing Systems 2019, NeurIPS 2019, 8-14 December 2019, Vancouver, BC, Canada."
96/4104,29/7058,329975,"Advances in Neural Information Processing Systems 32 - Annual Conference on Neural Information Processing Systems 2019, NeurIPS 2019, 8-14 December 2019, Vancouver, BC, Canada."
68/1212,29/7058,329975,"Advances in Neural Information Processing Systems 32 - Annual Conference on Neural Information Processing Systems 2019, NeurIPS 2019, 8-14 December 2019, Vancouver, BC, Canada."
46/7793,16/4505,333668,"Unsupervised Learning of Neural Networks to Explain Neural Networks (extended abstract)."
46/7793,18/568,333668,"Unsupervised Learning of Neural Networks to Explain Neural Networks (extended abstract)."
16/4505,18/568,333668,"Unsupervised Learning of Neural Networks to Explain Neural Networks (extended abstract)."
153/2097,153/2097,336508,"Scaling Limits of Wide Neural Networks with Weight Sharing - Gaussian Process Behavior, Gradient Independence, and Neural Tangent Kernel Derivation."
236/4547,247/8660,337112,"Using an Ancillary Neural Network to Capture Weekends and Holidays in an Adjoint Neural Network Architecture for Intelligent Building Management."
236/4547,55/3805,337112,"Using an Ancillary Neural Network to Capture Weekends and Holidays in an Adjoint Neural Network Architecture for Intelligent Building Management."
247/8660,55/3805,337112,"Using an Ancillary Neural Network to Capture Weekends and Holidays in an Adjoint Neural Network Architecture for Intelligent Building Management."
236/5814,14/5737,338120,"Graph Neural Processes - Towards Bayesian Graph Neural Networks."
169/9748,33/3791,341869,"AlphaX - eXploring Neural Architectures with Deep Neural Networks and Monte Carlo Tree Search."
169/9748,178/8539,341869,"AlphaX - eXploring Neural Architectures with Deep Neural Networks and Monte Carlo Tree Search."
169/9748,t/YuandongTian,341869,"AlphaX - eXploring Neural Architectures with Deep Neural Networks and Monte Carlo Tree Search."
169/9748,f/RFonseca,341869,"AlphaX - eXploring Neural Architectures with Deep Neural Networks and Monte Carlo Tree Search."
33/3791,178/8539,341869,"AlphaX - eXploring Neural Architectures with Deep Neural Networks and Monte Carlo Tree Search."
33/3791,t/YuandongTian,341869,"AlphaX - eXploring Neural Architectures with Deep Neural Networks and Monte Carlo Tree Search."
33/3791,f/RFonseca,341869,"AlphaX - eXploring Neural Architectures with Deep Neural Networks and Monte Carlo Tree Search."
178/8539,t/YuandongTian,341869,"AlphaX - eXploring Neural Architectures with Deep Neural Networks and Monte Carlo Tree Search."
178/8539,f/RFonseca,341869,"AlphaX - eXploring Neural Architectures with Deep Neural Networks and Monte Carlo Tree Search."
t/YuandongTian,f/RFonseca,341869,"AlphaX - eXploring Neural Architectures with Deep Neural Networks and Monte Carlo Tree Search."
63/7799,15/9005,344207,"Neuralogram - A Deep Neural Network Based Representation for Audio Signals."
63/7799,72/6104,344207,"Neuralogram - A Deep Neural Network Based Representation for Audio Signals."
15/9005,72/6104,344207,"Neuralogram - A Deep Neural Network Based Representation for Audio Signals."
03/1094,160/8097,345664,"Critically Examining the "Neural Hype" - Weak Baselines and the Additivity of Effectiveness Gains from Neural Ranking Models."
03/1094,71/9062,345664,"Critically Examining the "Neural Hype" - Weak Baselines and the Additivity of Effectiveness Gains from Neural Ranking Models."
03/1094,00/7739,345664,"Critically Examining the "Neural Hype" - Weak Baselines and the Additivity of Effectiveness Gains from Neural Ranking Models."
160/8097,71/9062,345664,"Critically Examining the "Neural Hype" - Weak Baselines and the Additivity of Effectiveness Gains from Neural Ranking Models."
160/8097,00/7739,345664,"Critically Examining the "Neural Hype" - Weak Baselines and the Additivity of Effectiveness Gains from Neural Ranking Models."
71/9062,00/7739,345664,"Critically Examining the "Neural Hype" - Weak Baselines and the Additivity of Effectiveness Gains from Neural Ranking Models."
145/9981,52/8573,346707,"Deferred Neural Rendering - Image Synthesis using Neural Textures."
145/9981,84/8221,346707,"Deferred Neural Rendering - Image Synthesis using Neural Textures."
52/8573,84/8221,346707,"Deferred Neural Rendering - Image Synthesis using Neural Textures."
36/1838,136/5442,346938,"Reconstruction of Natural Visual Scenes from Neural Spikes with Deep Neural Networks."
36/1838,230/4398,346938,"Reconstruction of Natural Visual Scenes from Neural Spikes with Deep Neural Networks."
36/1838,166/0573,346938,"Reconstruction of Natural Visual Scenes from Neural Spikes with Deep Neural Networks."
36/1838,86/5857,346938,"Reconstruction of Natural Visual Scenes from Neural Spikes with Deep Neural Networks."
36/1838,h/TiejunHuang,346938,"Reconstruction of Natural Visual Scenes from Neural Spikes with Deep Neural Networks."
36/1838,66/10525,346938,"Reconstruction of Natural Visual Scenes from Neural Spikes with Deep Neural Networks."
136/5442,230/4398,346938,"Reconstruction of Natural Visual Scenes from Neural Spikes with Deep Neural Networks."
136/5442,166/0573,346938,"Reconstruction of Natural Visual Scenes from Neural Spikes with Deep Neural Networks."
136/5442,86/5857,346938,"Reconstruction of Natural Visual Scenes from Neural Spikes with Deep Neural Networks."
136/5442,h/TiejunHuang,346938,"Reconstruction of Natural Visual Scenes from Neural Spikes with Deep Neural Networks."
136/5442,66/10525,346938,"Reconstruction of Natural Visual Scenes from Neural Spikes with Deep Neural Networks."
230/4398,166/0573,346938,"Reconstruction of Natural Visual Scenes from Neural Spikes with Deep Neural Networks."
230/4398,86/5857,346938,"Reconstruction of Natural Visual Scenes from Neural Spikes with Deep Neural Networks."
230/4398,h/TiejunHuang,346938,"Reconstruction of Natural Visual Scenes from Neural Spikes with Deep Neural Networks."
230/4398,66/10525,346938,"Reconstruction of Natural Visual Scenes from Neural Spikes with Deep Neural Networks."
166/0573,86/5857,346938,"Reconstruction of Natural Visual Scenes from Neural Spikes with Deep Neural Networks."
166/0573,h/TiejunHuang,346938,"Reconstruction of Natural Visual Scenes from Neural Spikes with Deep Neural Networks."
166/0573,66/10525,346938,"Reconstruction of Natural Visual Scenes from Neural Spikes with Deep Neural Networks."
86/5857,h/TiejunHuang,346938,"Reconstruction of Natural Visual Scenes from Neural Spikes with Deep Neural Networks."
86/5857,66/10525,346938,"Reconstruction of Natural Visual Scenes from Neural Spikes with Deep Neural Networks."
h/TiejunHuang,66/10525,346938,"Reconstruction of Natural Visual Scenes from Neural Spikes with Deep Neural Networks."
208/8007,241/9613,351355,"Single neuron-based neural networks are as efficient as dense deep neural networks in binary and multi-class recognition problems."
208/8007,09/7822,351355,"Single neuron-based neural networks are as efficient as dense deep neural networks in binary and multi-class recognition problems."
241/9613,09/7822,351355,"Single neuron-based neural networks are as efficient as dense deep neural networks in binary and multi-class recognition problems."
176/5602,224/0057,351787,"Graph Neural Tangent Kernel - Fusing Graph Neural Networks with Graph Kernels."
176/5602,15/4829,351787,"Graph Neural Tangent Kernel - Fusing Graph Neural Networks with Graph Kernels."
176/5602,62/5884,351787,"Graph Neural Tangent Kernel - Fusing Graph Neural Networks with Graph Kernels."
176/5602,183/6164,351787,"Graph Neural Tangent Kernel - Fusing Graph Neural Networks with Graph Kernels."
176/5602,177/6079,351787,"Graph Neural Tangent Kernel - Fusing Graph Neural Networks with Graph Kernels."
224/0057,15/4829,351787,"Graph Neural Tangent Kernel - Fusing Graph Neural Networks with Graph Kernels."
224/0057,62/5884,351787,"Graph Neural Tangent Kernel - Fusing Graph Neural Networks with Graph Kernels."
224/0057,183/6164,351787,"Graph Neural Tangent Kernel - Fusing Graph Neural Networks with Graph Kernels."
224/0057,177/6079,351787,"Graph Neural Tangent Kernel - Fusing Graph Neural Networks with Graph Kernels."
15/4829,62/5884,351787,"Graph Neural Tangent Kernel - Fusing Graph Neural Networks with Graph Kernels."
15/4829,183/6164,351787,"Graph Neural Tangent Kernel - Fusing Graph Neural Networks with Graph Kernels."
15/4829,177/6079,351787,"Graph Neural Tangent Kernel - Fusing Graph Neural Networks with Graph Kernels."
62/5884,183/6164,351787,"Graph Neural Tangent Kernel - Fusing Graph Neural Networks with Graph Kernels."
62/5884,177/6079,351787,"Graph Neural Tangent Kernel - Fusing Graph Neural Networks with Graph Kernels."
183/6164,177/6079,351787,"Graph Neural Tangent Kernel - Fusing Graph Neural Networks with Graph Kernels."
205/2860,199/2689,352182,"NeuralDivergence - Exploring and Understanding Neural Networks by Comparing Activation Distributions."
205/2860,10/2670,352182,"NeuralDivergence - Exploring and Understanding Neural Networks by Comparing Activation Distributions."
199/2689,10/2670,352182,"NeuralDivergence - Exploring and Understanding Neural Networks by Comparing Activation Distributions."
205/2594,242/7909,353005,"Neural SDE - Stabilizing Neural ODE Networks with Stochastic Noise."
205/2594,03/7627,353005,"Neural SDE - Stabilizing Neural ODE Networks with Stochastic Noise."
205/2594,152/6599,353005,"Neural SDE - Stabilizing Neural ODE Networks with Stochastic Noise."
205/2594,66/6804,353005,"Neural SDE - Stabilizing Neural ODE Networks with Stochastic Noise."
205/2594,14/2770,353005,"Neural SDE - Stabilizing Neural ODE Networks with Stochastic Noise."
242/7909,03/7627,353005,"Neural SDE - Stabilizing Neural ODE Networks with Stochastic Noise."
242/7909,152/6599,353005,"Neural SDE - Stabilizing Neural ODE Networks with Stochastic Noise."
242/7909,66/6804,353005,"Neural SDE - Stabilizing Neural ODE Networks with Stochastic Noise."
242/7909,14/2770,353005,"Neural SDE - Stabilizing Neural ODE Networks with Stochastic Noise."
03/7627,152/6599,353005,"Neural SDE - Stabilizing Neural ODE Networks with Stochastic Noise."
03/7627,66/6804,353005,"Neural SDE - Stabilizing Neural ODE Networks with Stochastic Noise."
03/7627,14/2770,353005,"Neural SDE - Stabilizing Neural ODE Networks with Stochastic Noise."
152/6599,66/6804,353005,"Neural SDE - Stabilizing Neural ODE Networks with Stochastic Noise."
152/6599,14/2770,353005,"Neural SDE - Stabilizing Neural ODE Networks with Stochastic Noise."
66/6804,14/2770,353005,"Neural SDE - Stabilizing Neural ODE Networks with Stochastic Noise."
23/3287,39/449,355768,"Fractional-order Backpropagation Neural Networks - Modified Fractional-order Steepest Descent Method for Family of Backpropagation Neural Networks."
171/7773,15/9453,357061,"Neural Dynamics Discovery via Gaussian Process Recurrent Neural Networks."
244/9993,55/130,358830,"Learning to learn with quantum neural networks via classical neural networks."
244/9993,217/3528,358830,"Learning to learn with quantum neural networks via classical neural networks."
244/9993,244/9498,358830,"Learning to learn with quantum neural networks via classical neural networks."
244/9993,147/5169,358830,"Learning to learn with quantum neural networks via classical neural networks."
244/9993,180/0823,358830,"Learning to learn with quantum neural networks via classical neural networks."
244/9993,60/7025,358830,"Learning to learn with quantum neural networks via classical neural networks."
244/9993,132/9084,358830,"Learning to learn with quantum neural networks via classical neural networks."
55/130,217/3528,358830,"Learning to learn with quantum neural networks via classical neural networks."
55/130,244/9498,358830,"Learning to learn with quantum neural networks via classical neural networks."
55/130,147/5169,358830,"Learning to learn with quantum neural networks via classical neural networks."
55/130,180/0823,358830,"Learning to learn with quantum neural networks via classical neural networks."
55/130,60/7025,358830,"Learning to learn with quantum neural networks via classical neural networks."
55/130,132/9084,358830,"Learning to learn with quantum neural networks via classical neural networks."
217/3528,244/9498,358830,"Learning to learn with quantum neural networks via classical neural networks."
217/3528,147/5169,358830,"Learning to learn with quantum neural networks via classical neural networks."
217/3528,180/0823,358830,"Learning to learn with quantum neural networks via classical neural networks."
217/3528,60/7025,358830,"Learning to learn with quantum neural networks via classical neural networks."
217/3528,132/9084,358830,"Learning to learn with quantum neural networks via classical neural networks."
244/9498,147/5169,358830,"Learning to learn with quantum neural networks via classical neural networks."
244/9498,180/0823,358830,"Learning to learn with quantum neural networks via classical neural networks."
244/9498,60/7025,358830,"Learning to learn with quantum neural networks via classical neural networks."
244/9498,132/9084,358830,"Learning to learn with quantum neural networks via classical neural networks."
147/5169,180/0823,358830,"Learning to learn with quantum neural networks via classical neural networks."
147/5169,60/7025,358830,"Learning to learn with quantum neural networks via classical neural networks."
147/5169,132/9084,358830,"Learning to learn with quantum neural networks via classical neural networks."
180/0823,60/7025,358830,"Learning to learn with quantum neural networks via classical neural networks."
180/0823,132/9084,358830,"Learning to learn with quantum neural networks via classical neural networks."
60/7025,132/9084,358830,"Learning to learn with quantum neural networks via classical neural networks."
127/5754,127/5234,364821,"Plexus Convolutional Neural Network (PlexusNet) - A novel neural network architecture for histologic image analysis."
127/5754,239/2003,364821,"Plexus Convolutional Neural Network (PlexusNet) - A novel neural network architecture for histologic image analysis."
127/5754,247/9375,364821,"Plexus Convolutional Neural Network (PlexusNet) - A novel neural network architecture for histologic image analysis."
127/5754,247/9642,364821,"Plexus Convolutional Neural Network (PlexusNet) - A novel neural network architecture for histologic image analysis."
127/5754,75/7457,364821,"Plexus Convolutional Neural Network (PlexusNet) - A novel neural network architecture for histologic image analysis."
127/5754,12/1751,364821,"Plexus Convolutional Neural Network (PlexusNet) - A novel neural network architecture for histologic image analysis."
127/5754,35/5410,364821,"Plexus Convolutional Neural Network (PlexusNet) - A novel neural network architecture for histologic image analysis."
127/5234,239/2003,364821,"Plexus Convolutional Neural Network (PlexusNet) - A novel neural network architecture for histologic image analysis."
127/5234,247/9375,364821,"Plexus Convolutional Neural Network (PlexusNet) - A novel neural network architecture for histologic image analysis."
127/5234,247/9642,364821,"Plexus Convolutional Neural Network (PlexusNet) - A novel neural network architecture for histologic image analysis."
127/5234,75/7457,364821,"Plexus Convolutional Neural Network (PlexusNet) - A novel neural network architecture for histologic image analysis."
127/5234,12/1751,364821,"Plexus Convolutional Neural Network (PlexusNet) - A novel neural network architecture for histologic image analysis."
127/5234,35/5410,364821,"Plexus Convolutional Neural Network (PlexusNet) - A novel neural network architecture for histologic image analysis."
239/2003,247/9375,364821,"Plexus Convolutional Neural Network (PlexusNet) - A novel neural network architecture for histologic image analysis."
239/2003,247/9642,364821,"Plexus Convolutional Neural Network (PlexusNet) - A novel neural network architecture for histologic image analysis."
239/2003,75/7457,364821,"Plexus Convolutional Neural Network (PlexusNet) - A novel neural network architecture for histologic image analysis."
239/2003,12/1751,364821,"Plexus Convolutional Neural Network (PlexusNet) - A novel neural network architecture for histologic image analysis."
239/2003,35/5410,364821,"Plexus Convolutional Neural Network (PlexusNet) - A novel neural network architecture for histologic image analysis."
247/9375,247/9642,364821,"Plexus Convolutional Neural Network (PlexusNet) - A novel neural network architecture for histologic image analysis."
247/9375,75/7457,364821,"Plexus Convolutional Neural Network (PlexusNet) - A novel neural network architecture for histologic image analysis."
247/9375,12/1751,364821,"Plexus Convolutional Neural Network (PlexusNet) - A novel neural network architecture for histologic image analysis."
247/9375,35/5410,364821,"Plexus Convolutional Neural Network (PlexusNet) - A novel neural network architecture for histologic image analysis."
247/9642,75/7457,364821,"Plexus Convolutional Neural Network (PlexusNet) - A novel neural network architecture for histologic image analysis."
247/9642,12/1751,364821,"Plexus Convolutional Neural Network (PlexusNet) - A novel neural network architecture for histologic image analysis."
247/9642,35/5410,364821,"Plexus Convolutional Neural Network (PlexusNet) - A novel neural network architecture for histologic image analysis."
75/7457,12/1751,364821,"Plexus Convolutional Neural Network (PlexusNet) - A novel neural network architecture for histologic image analysis."
75/7457,35/5410,364821,"Plexus Convolutional Neural Network (PlexusNet) - A novel neural network architecture for histologic image analysis."
12/1751,35/5410,364821,"Plexus Convolutional Neural Network (PlexusNet) - A novel neural network architecture for histologic image analysis."
228/1590,180/0351,366299,"An efficient and perceptually motivated auditory neural encoding and decoding algorithm for spiking neural networks."
228/1590,228/1824,366299,"An efficient and perceptually motivated auditory neural encoding and decoding algorithm for spiking neural networks."
228/1590,156/7882,366299,"An efficient and perceptually motivated auditory neural encoding and decoding algorithm for spiking neural networks."
228/1590,36/4118,366299,"An efficient and perceptually motivated auditory neural encoding and decoding algorithm for spiking neural networks."
228/1590,24/3343,366299,"An efficient and perceptually motivated auditory neural encoding and decoding algorithm for spiking neural networks."
180/0351,228/1824,366299,"An efficient and perceptually motivated auditory neural encoding and decoding algorithm for spiking neural networks."
180/0351,156/7882,366299,"An efficient and perceptually motivated auditory neural encoding and decoding algorithm for spiking neural networks."
180/0351,36/4118,366299,"An efficient and perceptually motivated auditory neural encoding and decoding algorithm for spiking neural networks."
180/0351,24/3343,366299,"An efficient and perceptually motivated auditory neural encoding and decoding algorithm for spiking neural networks."
228/1824,156/7882,366299,"An efficient and perceptually motivated auditory neural encoding and decoding algorithm for spiking neural networks."
228/1824,36/4118,366299,"An efficient and perceptually motivated auditory neural encoding and decoding algorithm for spiking neural networks."
228/1824,24/3343,366299,"An efficient and perceptually motivated auditory neural encoding and decoding algorithm for spiking neural networks."
156/7882,36/4118,366299,"An efficient and perceptually motivated auditory neural encoding and decoding algorithm for spiking neural networks."
156/7882,24/3343,366299,"An efficient and perceptually motivated auditory neural encoding and decoding algorithm for spiking neural networks."
36/4118,24/3343,366299,"An efficient and perceptually motivated auditory neural encoding and decoding algorithm for spiking neural networks."
178/7315,204/3393,366971,"Auto-GNN - Neural Architecture Search of Graph Neural Networks."
178/7315,25/692,366971,"Auto-GNN - Neural Architecture Search of Graph Neural Networks."
178/7315,24/7536,366971,"Auto-GNN - Neural Architecture Search of Graph Neural Networks."
204/3393,25/692,366971,"Auto-GNN - Neural Architecture Search of Graph Neural Networks."
204/3393,24/7536,366971,"Auto-GNN - Neural Architecture Search of Graph Neural Networks."
25/692,24/7536,366971,"Auto-GNN - Neural Architecture Search of Graph Neural Networks."
230/4534,249/2831,368868,"Dynamics of Deep Neural Networks and Neural Tangent Hierarchy."
205/2610,37/1282,369965,"Automated identification of neural cells in the multi-photon images using deep-neural networks."
151/9349,205/2692,372978,"SiPPing Neural Networks - Sensitivity-informed Provable Pruning of Neural Networks."
151/9349,129/1281,372978,"SiPPing Neural Networks - Sensitivity-informed Provable Pruning of Neural Networks."
151/9349,84/6696,372978,"SiPPing Neural Networks - Sensitivity-informed Provable Pruning of Neural Networks."
151/9349,r/DanielaRus,372978,"SiPPing Neural Networks - Sensitivity-informed Provable Pruning of Neural Networks."
205/2692,129/1281,372978,"SiPPing Neural Networks - Sensitivity-informed Provable Pruning of Neural Networks."
205/2692,84/6696,372978,"SiPPing Neural Networks - Sensitivity-informed Provable Pruning of Neural Networks."
205/2692,r/DanielaRus,372978,"SiPPing Neural Networks - Sensitivity-informed Provable Pruning of Neural Networks."
129/1281,84/6696,372978,"SiPPing Neural Networks - Sensitivity-informed Provable Pruning of Neural Networks."
129/1281,r/DanielaRus,372978,"SiPPing Neural Networks - Sensitivity-informed Provable Pruning of Neural Networks."
84/6696,r/DanielaRus,372978,"SiPPing Neural Networks - Sensitivity-informed Provable Pruning of Neural Networks."
136/9162,120/7593,375371,"BANANAS - Bayesian Optimization with Neural Architectures for Neural Architecture Search."
136/9162,251/8428,375371,"BANANAS - Bayesian Optimization with Neural Architectures for Neural Architecture Search."
120/7593,251/8428,375371,"BANANAS - Bayesian Optimization with Neural Architectures for Neural Architecture Search."
04/8328,249/8434,378437,"Decoding Neural Responses in Mouse Visual Cortex through a Deep Neural Network."
04/8328,202/8041,378437,"Decoding Neural Responses in Mouse Visual Cortex through a Deep Neural Network."
04/8328,249/8120,378437,"Decoding Neural Responses in Mouse Visual Cortex through a Deep Neural Network."
249/8434,202/8041,378437,"Decoding Neural Responses in Mouse Visual Cortex through a Deep Neural Network."
249/8434,249/8120,378437,"Decoding Neural Responses in Mouse Visual Cortex through a Deep Neural Network."
202/8041,249/8120,378437,"Decoding Neural Responses in Mouse Visual Cortex through a Deep Neural Network."
254/0954,254/0954,378502,"Neural Network Processing Neural Networks - An efficient way to learn higher order functions."
199/2201,199/1993,379357,"Periodic Spectral Ergodicity - A Complexity Measure for Deep Neural Networks and Neural Architecture Search."
199/2201,57/6298,379357,"Periodic Spectral Ergodicity - A Complexity Measure for Deep Neural Networks and Neural Architecture Search."
199/1993,57/6298,379357,"Periodic Spectral Ergodicity - A Complexity Measure for Deep Neural Networks and Neural Architecture Search."
252/5501,80/5718,380258,"Artificial neural networks in action for an automated cell-type classification of biological neural networks."
252/5501,202/5754,380258,"Artificial neural networks in action for an automated cell-type classification of biological neural networks."
252/5501,254/1907,380258,"Artificial neural networks in action for an automated cell-type classification of biological neural networks."
252/5501,136/0864,380258,"Artificial neural networks in action for an automated cell-type classification of biological neural networks."
252/5501,155/6805,380258,"Artificial neural networks in action for an automated cell-type classification of biological neural networks."
252/5501,85/1289,380258,"Artificial neural networks in action for an automated cell-type classification of biological neural networks."
252/5501,88/4427,380258,"Artificial neural networks in action for an automated cell-type classification of biological neural networks."
80/5718,202/5754,380258,"Artificial neural networks in action for an automated cell-type classification of biological neural networks."
80/5718,254/1907,380258,"Artificial neural networks in action for an automated cell-type classification of biological neural networks."
80/5718,136/0864,380258,"Artificial neural networks in action for an automated cell-type classification of biological neural networks."
80/5718,155/6805,380258,"Artificial neural networks in action for an automated cell-type classification of biological neural networks."
80/5718,85/1289,380258,"Artificial neural networks in action for an automated cell-type classification of biological neural networks."
80/5718,88/4427,380258,"Artificial neural networks in action for an automated cell-type classification of biological neural networks."
202/5754,254/1907,380258,"Artificial neural networks in action for an automated cell-type classification of biological neural networks."
202/5754,136/0864,380258,"Artificial neural networks in action for an automated cell-type classification of biological neural networks."
202/5754,155/6805,380258,"Artificial neural networks in action for an automated cell-type classification of biological neural networks."
202/5754,85/1289,380258,"Artificial neural networks in action for an automated cell-type classification of biological neural networks."
202/5754,88/4427,380258,"Artificial neural networks in action for an automated cell-type classification of biological neural networks."
254/1907,136/0864,380258,"Artificial neural networks in action for an automated cell-type classification of biological neural networks."
254/1907,155/6805,380258,"Artificial neural networks in action for an automated cell-type classification of biological neural networks."
254/1907,85/1289,380258,"Artificial neural networks in action for an automated cell-type classification of biological neural networks."
254/1907,88/4427,380258,"Artificial neural networks in action for an automated cell-type classification of biological neural networks."
136/0864,155/6805,380258,"Artificial neural networks in action for an automated cell-type classification of biological neural networks."
136/0864,85/1289,380258,"Artificial neural networks in action for an automated cell-type classification of biological neural networks."
136/0864,88/4427,380258,"Artificial neural networks in action for an automated cell-type classification of biological neural networks."
155/6805,85/1289,380258,"Artificial neural networks in action for an automated cell-type classification of biological neural networks."
155/6805,88/4427,380258,"Artificial neural networks in action for an automated cell-type classification of biological neural networks."
85/1289,88/4427,380258,"Artificial neural networks in action for an automated cell-type classification of biological neural networks."
21/6891,157/6334,381808,"Neural Predictor for Neural Architecture Search."
21/6891,30/5330,381808,"Neural Predictor for Neural Architecture Search."
21/6891,80/1641,381808,"Neural Predictor for Neural Architecture Search."
21/6891,92/9726,381808,"Neural Predictor for Neural Architecture Search."
21/6891,118/8180,381808,"Neural Predictor for Neural Architecture Search."
157/6334,30/5330,381808,"Neural Predictor for Neural Architecture Search."
157/6334,80/1641,381808,"Neural Predictor for Neural Architecture Search."
157/6334,92/9726,381808,"Neural Predictor for Neural Architecture Search."
157/6334,118/8180,381808,"Neural Predictor for Neural Architecture Search."
30/5330,80/1641,381808,"Neural Predictor for Neural Architecture Search."
30/5330,92/9726,381808,"Neural Predictor for Neural Architecture Search."
30/5330,118/8180,381808,"Neural Predictor for Neural Architecture Search."
80/1641,92/9726,381808,"Neural Predictor for Neural Architecture Search."
80/1641,118/8180,381808,"Neural Predictor for Neural Architecture Search."
92/9726,118/8180,381808,"Neural Predictor for Neural Architecture Search."
239/8862,45/2527,381995,"Neural Network Branching for Neural Network Verification."
13/2476,222/3238,382495,"Neural Tangents - Fast and Easy Infinite Neural Networks in Python."
13/2476,209/4975,382495,"Neural Tangents - Fast and Easy Infinite Neural Networks in Python."
13/2476,95/386,382495,"Neural Tangents - Fast and Easy Infinite Neural Networks in Python."
13/2476,160/8158,382495,"Neural Tangents - Fast and Easy Infinite Neural Networks in Python."
13/2476,51/7117,382495,"Neural Tangents - Fast and Easy Infinite Neural Networks in Python."
13/2476,190/7108,382495,"Neural Tangents - Fast and Easy Infinite Neural Networks in Python."
222/3238,209/4975,382495,"Neural Tangents - Fast and Easy Infinite Neural Networks in Python."
222/3238,95/386,382495,"Neural Tangents - Fast and Easy Infinite Neural Networks in Python."
222/3238,160/8158,382495,"Neural Tangents - Fast and Easy Infinite Neural Networks in Python."
222/3238,51/7117,382495,"Neural Tangents - Fast and Easy Infinite Neural Networks in Python."
222/3238,190/7108,382495,"Neural Tangents - Fast and Easy Infinite Neural Networks in Python."
209/4975,95/386,382495,"Neural Tangents - Fast and Easy Infinite Neural Networks in Python."
209/4975,160/8158,382495,"Neural Tangents - Fast and Easy Infinite Neural Networks in Python."
209/4975,51/7117,382495,"Neural Tangents - Fast and Easy Infinite Neural Networks in Python."
209/4975,190/7108,382495,"Neural Tangents - Fast and Easy Infinite Neural Networks in Python."
95/386,160/8158,382495,"Neural Tangents - Fast and Easy Infinite Neural Networks in Python."
95/386,51/7117,382495,"Neural Tangents - Fast and Easy Infinite Neural Networks in Python."
95/386,190/7108,382495,"Neural Tangents - Fast and Easy Infinite Neural Networks in Python."
160/8158,51/7117,382495,"Neural Tangents - Fast and Easy Infinite Neural Networks in Python."
160/8158,190/7108,382495,"Neural Tangents - Fast and Easy Infinite Neural Networks in Python."
51/7117,190/7108,382495,"Neural Tangents - Fast and Easy Infinite Neural Networks in Python."
238/6322,200/5842,383127,"Neural-IR-Explorer - A Content-Focused Tool to Explore Neural Re-Ranking Results."
238/6322,55/6683,383127,"Neural-IR-Explorer - A Content-Focused Tool to Explore Neural Re-Ranking Results."
200/5842,55/6683,383127,"Neural-IR-Explorer - A Content-Focused Tool to Explore Neural Re-Ranking Results."
255/5831,49/5577,385213,"An uncertainty principle for neural coding - Conjugate representations of position and velocity are mapped onto firing rates and co-firing rates of neural spike trains."
234/0656,234/0656,388848,"Forecasting the Neural Time Series - Deep Neural Networks for Predicting Event-Related EEG Responses."
167/4756,167/4756,390580,"Neural and non-neural approaches to authorship attribution."
32/11535-1,40/7475,392087,"A Guide to Convolutional Neural Networks for Computer Vision"
32/11535-1,141/9937,392087,"A Guide to Convolutional Neural Networks for Computer Vision"
32/11535-1,00/3214,392087,"A Guide to Convolutional Neural Networks for Computer Vision"
40/7475,141/9937,392087,"A Guide to Convolutional Neural Networks for Computer Vision"
40/7475,00/3214,392087,"A Guide to Convolutional Neural Networks for Computer Vision"
141/9937,00/3214,392087,"A Guide to Convolutional Neural Networks for Computer Vision"
180/6084,187/2928,392970,"Gait-Based Human Identification by Combining Shallow Convolutional Neural Network-Stacked Long Short-Term Memory and Deep Convolutional Neural Network."
180/6084,192/6610,392970,"Gait-Based Human Identification by Combining Shallow Convolutional Neural Network-Stacked Long Short-Term Memory and Deep Convolutional Neural Network."
180/6084,98/5714,392970,"Gait-Based Human Identification by Combining Shallow Convolutional Neural Network-Stacked Long Short-Term Memory and Deep Convolutional Neural Network."
187/2928,192/6610,392970,"Gait-Based Human Identification by Combining Shallow Convolutional Neural Network-Stacked Long Short-Term Memory and Deep Convolutional Neural Network."
187/2928,98/5714,392970,"Gait-Based Human Identification by Combining Shallow Convolutional Neural Network-Stacked Long Short-Term Memory and Deep Convolutional Neural Network."
192/6610,98/5714,392970,"Gait-Based Human Identification by Combining Shallow Convolutional Neural Network-Stacked Long Short-Term Memory and Deep Convolutional Neural Network."
235/6028,207/7663,395363,"Combining Convolutional Neural Network With Recursive Neural Network for Blood Cell Image Classification."
235/6028,213/4743,395363,"Combining Convolutional Neural Network With Recursive Neural Network for Blood Cell Image Classification."
235/6028,12/10820,395363,"Combining Convolutional Neural Network With Recursive Neural Network for Blood Cell Image Classification."
207/7663,213/4743,395363,"Combining Convolutional Neural Network With Recursive Neural Network for Blood Cell Image Classification."
207/7663,12/10820,395363,"Combining Convolutional Neural Network With Recursive Neural Network for Blood Cell Image Classification."
213/4743,12/10820,395363,"Combining Convolutional Neural Network With Recursive Neural Network for Blood Cell Image Classification."
04/10864,218/1928,397963,"General Regression Neural Network and Artificial-Bee-Colony Based General Regression Neural Network Approaches to the Number of End-of-Life Vehicles in China."
04/10864,91/1905,397963,"General Regression Neural Network and Artificial-Bee-Colony Based General Regression Neural Network Approaches to the Number of End-of-Life Vehicles in China."
04/10864,216/4782,397963,"General Regression Neural Network and Artificial-Bee-Colony Based General Regression Neural Network Approaches to the Number of End-of-Life Vehicles in China."
218/1928,91/1905,397963,"General Regression Neural Network and Artificial-Bee-Colony Based General Regression Neural Network Approaches to the Number of End-of-Life Vehicles in China."
218/1928,216/4782,397963,"General Regression Neural Network and Artificial-Bee-Colony Based General Regression Neural Network Approaches to the Number of End-of-Life Vehicles in China."
91/1905,216/4782,397963,"General Regression Neural Network and Artificial-Bee-Colony Based General Regression Neural Network Approaches to the Number of End-of-Life Vehicles in China."
57/3737,179/4338,399337,"Adjusting Neural Network to a Particular Problem - Neural Network-Based Empirical Biological Model for Chlorophyll Concentration in the Upper Ocean."
57/3737,56/1520,399337,"Adjusting Neural Network to a Particular Problem - Neural Network-Based Empirical Biological Model for Chlorophyll Concentration in the Upper Ocean."
57/3737,121/8101,399337,"Adjusting Neural Network to a Particular Problem - Neural Network-Based Empirical Biological Model for Chlorophyll Concentration in the Upper Ocean."
179/4338,56/1520,399337,"Adjusting Neural Network to a Particular Problem - Neural Network-Based Empirical Biological Model for Chlorophyll Concentration in the Upper Ocean."
179/4338,121/8101,399337,"Adjusting Neural Network to a Particular Problem - Neural Network-Based Empirical Biological Model for Chlorophyll Concentration in the Upper Ocean."
56/1520,121/8101,399337,"Adjusting Neural Network to a Particular Problem - Neural Network-Based Empirical Biological Model for Chlorophyll Concentration in the Upper Ocean."
35/837-22,200/8650,417115,"NeuralCP - Bayesian Multiway Data Analysis with Neural Tensor Decomposition."
35/837-22,119/1901,417115,"NeuralCP - Bayesian Multiway Data Analysis with Neural Tensor Decomposition."
35/837-22,34/8938,417115,"NeuralCP - Bayesian Multiway Data Analysis with Neural Tensor Decomposition."
35/837-22,68/1538,417115,"NeuralCP - Bayesian Multiway Data Analysis with Neural Tensor Decomposition."
200/8650,119/1901,417115,"NeuralCP - Bayesian Multiway Data Analysis with Neural Tensor Decomposition."
200/8650,34/8938,417115,"NeuralCP - Bayesian Multiway Data Analysis with Neural Tensor Decomposition."
200/8650,68/1538,417115,"NeuralCP - Bayesian Multiway Data Analysis with Neural Tensor Decomposition."
119/1901,34/8938,417115,"NeuralCP - Bayesian Multiway Data Analysis with Neural Tensor Decomposition."
119/1901,68/1538,417115,"NeuralCP - Bayesian Multiway Data Analysis with Neural Tensor Decomposition."
34/8938,68/1538,417115,"NeuralCP - Bayesian Multiway Data Analysis with Neural Tensor Decomposition."
22/515,225/4280,418356,"Artificial Neural Networks and Fuzzy Neural Networks for Solving Civil Engineering Problems."
22/515,222/7461,418356,"Artificial Neural Networks and Fuzzy Neural Networks for Solving Civil Engineering Problems."
22/515,228/6456,418356,"Artificial Neural Networks and Fuzzy Neural Networks for Solving Civil Engineering Problems."
22/515,228/6328,418356,"Artificial Neural Networks and Fuzzy Neural Networks for Solving Civil Engineering Problems."
225/4280,222/7461,418356,"Artificial Neural Networks and Fuzzy Neural Networks for Solving Civil Engineering Problems."
225/4280,228/6456,418356,"Artificial Neural Networks and Fuzzy Neural Networks for Solving Civil Engineering Problems."
225/4280,228/6328,418356,"Artificial Neural Networks and Fuzzy Neural Networks for Solving Civil Engineering Problems."
222/7461,228/6456,418356,"Artificial Neural Networks and Fuzzy Neural Networks for Solving Civil Engineering Problems."
222/7461,228/6328,418356,"Artificial Neural Networks and Fuzzy Neural Networks for Solving Civil Engineering Problems."
228/6456,228/6328,418356,"Artificial Neural Networks and Fuzzy Neural Networks for Solving Civil Engineering Problems."
222/7521,31/7224,418859,"Parallel Excitatory and Inhibitory Neural Circuit Pathways Underlie Reward-Based Phasic Neural Responses."
222/7521,73/10581,418859,"Parallel Excitatory and Inhibitory Neural Circuit Pathways Underlie Reward-Based Phasic Neural Responses."
31/7224,73/10581,418859,"Parallel Excitatory and Inhibitory Neural Circuit Pathways Underlie Reward-Based Phasic Neural Responses."
232/9472,25/1439-2,432186,"A Novel Approach for Modeling Neural Responses to Joint Perturbations Using the NARMAX Method and a Hierarchical Neural Network."
232/9472,70/530,432186,"A Novel Approach for Modeling Neural Responses to Joint Perturbations Using the NARMAX Method and a Hierarchical Neural Network."
232/9472,71/8071,432186,"A Novel Approach for Modeling Neural Responses to Joint Perturbations Using the NARMAX Method and a Hierarchical Neural Network."
25/1439-2,70/530,432186,"A Novel Approach for Modeling Neural Responses to Joint Perturbations Using the NARMAX Method and a Hierarchical Neural Network."
25/1439-2,71/8071,432186,"A Novel Approach for Modeling Neural Responses to Joint Perturbations Using the NARMAX Method and a Hierarchical Neural Network."
70/530,71/8071,432186,"A Novel Approach for Modeling Neural Responses to Joint Perturbations Using the NARMAX Method and a Hierarchical Neural Network."
85/10721,85/7098,432327,"Neural Reconstruction Integrity - A Metric for Assessing the Connectivity Accuracy of Reconstructed Neural Networks."
85/10721,129/9138,432327,"Neural Reconstruction Integrity - A Metric for Assessing the Connectivity Accuracy of Reconstructed Neural Networks."
85/10721,131/6569,432327,"Neural Reconstruction Integrity - A Metric for Assessing the Connectivity Accuracy of Reconstructed Neural Networks."
85/10721,139/3779,432327,"Neural Reconstruction Integrity - A Metric for Assessing the Connectivity Accuracy of Reconstructed Neural Networks."
85/10721,154/6363,432327,"Neural Reconstruction Integrity - A Metric for Assessing the Connectivity Accuracy of Reconstructed Neural Networks."
85/10721,177/9174,432327,"Neural Reconstruction Integrity - A Metric for Assessing the Connectivity Accuracy of Reconstructed Neural Networks."
85/7098,129/9138,432327,"Neural Reconstruction Integrity - A Metric for Assessing the Connectivity Accuracy of Reconstructed Neural Networks."
85/7098,131/6569,432327,"Neural Reconstruction Integrity - A Metric for Assessing the Connectivity Accuracy of Reconstructed Neural Networks."
85/7098,139/3779,432327,"Neural Reconstruction Integrity - A Metric for Assessing the Connectivity Accuracy of Reconstructed Neural Networks."
85/7098,154/6363,432327,"Neural Reconstruction Integrity - A Metric for Assessing the Connectivity Accuracy of Reconstructed Neural Networks."
85/7098,177/9174,432327,"Neural Reconstruction Integrity - A Metric for Assessing the Connectivity Accuracy of Reconstructed Neural Networks."
129/9138,131/6569,432327,"Neural Reconstruction Integrity - A Metric for Assessing the Connectivity Accuracy of Reconstructed Neural Networks."
129/9138,139/3779,432327,"Neural Reconstruction Integrity - A Metric for Assessing the Connectivity Accuracy of Reconstructed Neural Networks."
129/9138,154/6363,432327,"Neural Reconstruction Integrity - A Metric for Assessing the Connectivity Accuracy of Reconstructed Neural Networks."
129/9138,177/9174,432327,"Neural Reconstruction Integrity - A Metric for Assessing the Connectivity Accuracy of Reconstructed Neural Networks."
131/6569,139/3779,432327,"Neural Reconstruction Integrity - A Metric for Assessing the Connectivity Accuracy of Reconstructed Neural Networks."
131/6569,154/6363,432327,"Neural Reconstruction Integrity - A Metric for Assessing the Connectivity Accuracy of Reconstructed Neural Networks."
131/6569,177/9174,432327,"Neural Reconstruction Integrity - A Metric for Assessing the Connectivity Accuracy of Reconstructed Neural Networks."
139/3779,154/6363,432327,"Neural Reconstruction Integrity - A Metric for Assessing the Connectivity Accuracy of Reconstructed Neural Networks."
139/3779,177/9174,432327,"Neural Reconstruction Integrity - A Metric for Assessing the Connectivity Accuracy of Reconstructed Neural Networks."
154/6363,177/9174,432327,"Neural Reconstruction Integrity - A Metric for Assessing the Connectivity Accuracy of Reconstructed Neural Networks."
150/4174,02/3459,446874,"Deep Neural Architectures for Mapping Scalp to Intracranial EEG."
150/4174,180/6102,446874,"Deep Neural Architectures for Mapping Scalp to Intracranial EEG."
150/4174,180/6034,446874,"Deep Neural Architectures for Mapping Scalp to Intracranial EEG."
150/4174,65/7490,446874,"Deep Neural Architectures for Mapping Scalp to Intracranial EEG."
150/4174,24/856,446874,"Deep Neural Architectures for Mapping Scalp to Intracranial EEG."
150/4174,98/679,446874,"Deep Neural Architectures for Mapping Scalp to Intracranial EEG."
02/3459,180/6102,446874,"Deep Neural Architectures for Mapping Scalp to Intracranial EEG."
02/3459,180/6034,446874,"Deep Neural Architectures for Mapping Scalp to Intracranial EEG."
02/3459,65/7490,446874,"Deep Neural Architectures for Mapping Scalp to Intracranial EEG."
02/3459,24/856,446874,"Deep Neural Architectures for Mapping Scalp to Intracranial EEG."
02/3459,98/679,446874,"Deep Neural Architectures for Mapping Scalp to Intracranial EEG."
180/6102,180/6034,446874,"Deep Neural Architectures for Mapping Scalp to Intracranial EEG."
180/6102,65/7490,446874,"Deep Neural Architectures for Mapping Scalp to Intracranial EEG."
180/6102,24/856,446874,"Deep Neural Architectures for Mapping Scalp to Intracranial EEG."
180/6102,98/679,446874,"Deep Neural Architectures for Mapping Scalp to Intracranial EEG."
180/6034,65/7490,446874,"Deep Neural Architectures for Mapping Scalp to Intracranial EEG."
180/6034,24/856,446874,"Deep Neural Architectures for Mapping Scalp to Intracranial EEG."
180/6034,98/679,446874,"Deep Neural Architectures for Mapping Scalp to Intracranial EEG."
65/7490,24/856,446874,"Deep Neural Architectures for Mapping Scalp to Intracranial EEG."
65/7490,98/679,446874,"Deep Neural Architectures for Mapping Scalp to Intracranial EEG."
24/856,98/679,446874,"Deep Neural Architectures for Mapping Scalp to Intracranial EEG."
160/4542,229/8514,446875,"Dynamic Redistribution of Plasticity in a Cerebellar Spiking Neural Network Reproducing an Associative Learning Task Perturbed by TMS."
160/4542,88/5557,446875,"Dynamic Redistribution of Plasticity in a Cerebellar Spiking Neural Network Reproducing an Associative Learning Task Perturbed by TMS."
160/4542,56/1525,446875,"Dynamic Redistribution of Plasticity in a Cerebellar Spiking Neural Network Reproducing an Associative Learning Task Perturbed by TMS."
160/4542,145/2736,446875,"Dynamic Redistribution of Plasticity in a Cerebellar Spiking Neural Network Reproducing an Associative Learning Task Perturbed by TMS."
229/8514,88/5557,446875,"Dynamic Redistribution of Plasticity in a Cerebellar Spiking Neural Network Reproducing an Associative Learning Task Perturbed by TMS."
229/8514,56/1525,446875,"Dynamic Redistribution of Plasticity in a Cerebellar Spiking Neural Network Reproducing an Associative Learning Task Perturbed by TMS."
229/8514,145/2736,446875,"Dynamic Redistribution of Plasticity in a Cerebellar Spiking Neural Network Reproducing an Associative Learning Task Perturbed by TMS."
88/5557,56/1525,446875,"Dynamic Redistribution of Plasticity in a Cerebellar Spiking Neural Network Reproducing an Associative Learning Task Perturbed by TMS."
88/5557,145/2736,446875,"Dynamic Redistribution of Plasticity in a Cerebellar Spiking Neural Network Reproducing an Associative Learning Task Perturbed by TMS."
56/1525,145/2736,446875,"Dynamic Redistribution of Plasticity in a Cerebellar Spiking Neural Network Reproducing an Associative Learning Task Perturbed by TMS."
94/11189,79/11187,446882,"Convergent Time-Varying Regression Models for Data Streams - Tracking Concept Drift by the Recursive Parzen-Based Generalized Regression Neural Networks."
94/11189,99/3158,446882,"Convergent Time-Varying Regression Models for Data Streams - Tracking Concept Drift by the Recursive Parzen-Based Generalized Regression Neural Networks."
79/11187,99/3158,446882,"Convergent Time-Varying Regression Models for Data Streams - Tracking Concept Drift by the Recursive Parzen-Based Generalized Regression Neural Networks."
184/4409,192/8101,446884,"Formulation and Implementation of Nonlinear Integral Equations to Model Neural Dynamics Within the Vertebrate Retina."
184/4409,69/11313,446884,"Formulation and Implementation of Nonlinear Integral Equations to Model Neural Dynamics Within the Vertebrate Retina."
184/4409,87/4344,446884,"Formulation and Implementation of Nonlinear Integral Equations to Model Neural Dynamics Within the Vertebrate Retina."
184/4409,21/3557,446884,"Formulation and Implementation of Nonlinear Integral Equations to Model Neural Dynamics Within the Vertebrate Retina."
184/4409,156/1738,446884,"Formulation and Implementation of Nonlinear Integral Equations to Model Neural Dynamics Within the Vertebrate Retina."
184/4409,42/5266,446884,"Formulation and Implementation of Nonlinear Integral Equations to Model Neural Dynamics Within the Vertebrate Retina."
184/4409,70/9913,446884,"Formulation and Implementation of Nonlinear Integral Equations to Model Neural Dynamics Within the Vertebrate Retina."
184/4409,184/4409,446884,"Formulation and Implementation of Nonlinear Integral Equations to Model Neural Dynamics Within the Vertebrate Retina."
192/8101,69/11313,446884,"Formulation and Implementation of Nonlinear Integral Equations to Model Neural Dynamics Within the Vertebrate Retina."
192/8101,87/4344,446884,"Formulation and Implementation of Nonlinear Integral Equations to Model Neural Dynamics Within the Vertebrate Retina."
192/8101,21/3557,446884,"Formulation and Implementation of Nonlinear Integral Equations to Model Neural Dynamics Within the Vertebrate Retina."
192/8101,156/1738,446884,"Formulation and Implementation of Nonlinear Integral Equations to Model Neural Dynamics Within the Vertebrate Retina."
192/8101,42/5266,446884,"Formulation and Implementation of Nonlinear Integral Equations to Model Neural Dynamics Within the Vertebrate Retina."
192/8101,70/9913,446884,"Formulation and Implementation of Nonlinear Integral Equations to Model Neural Dynamics Within the Vertebrate Retina."
192/8101,184/4409,446884,"Formulation and Implementation of Nonlinear Integral Equations to Model Neural Dynamics Within the Vertebrate Retina."
69/11313,87/4344,446884,"Formulation and Implementation of Nonlinear Integral Equations to Model Neural Dynamics Within the Vertebrate Retina."
69/11313,21/3557,446884,"Formulation and Implementation of Nonlinear Integral Equations to Model Neural Dynamics Within the Vertebrate Retina."
69/11313,156/1738,446884,"Formulation and Implementation of Nonlinear Integral Equations to Model Neural Dynamics Within the Vertebrate Retina."
69/11313,42/5266,446884,"Formulation and Implementation of Nonlinear Integral Equations to Model Neural Dynamics Within the Vertebrate Retina."
69/11313,70/9913,446884,"Formulation and Implementation of Nonlinear Integral Equations to Model Neural Dynamics Within the Vertebrate Retina."
69/11313,184/4409,446884,"Formulation and Implementation of Nonlinear Integral Equations to Model Neural Dynamics Within the Vertebrate Retina."
87/4344,21/3557,446884,"Formulation and Implementation of Nonlinear Integral Equations to Model Neural Dynamics Within the Vertebrate Retina."
87/4344,156/1738,446884,"Formulation and Implementation of Nonlinear Integral Equations to Model Neural Dynamics Within the Vertebrate Retina."
87/4344,42/5266,446884,"Formulation and Implementation of Nonlinear Integral Equations to Model Neural Dynamics Within the Vertebrate Retina."
87/4344,70/9913,446884,"Formulation and Implementation of Nonlinear Integral Equations to Model Neural Dynamics Within the Vertebrate Retina."
87/4344,184/4409,446884,"Formulation and Implementation of Nonlinear Integral Equations to Model Neural Dynamics Within the Vertebrate Retina."
21/3557,156/1738,446884,"Formulation and Implementation of Nonlinear Integral Equations to Model Neural Dynamics Within the Vertebrate Retina."
21/3557,42/5266,446884,"Formulation and Implementation of Nonlinear Integral Equations to Model Neural Dynamics Within the Vertebrate Retina."
21/3557,70/9913,446884,"Formulation and Implementation of Nonlinear Integral Equations to Model Neural Dynamics Within the Vertebrate Retina."
21/3557,184/4409,446884,"Formulation and Implementation of Nonlinear Integral Equations to Model Neural Dynamics Within the Vertebrate Retina."
156/1738,42/5266,446884,"Formulation and Implementation of Nonlinear Integral Equations to Model Neural Dynamics Within the Vertebrate Retina."
156/1738,70/9913,446884,"Formulation and Implementation of Nonlinear Integral Equations to Model Neural Dynamics Within the Vertebrate Retina."
156/1738,184/4409,446884,"Formulation and Implementation of Nonlinear Integral Equations to Model Neural Dynamics Within the Vertebrate Retina."
42/5266,70/9913,446884,"Formulation and Implementation of Nonlinear Integral Equations to Model Neural Dynamics Within the Vertebrate Retina."
42/5266,184/4409,446884,"Formulation and Implementation of Nonlinear Integral Equations to Model Neural Dynamics Within the Vertebrate Retina."
70/9913,184/4409,446884,"Formulation and Implementation of Nonlinear Integral Equations to Model Neural Dynamics Within the Vertebrate Retina."
153/6656,165/1014,446886,"Neural Correlates of Phrase Quadrature Perception in Harmonic Rhythm - An EEG Study Using a Brain-Computer Interface."
153/6656,13/878,446886,"Neural Correlates of Phrase Quadrature Perception in Harmonic Rhythm - An EEG Study Using a Brain-Computer Interface."
153/6656,153/6627,446886,"Neural Correlates of Phrase Quadrature Perception in Harmonic Rhythm - An EEG Study Using a Brain-Computer Interface."
153/6656,f/AFdCaballero,446886,"Neural Correlates of Phrase Quadrature Perception in Harmonic Rhythm - An EEG Study Using a Brain-Computer Interface."
165/1014,13/878,446886,"Neural Correlates of Phrase Quadrature Perception in Harmonic Rhythm - An EEG Study Using a Brain-Computer Interface."
165/1014,153/6627,446886,"Neural Correlates of Phrase Quadrature Perception in Harmonic Rhythm - An EEG Study Using a Brain-Computer Interface."
165/1014,f/AFdCaballero,446886,"Neural Correlates of Phrase Quadrature Perception in Harmonic Rhythm - An EEG Study Using a Brain-Computer Interface."
13/878,153/6627,446886,"Neural Correlates of Phrase Quadrature Perception in Harmonic Rhythm - An EEG Study Using a Brain-Computer Interface."
13/878,f/AFdCaballero,446886,"Neural Correlates of Phrase Quadrature Perception in Harmonic Rhythm - An EEG Study Using a Brain-Computer Interface."
153/6627,f/AFdCaballero,446886,"Neural Correlates of Phrase Quadrature Perception in Harmonic Rhythm - An EEG Study Using a Brain-Computer Interface."
171/8768,145/2736,446889,"A Multiple-Plasticity Spiking Neural Network Embedded in a Closed-Loop Control System to Model Cerebellar Pathologies."
171/8768,160/4542,446889,"A Multiple-Plasticity Spiking Neural Network Embedded in a Closed-Loop Control System to Model Cerebellar Pathologies."
171/8768,88/5557,446889,"A Multiple-Plasticity Spiking Neural Network Embedded in a Closed-Loop Control System to Model Cerebellar Pathologies."
171/8768,56/1525,446889,"A Multiple-Plasticity Spiking Neural Network Embedded in a Closed-Loop Control System to Model Cerebellar Pathologies."
145/2736,160/4542,446889,"A Multiple-Plasticity Spiking Neural Network Embedded in a Closed-Loop Control System to Model Cerebellar Pathologies."
145/2736,88/5557,446889,"A Multiple-Plasticity Spiking Neural Network Embedded in a Closed-Loop Control System to Model Cerebellar Pathologies."
145/2736,56/1525,446889,"A Multiple-Plasticity Spiking Neural Network Embedded in a Closed-Loop Control System to Model Cerebellar Pathologies."
160/4542,88/5557,446889,"A Multiple-Plasticity Spiking Neural Network Embedded in a Closed-Loop Control System to Model Cerebellar Pathologies."
160/4542,56/1525,446889,"A Multiple-Plasticity Spiking Neural Network Embedded in a Closed-Loop Control System to Model Cerebellar Pathologies."
88/5557,56/1525,446889,"A Multiple-Plasticity Spiking Neural Network Embedded in a Closed-Loop Control System to Model Cerebellar Pathologies."
216/6132,51/1982,446892,"Neural Oscillation Correlates Chemistry Decision-Making."
216/6132,71/2079,446892,"Neural Oscillation Correlates Chemistry Decision-Making."
51/1982,71/2079,446892,"Neural Oscillation Correlates Chemistry Decision-Making."
65/2829,30/3708,446897,"Announcement - The 2018 Hojjat Adeli Award for Outstanding Contributions in Neural Systems."
65/2829,90/1061,446897,"Announcement - The 2018 Hojjat Adeli Award for Outstanding Contributions in Neural Systems."
65/2829,228/9504,446897,"Announcement - The 2018 Hojjat Adeli Award for Outstanding Contributions in Neural Systems."
65/2829,25/11048,446897,"Announcement - The 2018 Hojjat Adeli Award for Outstanding Contributions in Neural Systems."
65/2829,28/1626,446897,"Announcement - The 2018 Hojjat Adeli Award for Outstanding Contributions in Neural Systems."
30/3708,90/1061,446897,"Announcement - The 2018 Hojjat Adeli Award for Outstanding Contributions in Neural Systems."
30/3708,228/9504,446897,"Announcement - The 2018 Hojjat Adeli Award for Outstanding Contributions in Neural Systems."
30/3708,25/11048,446897,"Announcement - The 2018 Hojjat Adeli Award for Outstanding Contributions in Neural Systems."
30/3708,28/1626,446897,"Announcement - The 2018 Hojjat Adeli Award for Outstanding Contributions in Neural Systems."
90/1061,228/9504,446897,"Announcement - The 2018 Hojjat Adeli Award for Outstanding Contributions in Neural Systems."
90/1061,25/11048,446897,"Announcement - The 2018 Hojjat Adeli Award for Outstanding Contributions in Neural Systems."
90/1061,28/1626,446897,"Announcement - The 2018 Hojjat Adeli Award for Outstanding Contributions in Neural Systems."
228/9504,25/11048,446897,"Announcement - The 2018 Hojjat Adeli Award for Outstanding Contributions in Neural Systems."
228/9504,28/1626,446897,"Announcement - The 2018 Hojjat Adeli Award for Outstanding Contributions in Neural Systems."
25/11048,28/1626,446897,"Announcement - The 2018 Hojjat Adeli Award for Outstanding Contributions in Neural Systems."
64/6025-6,143/0259,446898,"A Dual Stimuli Approach Combined with Convolutional Neural Network to Improve Information Transfer Rate of Event-Related Potential-Based Brain-Computer Interface."
64/6025-6,174/5725,446898,"A Dual Stimuli Approach Combined with Convolutional Neural Network to Improve Information Transfer Rate of Event-Related Potential-Based Brain-Computer Interface."
64/6025-6,29/2868,446898,"A Dual Stimuli Approach Combined with Convolutional Neural Network to Improve Information Transfer Rate of Event-Related Potential-Based Brain-Computer Interface."
64/6025-6,00/34,446898,"A Dual Stimuli Approach Combined with Convolutional Neural Network to Improve Information Transfer Rate of Event-Related Potential-Based Brain-Computer Interface."
64/6025-6,49/3543,446898,"A Dual Stimuli Approach Combined with Convolutional Neural Network to Improve Information Transfer Rate of Event-Related Potential-Based Brain-Computer Interface."
143/0259,174/5725,446898,"A Dual Stimuli Approach Combined with Convolutional Neural Network to Improve Information Transfer Rate of Event-Related Potential-Based Brain-Computer Interface."
143/0259,29/2868,446898,"A Dual Stimuli Approach Combined with Convolutional Neural Network to Improve Information Transfer Rate of Event-Related Potential-Based Brain-Computer Interface."
143/0259,00/34,446898,"A Dual Stimuli Approach Combined with Convolutional Neural Network to Improve Information Transfer Rate of Event-Related Potential-Based Brain-Computer Interface."
143/0259,49/3543,446898,"A Dual Stimuli Approach Combined with Convolutional Neural Network to Improve Information Transfer Rate of Event-Related Potential-Based Brain-Computer Interface."
174/5725,29/2868,446898,"A Dual Stimuli Approach Combined with Convolutional Neural Network to Improve Information Transfer Rate of Event-Related Potential-Based Brain-Computer Interface."
174/5725,00/34,446898,"A Dual Stimuli Approach Combined with Convolutional Neural Network to Improve Information Transfer Rate of Event-Related Potential-Based Brain-Computer Interface."
174/5725,49/3543,446898,"A Dual Stimuli Approach Combined with Convolutional Neural Network to Improve Information Transfer Rate of Event-Related Potential-Based Brain-Computer Interface."
29/2868,00/34,446898,"A Dual Stimuli Approach Combined with Convolutional Neural Network to Improve Information Transfer Rate of Event-Related Potential-Based Brain-Computer Interface."
29/2868,49/3543,446898,"A Dual Stimuli Approach Combined with Convolutional Neural Network to Improve Information Transfer Rate of Event-Related Potential-Based Brain-Computer Interface."
00/34,49/3543,446898,"A Dual Stimuli Approach Combined with Convolutional Neural Network to Improve Information Transfer Rate of Event-Related Potential-Based Brain-Computer Interface."
135/2815,162/9553,446901,"A 3D Convolutional Neural Network to Model Retinal Ganglion Cell's Responses to Light Patterns in Mice."
135/2815,79/5792,446901,"A 3D Convolutional Neural Network to Model Retinal Ganglion Cell's Responses to Light Patterns in Mice."
135/2815,21/5607,446901,"A 3D Convolutional Neural Network to Model Retinal Ganglion Cell's Responses to Light Patterns in Mice."
135/2815,41/2868,446901,"A 3D Convolutional Neural Network to Model Retinal Ganglion Cell's Responses to Light Patterns in Mice."
135/2815,66/8108,446901,"A 3D Convolutional Neural Network to Model Retinal Ganglion Cell's Responses to Light Patterns in Mice."
162/9553,79/5792,446901,"A 3D Convolutional Neural Network to Model Retinal Ganglion Cell's Responses to Light Patterns in Mice."
162/9553,21/5607,446901,"A 3D Convolutional Neural Network to Model Retinal Ganglion Cell's Responses to Light Patterns in Mice."
162/9553,41/2868,446901,"A 3D Convolutional Neural Network to Model Retinal Ganglion Cell's Responses to Light Patterns in Mice."
162/9553,66/8108,446901,"A 3D Convolutional Neural Network to Model Retinal Ganglion Cell's Responses to Light Patterns in Mice."
79/5792,21/5607,446901,"A 3D Convolutional Neural Network to Model Retinal Ganglion Cell's Responses to Light Patterns in Mice."
79/5792,41/2868,446901,"A 3D Convolutional Neural Network to Model Retinal Ganglion Cell's Responses to Light Patterns in Mice."
79/5792,66/8108,446901,"A 3D Convolutional Neural Network to Model Retinal Ganglion Cell's Responses to Light Patterns in Mice."
21/5607,41/2868,446901,"A 3D Convolutional Neural Network to Model Retinal Ganglion Cell's Responses to Light Patterns in Mice."
21/5607,66/8108,446901,"A 3D Convolutional Neural Network to Model Retinal Ganglion Cell's Responses to Light Patterns in Mice."
41/2868,66/8108,446901,"A 3D Convolutional Neural Network to Model Retinal Ganglion Cell's Responses to Light Patterns in Mice."
37/1873,37/1873,446902,"Neurophysiological Analysis of the Genesis Mechanism of EEG During the Interictal and Ictal Periods Using a Multiple Neural Masses Model."
56/11155,g/JuanManuelGorriz,446903,"Convolutional Neural Networks for Neuroimaging in Parkinson's Disease - Is Preprocessing Needed?"
56/11155,75/1365-1,446903,"Convolutional Neural Networks for Neuroimaging in Parkinson's Disease - Is Preprocessing Needed?"
56/11155,31/1885,446903,"Convolutional Neural Networks for Neuroimaging in Parkinson's Disease - Is Preprocessing Needed?"
g/JuanManuelGorriz,75/1365-1,446903,"Convolutional Neural Networks for Neuroimaging in Parkinson's Disease - Is Preprocessing Needed?"
g/JuanManuelGorriz,31/1885,446903,"Convolutional Neural Networks for Neuroimaging in Parkinson's Disease - Is Preprocessing Needed?"
75/1365-1,31/1885,446903,"Convolutional Neural Networks for Neuroimaging in Parkinson's Disease - Is Preprocessing Needed?"
64/8897,42/3570,446908,"Evidence of a Task-Independent Neural Signature in the Spectral Shape of the Electroencephalogram."
64/8897,61/6223,446908,"Evidence of a Task-Independent Neural Signature in the Spectral Shape of the Electroencephalogram."
64/8897,177/7435,446908,"Evidence of a Task-Independent Neural Signature in the Spectral Shape of the Electroencephalogram."
42/3570,61/6223,446908,"Evidence of a Task-Independent Neural Signature in the Spectral Shape of the Electroencephalogram."
42/3570,177/7435,446908,"Evidence of a Task-Independent Neural Signature in the Spectral Shape of the Electroencephalogram."
61/6223,177/7435,446908,"Evidence of a Task-Independent Neural Signature in the Spectral Shape of the Electroencephalogram."
71/3314,10/5495,446911,"Feature Extraction with GMDH-Type Neural Networks for EEG-Based Person Identification."
71/3314,228/2632,446911,"Feature Extraction with GMDH-Type Neural Networks for EEG-Based Person Identification."
71/3314,229/8455,446911,"Feature Extraction with GMDH-Type Neural Networks for EEG-Based Person Identification."
71/3314,42/6144,446911,"Feature Extraction with GMDH-Type Neural Networks for EEG-Based Person Identification."
10/5495,228/2632,446911,"Feature Extraction with GMDH-Type Neural Networks for EEG-Based Person Identification."
10/5495,229/8455,446911,"Feature Extraction with GMDH-Type Neural Networks for EEG-Based Person Identification."
10/5495,42/6144,446911,"Feature Extraction with GMDH-Type Neural Networks for EEG-Based Person Identification."
228/2632,229/8455,446911,"Feature Extraction with GMDH-Type Neural Networks for EEG-Based Person Identification."
228/2632,42/6144,446911,"Feature Extraction with GMDH-Type Neural Networks for EEG-Based Person Identification."
229/8455,42/6144,446911,"Feature Extraction with GMDH-Type Neural Networks for EEG-Based Person Identification."
150/2824,139/8714,446915,"Structured Pyramidal Neural Networks."
150/2824,72/164,446915,"Structured Pyramidal Neural Networks."
139/8714,72/164,446915,"Structured Pyramidal Neural Networks."
176/8857,229/8400,446921,"Simplified and Yet Turing Universal Spiking Neural P Systems with Communication on Request."
176/8857,93/263,446921,"Simplified and Yet Turing Universal Spiking Neural P Systems with Communication on Request."
176/8857,88/1941,446921,"Simplified and Yet Turing Universal Spiking Neural P Systems with Communication on Request."
176/8857,94/1609,446921,"Simplified and Yet Turing Universal Spiking Neural P Systems with Communication on Request."
229/8400,93/263,446921,"Simplified and Yet Turing Universal Spiking Neural P Systems with Communication on Request."
229/8400,88/1941,446921,"Simplified and Yet Turing Universal Spiking Neural P Systems with Communication on Request."
229/8400,94/1609,446921,"Simplified and Yet Turing Universal Spiking Neural P Systems with Communication on Request."
93/263,88/1941,446921,"Simplified and Yet Turing Universal Spiking Neural P Systems with Communication on Request."
93/263,94/1609,446921,"Simplified and Yet Turing Universal Spiking Neural P Systems with Communication on Request."
88/1941,94/1609,446921,"Simplified and Yet Turing Universal Spiking Neural P Systems with Communication on Request."
60/3192,b/MariaJoseCastroBleda,446925,"Efficient Embedded Decoding of Neural Network Language Models in a Machine Translation System."
215/7588,182/1000,457454,"Protein secondary structure prediction improved by recurrent neural networks integrated with two-dimensional convolutional neural networks."
215/7588,74/637-6,457454,"Protein secondary structure prediction improved by recurrent neural networks integrated with two-dimensional convolutional neural networks."
215/7588,44/1249,457454,"Protein secondary structure prediction improved by recurrent neural networks integrated with two-dimensional convolutional neural networks."
182/1000,74/637-6,457454,"Protein secondary structure prediction improved by recurrent neural networks integrated with two-dimensional convolutional neural networks."
182/1000,44/1249,457454,"Protein secondary structure prediction improved by recurrent neural networks integrated with two-dimensional convolutional neural networks."
74/637-6,44/1249,457454,"Protein secondary structure prediction improved by recurrent neural networks integrated with two-dimensional convolutional neural networks."
160/5057,05/4118,470282,"Dynamic Power Reduction in Scalable Neural Recording Interface Using Spatiotemporal Correlation and Temporal Sparsity of Neural Signals."
160/5057,160/5157,470282,"Dynamic Power Reduction in Scalable Neural Recording Interface Using Spatiotemporal Correlation and Temporal Sparsity of Neural Signals."
160/5057,54/10350,470282,"Dynamic Power Reduction in Scalable Neural Recording Interface Using Spatiotemporal Correlation and Temporal Sparsity of Neural Signals."
05/4118,160/5157,470282,"Dynamic Power Reduction in Scalable Neural Recording Interface Using Spatiotemporal Correlation and Temporal Sparsity of Neural Signals."
05/4118,54/10350,470282,"Dynamic Power Reduction in Scalable Neural Recording Interface Using Spatiotemporal Correlation and Temporal Sparsity of Neural Signals."
160/5157,54/10350,470282,"Dynamic Power Reduction in Scalable Neural Recording Interface Using Spatiotemporal Correlation and Temporal Sparsity of Neural Signals."
142/6165,95/10376,472365,"Resistivity-Based Temperature Estimation of the Kakkonda Geothermal Field, Japan, Using a Neural Network and Neural Kriging."
142/6165,223/8813,472365,"Resistivity-Based Temperature Estimation of the Kakkonda Geothermal Field, Japan, Using a Neural Network and Neural Kriging."
142/6165,223/8899,472365,"Resistivity-Based Temperature Estimation of the Kakkonda Geothermal Field, Japan, Using a Neural Network and Neural Kriging."
142/6165,223/8850,472365,"Resistivity-Based Temperature Estimation of the Kakkonda Geothermal Field, Japan, Using a Neural Network and Neural Kriging."
142/6165,223/8861,472365,"Resistivity-Based Temperature Estimation of the Kakkonda Geothermal Field, Japan, Using a Neural Network and Neural Kriging."
95/10376,223/8813,472365,"Resistivity-Based Temperature Estimation of the Kakkonda Geothermal Field, Japan, Using a Neural Network and Neural Kriging."
95/10376,223/8899,472365,"Resistivity-Based Temperature Estimation of the Kakkonda Geothermal Field, Japan, Using a Neural Network and Neural Kriging."
95/10376,223/8850,472365,"Resistivity-Based Temperature Estimation of the Kakkonda Geothermal Field, Japan, Using a Neural Network and Neural Kriging."
95/10376,223/8861,472365,"Resistivity-Based Temperature Estimation of the Kakkonda Geothermal Field, Japan, Using a Neural Network and Neural Kriging."
223/8813,223/8899,472365,"Resistivity-Based Temperature Estimation of the Kakkonda Geothermal Field, Japan, Using a Neural Network and Neural Kriging."
223/8813,223/8850,472365,"Resistivity-Based Temperature Estimation of the Kakkonda Geothermal Field, Japan, Using a Neural Network and Neural Kriging."
223/8813,223/8861,472365,"Resistivity-Based Temperature Estimation of the Kakkonda Geothermal Field, Japan, Using a Neural Network and Neural Kriging."
223/8899,223/8850,472365,"Resistivity-Based Temperature Estimation of the Kakkonda Geothermal Field, Japan, Using a Neural Network and Neural Kriging."
223/8899,223/8861,472365,"Resistivity-Based Temperature Estimation of the Kakkonda Geothermal Field, Japan, Using a Neural Network and Neural Kriging."
223/8850,223/8861,472365,"Resistivity-Based Temperature Estimation of the Kakkonda Geothermal Field, Japan, Using a Neural Network and Neural Kriging."
211/0080,215/4440,474026,"How convolutional neural networks see the world - A survey of convolutional neural network visualization methods."
211/0080,151/4584,474026,"How convolutional neural networks see the world - A survey of convolutional neural network visualization methods."
211/0080,64/3062-10,474026,"How convolutional neural networks see the world - A survey of convolutional neural network visualization methods."
215/4440,151/4584,474026,"How convolutional neural networks see the world - A survey of convolutional neural network visualization methods."
215/4440,64/3062-10,474026,"How convolutional neural networks see the world - A survey of convolutional neural network visualization methods."
151/4584,64/3062-10,474026,"How convolutional neural networks see the world - A survey of convolutional neural network visualization methods."
221/1285,200/1843,478832,"Combination of particle swarm optimization algorithm and artificial neural network to propose an efficient controller for vehicle handling in uncertain road conditions."
211/0630,218/7052,478840,"Fast-forward solver for inhomogeneous media using machine learning methods - artificial neural network, support vector machine and fuzzy logic."
211/0630,140/4274,478840,"Fast-forward solver for inhomogeneous media using machine learning methods - artificial neural network, support vector machine and fuzzy logic."
218/7052,140/4274,478840,"Fast-forward solver for inhomogeneous media using machine learning methods - artificial neural network, support vector machine and fuzzy logic."
218/7043,218/7482,478842,"Probabilistic identification of subsurface gypsum geohazards using artificial neural networks."
218/7043,218/7411,478842,"Probabilistic identification of subsurface gypsum geohazards using artificial neural networks."
218/7482,218/7411,478842,"Probabilistic identification of subsurface gypsum geohazards using artificial neural networks."
43/8508,46/10960,478844,"Tire lateral force estimation and grip potential identification using Neural Networks, Extended Kalman Filter, and Recursive Least Squares."
172/9162,40/6440,478845,"Radial basis function neural network-based face recognition using firefly algorithm."
152/5361,168/2063,478846,"A comparative study of fuzzy PSO and fuzzy SVD-based RBF neural network for multi-label classification."
152/5361,213/2732,478846,"A comparative study of fuzzy PSO and fuzzy SVD-based RBF neural network for multi-label classification."
152/5361,122/1934,478846,"A comparative study of fuzzy PSO and fuzzy SVD-based RBF neural network for multi-label classification."
168/2063,213/2732,478846,"A comparative study of fuzzy PSO and fuzzy SVD-based RBF neural network for multi-label classification."
168/2063,122/1934,478846,"A comparative study of fuzzy PSO and fuzzy SVD-based RBF neural network for multi-label classification."
213/2732,122/1934,478846,"A comparative study of fuzzy PSO and fuzzy SVD-based RBF neural network for multi-label classification."
202/9182,202/9182,478854,"Applications of artificial intelligence and hybrid neural network methods with new bonding method to prevent electroshock risk and insulation faults in high-voltage underground cable lines."
138/6274,217/3963,478855,"A Hopfield neural network with multi-compartmental activation."
219/0958,19/6782,478861,"A P2P Botnet detection scheme based on decision tree and adaptive multilayer neural networks."
219/0958,89/5992-13,478861,"A P2P Botnet detection scheme based on decision tree and adaptive multilayer neural networks."
219/0958,97/9983,478861,"A P2P Botnet detection scheme based on decision tree and adaptive multilayer neural networks."
219/0958,38/4585,478861,"A P2P Botnet detection scheme based on decision tree and adaptive multilayer neural networks."
19/6782,89/5992-13,478861,"A P2P Botnet detection scheme based on decision tree and adaptive multilayer neural networks."
19/6782,97/9983,478861,"A P2P Botnet detection scheme based on decision tree and adaptive multilayer neural networks."
19/6782,38/4585,478861,"A P2P Botnet detection scheme based on decision tree and adaptive multilayer neural networks."
89/5992-13,97/9983,478861,"A P2P Botnet detection scheme based on decision tree and adaptive multilayer neural networks."
89/5992-13,38/4585,478861,"A P2P Botnet detection scheme based on decision tree and adaptive multilayer neural networks."
97/9983,38/4585,478861,"A P2P Botnet detection scheme based on decision tree and adaptive multilayer neural networks."
30/3282,50/6061,478864,"Delay-dependent ℋ∞ performance state estimation of static delayed neural networks using sampled-data control."
30/3282,66/589,478864,"Delay-dependent ℋ∞ performance state estimation of static delayed neural networks using sampled-data control."
50/6061,66/589,478864,"Delay-dependent ℋ∞ performance state estimation of static delayed neural networks using sampled-data control."
30/3282,50/6061,478865,"Design of passivity and passification for delayed neural networks with Markovian jump parameters via non-uniform sampled-data control."
30/3282,154/1836,478865,"Design of passivity and passification for delayed neural networks with Markovian jump parameters via non-uniform sampled-data control."
50/6061,154/1836,478865,"Design of passivity and passification for delayed neural networks with Markovian jump parameters via non-uniform sampled-data control."
30/3282,18/2214-1,478866,"Finite-time L2-gain analysis for switched neural networks with time-varying delay."
231/2398,202/8506,478879,"A Levy flight-based grey wolf optimizer combined with back-propagation algorithm for neural network training."
231/2398,54/5792,478879,"A Levy flight-based grey wolf optimizer combined with back-propagation algorithm for neural network training."
202/8506,54/5792,478879,"A Levy flight-based grey wolf optimizer combined with back-propagation algorithm for neural network training."
79/6988,44/3507,478881,"Fast 2D/3D object representation with growing neural gas."
79/6988,92/9685,478881,"Fast 2D/3D object representation with growing neural gas."
79/6988,12/3320,478881,"Fast 2D/3D object representation with growing neural gas."
79/6988,25/1735,478881,"Fast 2D/3D object representation with growing neural gas."
44/3507,92/9685,478881,"Fast 2D/3D object representation with growing neural gas."
44/3507,12/3320,478881,"Fast 2D/3D object representation with growing neural gas."
44/3507,25/1735,478881,"Fast 2D/3D object representation with growing neural gas."
92/9685,12/3320,478881,"Fast 2D/3D object representation with growing neural gas."
92/9685,25/1735,478881,"Fast 2D/3D object representation with growing neural gas."
12/3320,25/1735,478881,"Fast 2D/3D object representation with growing neural gas."
58/6493,133/8519,478882,"Crop suitability prediction in Vellore District using rough set on fuzzy approximation space and neural network."
35/5426,35/5426,478883,"Oscillation of impulsive neutral delay generalized high-order Hopfield neural networks."
22/6906,22/6906,478884,"SI - ICONIP 2015 - Neural networks - theory, design and applications."
217/3939,217/3934,478892,"Artificial neural network modelling of Cr(VI) surface adsorption with NiO nanoparticles using the results obtained from optimization of response surface methodology."
217/3939,217/3917,478892,"Artificial neural network modelling of Cr(VI) surface adsorption with NiO nanoparticles using the results obtained from optimization of response surface methodology."
217/3934,217/3917,478892,"Artificial neural network modelling of Cr(VI) surface adsorption with NiO nanoparticles using the results obtained from optimization of response surface methodology."
217/3939,217/3934,478893,"Correction to - Artificial neural network modelling of Cr(VI) surface adsorption with NiO nanoparticles using the results obtained from optimization of response surface methodology."
217/3939,217/3917,478893,"Correction to - Artificial neural network modelling of Cr(VI) surface adsorption with NiO nanoparticles using the results obtained from optimization of response surface methodology."
217/3934,217/3917,478893,"Correction to - Artificial neural network modelling of Cr(VI) surface adsorption with NiO nanoparticles using the results obtained from optimization of response surface methodology."
47/5,225/8005,478896,"Enhanced RBF neural network model for time series prediction of solar cells panel depending on climate conditions (temperature and irradiance)."
34/3883,21/1729,478900,"Neural network rule extraction for gaining insight into the characteristics of poverty."
07/5653,65/1484,478911,"A neural network-based intelligent cognitive state recognizer for confidence-based e-learning system."
07/5653,213/2662,478911,"A neural network-based intelligent cognitive state recognizer for confidence-based e-learning system."
65/1484,213/2662,478911,"A neural network-based intelligent cognitive state recognizer for confidence-based e-learning system."
32/8982,19/2522,478918,"LVQ neural network optimized implementation on FPGA devices with multiple-wordlength operations for real-time systems."
32/8982,49/8978,478918,"LVQ neural network optimized implementation on FPGA devices with multiple-wordlength operations for real-time systems."
32/8982,73/5060,478918,"LVQ neural network optimized implementation on FPGA devices with multiple-wordlength operations for real-time systems."
19/2522,49/8978,478918,"LVQ neural network optimized implementation on FPGA devices with multiple-wordlength operations for real-time systems."
19/2522,73/5060,478918,"LVQ neural network optimized implementation on FPGA devices with multiple-wordlength operations for real-time systems."
49/8978,73/5060,478918,"LVQ neural network optimized implementation on FPGA devices with multiple-wordlength operations for real-time systems."
218/7516,116/7714,478921,"A novel hybrid artificial intelligent approach based on neural fuzzy inference model and particle swarm optimization for horizontal displacement modeling of hydropower dam."
218/7516,206/5806,478921,"A novel hybrid artificial intelligent approach based on neural fuzzy inference model and particle swarm optimization for horizontal displacement modeling of hydropower dam."
218/7516,218/7000,478921,"A novel hybrid artificial intelligent approach based on neural fuzzy inference model and particle swarm optimization for horizontal displacement modeling of hydropower dam."
218/7516,116/7776,478921,"A novel hybrid artificial intelligent approach based on neural fuzzy inference model and particle swarm optimization for horizontal displacement modeling of hydropower dam."
116/7714,206/5806,478921,"A novel hybrid artificial intelligent approach based on neural fuzzy inference model and particle swarm optimization for horizontal displacement modeling of hydropower dam."
116/7714,218/7000,478921,"A novel hybrid artificial intelligent approach based on neural fuzzy inference model and particle swarm optimization for horizontal displacement modeling of hydropower dam."
116/7714,116/7776,478921,"A novel hybrid artificial intelligent approach based on neural fuzzy inference model and particle swarm optimization for horizontal displacement modeling of hydropower dam."
206/5806,218/7000,478921,"A novel hybrid artificial intelligent approach based on neural fuzzy inference model and particle swarm optimization for horizontal displacement modeling of hydropower dam."
206/5806,116/7776,478921,"A novel hybrid artificial intelligent approach based on neural fuzzy inference model and particle swarm optimization for horizontal displacement modeling of hydropower dam."
218/7000,116/7776,478921,"A novel hybrid artificial intelligent approach based on neural fuzzy inference model and particle swarm optimization for horizontal displacement modeling of hydropower dam."
30/2702,29/1005,478939,"A computational approach for nuclear export signals identification using spiking neural P systems."
30/2702,82/1331,478939,"A computational approach for nuclear export signals identification using spiking neural P systems."
30/2702,92/5826,478939,"A computational approach for nuclear export signals identification using spiking neural P systems."
30/2702,176/8857,478939,"A computational approach for nuclear export signals identification using spiking neural P systems."
30/2702,24/7606,478939,"A computational approach for nuclear export signals identification using spiking neural P systems."
29/1005,82/1331,478939,"A computational approach for nuclear export signals identification using spiking neural P systems."
29/1005,92/5826,478939,"A computational approach for nuclear export signals identification using spiking neural P systems."
29/1005,176/8857,478939,"A computational approach for nuclear export signals identification using spiking neural P systems."
29/1005,24/7606,478939,"A computational approach for nuclear export signals identification using spiking neural P systems."
82/1331,92/5826,478939,"A computational approach for nuclear export signals identification using spiking neural P systems."
82/1331,176/8857,478939,"A computational approach for nuclear export signals identification using spiking neural P systems."
82/1331,24/7606,478939,"A computational approach for nuclear export signals identification using spiking neural P systems."
92/5826,176/8857,478939,"A computational approach for nuclear export signals identification using spiking neural P systems."
92/5826,24/7606,478939,"A computational approach for nuclear export signals identification using spiking neural P systems."
176/8857,24/7606,478939,"A computational approach for nuclear export signals identification using spiking neural P systems."
166/7572,19/8188,478944,"Finite-time stability analysis for fractional-order Cohen-Grossberg BAM neural networks with time delays."
166/7572,76/7578,478944,"Finite-time stability analysis for fractional-order Cohen-Grossberg BAM neural networks with time delays."
166/7572,157/0251,478944,"Finite-time stability analysis for fractional-order Cohen-Grossberg BAM neural networks with time delays."
19/8188,76/7578,478944,"Finite-time stability analysis for fractional-order Cohen-Grossberg BAM neural networks with time delays."
19/8188,157/0251,478944,"Finite-time stability analysis for fractional-order Cohen-Grossberg BAM neural networks with time delays."
76/7578,157/0251,478944,"Finite-time stability analysis for fractional-order Cohen-Grossberg BAM neural networks with time delays."
75/7278,216/1176,478949,"Virtual reality research of the dynamic characteristics of soft soil under metro vibration loads based on BP neural networks."
153/0321,68/3870,478953,"Spectrum occupancy prediction based on functional link artificial neural network (FLANN) in ISM band."
153/0321,38/7799,478953,"Spectrum occupancy prediction based on functional link artificial neural network (FLANN) in ISM band."
68/3870,38/7799,478953,"Spectrum occupancy prediction based on functional link artificial neural network (FLANN) in ISM band."
226/9804,226/9804,478956,"Evaluation of a pressure head and pressure zones in water distribution systems by artificial neural networks."
216/0567,216/0567,478966,"Virtual reality research on vibration characteristics of long-span bridges with considering vehicle and wind loads based on neural networks and finite element method."
198/6148,213/2621,478968,"A novel MPPT algorithm based on optimized artificial neural network by using FPSOGSA for standalone photovoltaic energy systems."
198/6148,97/7482,478968,"A novel MPPT algorithm based on optimized artificial neural network by using FPSOGSA for standalone photovoltaic energy systems."
213/2621,97/7482,478968,"A novel MPPT algorithm based on optimized artificial neural network by using FPSOGSA for standalone photovoltaic energy systems."
213/2692,213/2692,478971,"Artificial neural network model for effective cancer classification using microarray gene expression data."
213/2692,213/2748,478973,"Comparative study of artificial neural network for classification of hot and cold recombination regions in Saccharomyces cerevisiae."
24/5125,230/2305,478976,"Transmission of nanoscale information-based neural communication-aware ligand-receptor interactions."
24/5125,04/8069,478976,"Transmission of nanoscale information-based neural communication-aware ligand-receptor interactions."
230/2305,04/8069,478976,"Transmission of nanoscale information-based neural communication-aware ligand-receptor interactions."
75/7662,66/645,478990,"A recurrent neural network with finite-time convergence for convex quadratic bilevel programming problems."
75/7662,230/2117,478990,"A recurrent neural network with finite-time convergence for convex quadratic bilevel programming problems."
75/7662,62/6924,478990,"A recurrent neural network with finite-time convergence for convex quadratic bilevel programming problems."
66/645,230/2117,478990,"A recurrent neural network with finite-time convergence for convex quadratic bilevel programming problems."
66/645,62/6924,478990,"A recurrent neural network with finite-time convergence for convex quadratic bilevel programming problems."
230/2117,62/6924,478990,"A recurrent neural network with finite-time convergence for convex quadratic bilevel programming problems."
02/7072,214/1352,478992,"Time series forecasting by recurrent product unit neural networks."
02/7072,85/2221,478992,"Time series forecasting by recurrent product unit neural networks."
02/7072,95/7770,478992,"Time series forecasting by recurrent product unit neural networks."
02/7072,h/CesarHervasMartinez,478992,"Time series forecasting by recurrent product unit neural networks."
214/1352,85/2221,478992,"Time series forecasting by recurrent product unit neural networks."
214/1352,95/7770,478992,"Time series forecasting by recurrent product unit neural networks."
214/1352,h/CesarHervasMartinez,478992,"Time series forecasting by recurrent product unit neural networks."
85/2221,95/7770,478992,"Time series forecasting by recurrent product unit neural networks."
85/2221,h/CesarHervasMartinez,478992,"Time series forecasting by recurrent product unit neural networks."
95/7770,h/CesarHervasMartinez,478992,"Time series forecasting by recurrent product unit neural networks."
02/4420,70/8228,478993,"Sensitivity versus accuracy in ensemble models of Artificial Neural Networks from Multi-objective Evolutionary Algorithms."
02/4420,h/CesarHervasMartinez,478993,"Sensitivity versus accuracy in ensemble models of Artificial Neural Networks from Multi-objective Evolutionary Algorithms."
70/8228,h/CesarHervasMartinez,478993,"Sensitivity versus accuracy in ensemble models of Artificial Neural Networks from Multi-objective Evolutionary Algorithms."
216/0611,216/1182,478995,"FEM-based neural network modeling of laser-assisted bending."
216/0611,128/8706,478995,"FEM-based neural network modeling of laser-assisted bending."
216/1182,128/8706,478995,"FEM-based neural network modeling of laser-assisted bending."
83/6345,223/2908,478996,"Smooth statistical modeling of bivariate non-monotonic data by a three-stage LUT neural system."
12/6105,12/6105,478998,"Multiple neural control and stabilization."
228/7493,210/6526,479007,"Prediction of creep curve of HP40Nb steel using artificial neural network."
183/5969,44/1276,479012,"A note on "Regular bipolar fuzzy graphs" Neural Computing and Applications 21(1) (2012) 197-205."
226/9645,226/9803,479013,"Mathematical models for response to amino acids - estimating the response of broiler chickens to branched-chain amino acids using support vector regression and neural network models."
226/9645,226/9897,479013,"Mathematical models for response to amino acids - estimating the response of broiler chickens to branched-chain amino acids using support vector regression and neural network models."
226/9803,226/9897,479013,"Mathematical models for response to amino acids - estimating the response of broiler chickens to branched-chain amino acids using support vector regression and neural network models."
196/8065,40/1226,479014,"Using artificial neural networks to scale and infer vegetation media phase functions."
196/8065,22/5632,479014,"Using artificial neural networks to scale and infer vegetation media phase functions."
196/8065,26/7279,479014,"Using artificial neural networks to scale and infer vegetation media phase functions."
40/1226,22/5632,479014,"Using artificial neural networks to scale and infer vegetation media phase functions."
40/1226,26/7279,479014,"Using artificial neural networks to scale and infer vegetation media phase functions."
22/5632,26/7279,479014,"Using artificial neural networks to scale and infer vegetation media phase functions."
213/2709,213/2653,479022,"Geographical classification of Spanish bottled mineral waters by means of iterative models based on linear discriminant analysis and artificial neural networks."
213/2709,213/2766,479022,"Geographical classification of Spanish bottled mineral waters by means of iterative models based on linear discriminant analysis and artificial neural networks."
213/2709,213/2741,479022,"Geographical classification of Spanish bottled mineral waters by means of iterative models based on linear discriminant analysis and artificial neural networks."
213/2653,213/2766,479022,"Geographical classification of Spanish bottled mineral waters by means of iterative models based on linear discriminant analysis and artificial neural networks."
213/2653,213/2741,479022,"Geographical classification of Spanish bottled mineral waters by means of iterative models based on linear discriminant analysis and artificial neural networks."
213/2766,213/2741,479022,"Geographical classification of Spanish bottled mineral waters by means of iterative models based on linear discriminant analysis and artificial neural networks."
225/7982,57/4255,479024,"Optimized radial basis function neural network for improving approximate dynamic programming in pricing high dimensional options."
60/2475,93/8538,479039,"Electrical load forecasting based on self-adaptive chaotic neural network using Chebyshev map."
60/2475,216/6899,479039,"Electrical load forecasting based on self-adaptive chaotic neural network using Chebyshev map."
60/2475,44/2639,479039,"Electrical load forecasting based on self-adaptive chaotic neural network using Chebyshev map."
93/8538,216/6899,479039,"Electrical load forecasting based on self-adaptive chaotic neural network using Chebyshev map."
93/8538,44/2639,479039,"Electrical load forecasting based on self-adaptive chaotic neural network using Chebyshev map."
216/6899,44/2639,479039,"Electrical load forecasting based on self-adaptive chaotic neural network using Chebyshev map."
226/6722,22/3520,479040,"Convolutional neural network-based multimodal image fusion via similarity learning in the shearlet domain."
226/6722,52/3525,479040,"Convolutional neural network-based multimodal image fusion via similarity learning in the shearlet domain."
22/3520,52/3525,479040,"Convolutional neural network-based multimodal image fusion via similarity learning in the shearlet domain."
209/7713,209/7524,479045,"Regression and artificial neural network models for strength properties of engineered cementitious composites."
209/7713,217/4147,479045,"Regression and artificial neural network models for strength properties of engineered cementitious composites."
209/7524,217/4147,479045,"Regression and artificial neural network models for strength properties of engineered cementitious composites."
178/6963,77/2845,479069,"Computing topological indices of probabilistic neural network."
04/9946,22/582,479071,"Special issue - Engineering applications of neural networks."
70/4150,74/1336,479080,"Neural network-based discrete-time Z-type model of high accuracy in noisy environments for solving dynamic system of linear equations."
70/4150,150/4105,479080,"Neural network-based discrete-time Z-type model of high accuracy in noisy environments for solving dynamic system of linear equations."
74/1336,150/4105,479080,"Neural network-based discrete-time Z-type model of high accuracy in noisy environments for solving dynamic system of linear equations."
159/6717,54/2384,479082,"Feedforward neural network and ANFIS-based approaches to forecasting the off-cam energy characteristics of Kaplan turbine."
172/0846,d/IvanTomovDimov,479088,"A genetic approach to automatic neural network architecture optimization."
172/0846,117/3470,479088,"A genetic approach to automatic neural network architecture optimization."
d/IvanTomovDimov,117/3470,479088,"A genetic approach to automatic neural network architecture optimization."
161/3030,219/0569,479089,"Predicting discharge coefficient of triangular labyrinth weir using extreme learning machine, artificial neural network and genetic programming."
161/3030,171/5846,479089,"Predicting discharge coefficient of triangular labyrinth weir using extreme learning machine, artificial neural network and genetic programming."
161/3030,81/11074,479089,"Predicting discharge coefficient of triangular labyrinth weir using extreme learning machine, artificial neural network and genetic programming."
219/0569,171/5846,479089,"Predicting discharge coefficient of triangular labyrinth weir using extreme learning machine, artificial neural network and genetic programming."
219/0569,81/11074,479089,"Predicting discharge coefficient of triangular labyrinth weir using extreme learning machine, artificial neural network and genetic programming."
171/5846,81/11074,479089,"Predicting discharge coefficient of triangular labyrinth weir using extreme learning machine, artificial neural network and genetic programming."
156/3189,156/3189,479097,"Global synchronization of neural networks with hybrid coupling - a delay interval segmentation approach."
187/0138,186/1492,479099,"Modeling daily dissolved oxygen concentration using modified response surface method and artificial neural network - a comparative study."
34/1780,74/2828,479122,"An improved design of RBF neural network control algorithm based on spintronic memristor crossbar array."
34/1780,95/3736-41,479122,"An improved design of RBF neural network control algorithm based on spintronic memristor crossbar array."
34/1780,03/2525,479122,"An improved design of RBF neural network control algorithm based on spintronic memristor crossbar array."
74/2828,95/3736-41,479122,"An improved design of RBF neural network control algorithm based on spintronic memristor crossbar array."
74/2828,03/2525,479122,"An improved design of RBF neural network control algorithm based on spintronic memristor crossbar array."
95/3736-41,03/2525,479122,"An improved design of RBF neural network control algorithm based on spintronic memristor crossbar array."
32/6740,73/10765,479123,"Simplified neural network for generalized least absolute deviation."
74/2853,33/5440,479124,"Training neural networks by marginalizing out hidden layer noise."
03/1777,02/6731,479126,"Structural reliability calculation method based on the dual neural network and direct integration method."
03/1777,131/7538,479126,"Structural reliability calculation method based on the dual neural network and direct integration method."
02/6731,131/7538,479126,"Structural reliability calculation method based on the dual neural network and direct integration method."
210/8903,87/10067,479127,"Synchronization analysis for coupled static neural networks with stochastic disturbance and interval time-varying delay."
210/8903,83/6792,479127,"Synchronization analysis for coupled static neural networks with stochastic disturbance and interval time-varying delay."
87/10067,83/6792,479127,"Synchronization analysis for coupled static neural networks with stochastic disturbance and interval time-varying delay."
30/6033,216/3623,479139,"A precise BP neural network-based online model predictive control strategy for die forging hydraulic press machine."
30/6033,217/4041,479139,"A precise BP neural network-based online model predictive control strategy for die forging hydraulic press machine."
30/6033,137/5191,479139,"A precise BP neural network-based online model predictive control strategy for die forging hydraulic press machine."
30/6033,23/6950,479139,"A precise BP neural network-based online model predictive control strategy for die forging hydraulic press machine."
216/3623,217/4041,479139,"A precise BP neural network-based online model predictive control strategy for die forging hydraulic press machine."
216/3623,137/5191,479139,"A precise BP neural network-based online model predictive control strategy for die forging hydraulic press machine."
216/3623,23/6950,479139,"A precise BP neural network-based online model predictive control strategy for die forging hydraulic press machine."
217/4041,137/5191,479139,"A precise BP neural network-based online model predictive control strategy for die forging hydraulic press machine."
217/4041,23/6950,479139,"A precise BP neural network-based online model predictive control strategy for die forging hydraulic press machine."
137/5191,23/6950,479139,"A precise BP neural network-based online model predictive control strategy for die forging hydraulic press machine."
15/5923,59/5806-1,479142,"Stability of switched neural networks with time-varying delays."
15/5923,120/5247,479142,"Stability of switched neural networks with time-varying delays."
15/5923,98/3794,479142,"Stability of switched neural networks with time-varying delays."
15/5923,11/10757,479142,"Stability of switched neural networks with time-varying delays."
59/5806-1,120/5247,479142,"Stability of switched neural networks with time-varying delays."
59/5806-1,98/3794,479142,"Stability of switched neural networks with time-varying delays."
59/5806-1,11/10757,479142,"Stability of switched neural networks with time-varying delays."
120/5247,98/3794,479142,"Stability of switched neural networks with time-varying delays."
120/5247,11/10757,479142,"Stability of switched neural networks with time-varying delays."
98/3794,11/10757,479142,"Stability of switched neural networks with time-varying delays."
216/0728,56/2203,479143,"Research on the virtual reality of impact of appendages on the flow characteristics of submarines based on neural networks and CFD."
04/2330,66/3048,479149,"A solving method based on neural network for a class of multi-leader-follower games."
21/9114,127/9497,479150,"Editorial - neural computing in next-generation virtual reality technology."
21/9114,24/7032,479150,"Editorial - neural computing in next-generation virtual reality technology."
127/9497,24/7032,479150,"Editorial - neural computing in next-generation virtual reality technology."
148/5006,99/4292-1,479152,"Connectivity preserved nonlinear time-delayed multiagent systems using neural networks and event-based mechanism."
09/2019,157/4019,479154,"Delay-dependent stochastic stability for discrete singular neural networks with Markovian jump and mixed time-delays."
228/7512,77/9343,479165,"Clustering of fungal hexosaminidase enzymes based on free alignment method using MLP neural network."
214/1347,201/5497,479166,"Evaluation of peak and residual conditions of actively confined concrete using neuro-fuzzy and neural computing techniques."
214/1347,210/9171,479166,"Evaluation of peak and residual conditions of actively confined concrete using neuro-fuzzy and neural computing techniques."
214/1347,201/5505,479166,"Evaluation of peak and residual conditions of actively confined concrete using neuro-fuzzy and neural computing techniques."
201/5497,210/9171,479166,"Evaluation of peak and residual conditions of actively confined concrete using neuro-fuzzy and neural computing techniques."
201/5497,201/5505,479166,"Evaluation of peak and residual conditions of actively confined concrete using neuro-fuzzy and neural computing techniques."
210/9171,201/5505,479166,"Evaluation of peak and residual conditions of actively confined concrete using neuro-fuzzy and neural computing techniques."
53/11234,56/7053,479167,"Topology optimization of neural networks based on a coupled genetic algorithm and particle swarm optimization techniques (c-GA-PSO-NN)."
53/11234,219/0877,479167,"Topology optimization of neural networks based on a coupled genetic algorithm and particle swarm optimization techniques (c-GA-PSO-NN)."
56/7053,219/0877,479167,"Topology optimization of neural networks based on a coupled genetic algorithm and particle swarm optimization techniques (c-GA-PSO-NN)."
95/4832,73/9976,479168,"2D recurrent neural networks - a high-performance tool for robust visual tracking in dynamic scenes."
95/4832,84/2863,479168,"2D recurrent neural networks - a high-performance tool for robust visual tracking in dynamic scenes."
95/4832,49/6348,479168,"2D recurrent neural networks - a high-performance tool for robust visual tracking in dynamic scenes."
73/9976,84/2863,479168,"2D recurrent neural networks - a high-performance tool for robust visual tracking in dynamic scenes."
73/9976,49/6348,479168,"2D recurrent neural networks - a high-performance tool for robust visual tracking in dynamic scenes."
84/2863,49/6348,479168,"2D recurrent neural networks - a high-performance tool for robust visual tracking in dynamic scenes."
213/2664,67/4375,479189,"Prediction of throw in bench blasting using neural networks - an approach."
213/2664,213/2750,479189,"Prediction of throw in bench blasting using neural networks - an approach."
67/4375,213/2750,479189,"Prediction of throw in bench blasting using neural networks - an approach."
148/0135,216/6955,479192,"Momentum-based wavelet and double wavelet neural networks for power system applications."
123/8054,201/1079,479195,"Artificial neural networks based dynamic priority arbitration for asynchronous flow control."
123/8054,201/1159,479195,"Artificial neural networks based dynamic priority arbitration for asynchronous flow control."
123/8054,50/88,479195,"Artificial neural networks based dynamic priority arbitration for asynchronous flow control."
201/1079,201/1159,479195,"Artificial neural networks based dynamic priority arbitration for asynchronous flow control."
201/1079,50/88,479195,"Artificial neural networks based dynamic priority arbitration for asynchronous flow control."
201/1159,50/88,479195,"Artificial neural networks based dynamic priority arbitration for asynchronous flow control."
153/3203,153/3361,479199,"Elitist teaching-learning-based optimization (ETLBO) with higher-order Jordan Pi-sigma neural network - a comparative performance analysis."
153/3203,172/5920,479199,"Elitist teaching-learning-based optimization (ETLBO) with higher-order Jordan Pi-sigma neural network - a comparative performance analysis."
153/3203,a/AAbraham,479199,"Elitist teaching-learning-based optimization (ETLBO) with higher-order Jordan Pi-sigma neural network - a comparative performance analysis."
153/3361,172/5920,479199,"Elitist teaching-learning-based optimization (ETLBO) with higher-order Jordan Pi-sigma neural network - a comparative performance analysis."
153/3361,a/AAbraham,479199,"Elitist teaching-learning-based optimization (ETLBO) with higher-order Jordan Pi-sigma neural network - a comparative performance analysis."
172/5920,a/AAbraham,479199,"Elitist teaching-learning-based optimization (ETLBO) with higher-order Jordan Pi-sigma neural network - a comparative performance analysis."
119/4926,206/6499,479205,"Predictive modeling of die filling of the pharmaceutical granules using the flexible neural tree."
119/4926,135/2380,479205,"Predictive modeling of die filling of the pharmaceutical granules using the flexible neural tree."
119/4926,s/VaclavSnasel,479205,"Predictive modeling of die filling of the pharmaceutical granules using the flexible neural tree."
119/4926,a/AAbraham,479205,"Predictive modeling of die filling of the pharmaceutical granules using the flexible neural tree."
206/6499,135/2380,479205,"Predictive modeling of die filling of the pharmaceutical granules using the flexible neural tree."
206/6499,s/VaclavSnasel,479205,"Predictive modeling of die filling of the pharmaceutical granules using the flexible neural tree."
206/6499,a/AAbraham,479205,"Predictive modeling of die filling of the pharmaceutical granules using the flexible neural tree."
135/2380,s/VaclavSnasel,479205,"Predictive modeling of die filling of the pharmaceutical granules using the flexible neural tree."
135/2380,a/AAbraham,479205,"Predictive modeling of die filling of the pharmaceutical granules using the flexible neural tree."
s/VaclavSnasel,a/AAbraham,479205,"Predictive modeling of die filling of the pharmaceutical granules using the flexible neural tree."
219/0748,76/1882,479213,"Artificial neural network model for ground vibration amplitudes prediction due to light railway traffic in urban areas."
219/0748,219/0906,479213,"Artificial neural network model for ground vibration amplitudes prediction due to light railway traffic in urban areas."
219/0748,219/0741,479213,"Artificial neural network model for ground vibration amplitudes prediction due to light railway traffic in urban areas."
76/1882,219/0906,479213,"Artificial neural network model for ground vibration amplitudes prediction due to light railway traffic in urban areas."
76/1882,219/0741,479213,"Artificial neural network model for ground vibration amplitudes prediction due to light railway traffic in urban areas."
219/0906,219/0741,479213,"Artificial neural network model for ground vibration amplitudes prediction due to light railway traffic in urban areas."
216/0751,19/360,479216,"Research on the virtual reality of vibration characteristics in vehicle cabin based on neural networks."
216/0751,148/0989,479216,"Research on the virtual reality of vibration characteristics in vehicle cabin based on neural networks."
19/360,148/0989,479216,"Research on the virtual reality of vibration characteristics in vehicle cabin based on neural networks."
175/8874,89/2647,479223,"Robust stability analysis for uncertain recurrent neural networks with leakage delay based on delay-partitioning approach."
175/8874,54/628,479223,"Robust stability analysis for uncertain recurrent neural networks with leakage delay based on delay-partitioning approach."
175/8874,175/8899,479223,"Robust stability analysis for uncertain recurrent neural networks with leakage delay based on delay-partitioning approach."
89/2647,54/628,479223,"Robust stability analysis for uncertain recurrent neural networks with leakage delay based on delay-partitioning approach."
89/2647,175/8899,479223,"Robust stability analysis for uncertain recurrent neural networks with leakage delay based on delay-partitioning approach."
54/628,175/8899,479223,"Robust stability analysis for uncertain recurrent neural networks with leakage delay based on delay-partitioning approach."
181/0544,181/0543,479224,"Further results on dissipativity analysis for Markovian jump neural networks with randomly occurring uncertainties and leakage delays."
181/0544,12/65,479224,"Further results on dissipativity analysis for Markovian jump neural networks with randomly occurring uncertainties and leakage delays."
181/0544,41/3944,479224,"Further results on dissipativity analysis for Markovian jump neural networks with randomly occurring uncertainties and leakage delays."
181/0544,154/1836,479224,"Further results on dissipativity analysis for Markovian jump neural networks with randomly occurring uncertainties and leakage delays."
181/0543,12/65,479224,"Further results on dissipativity analysis for Markovian jump neural networks with randomly occurring uncertainties and leakage delays."
181/0543,41/3944,479224,"Further results on dissipativity analysis for Markovian jump neural networks with randomly occurring uncertainties and leakage delays."
181/0543,154/1836,479224,"Further results on dissipativity analysis for Markovian jump neural networks with randomly occurring uncertainties and leakage delays."
12/65,41/3944,479224,"Further results on dissipativity analysis for Markovian jump neural networks with randomly occurring uncertainties and leakage delays."
12/65,154/1836,479224,"Further results on dissipativity analysis for Markovian jump neural networks with randomly occurring uncertainties and leakage delays."
41/3944,154/1836,479224,"Further results on dissipativity analysis for Markovian jump neural networks with randomly occurring uncertainties and leakage delays."
13/7717,194/4330,479231,"Design of artificial neural network models optimized with sequential quadratic programming to study the dynamics of nonlinear Troesch's problem arising in plasma physics."
13/7717,12/8605,479231,"Design of artificial neural network models optimized with sequential quadratic programming to study the dynamics of nonlinear Troesch's problem arising in plasma physics."
13/7717,85/7432,479231,"Design of artificial neural network models optimized with sequential quadratic programming to study the dynamics of nonlinear Troesch's problem arising in plasma physics."
13/7717,136/8469,479231,"Design of artificial neural network models optimized with sequential quadratic programming to study the dynamics of nonlinear Troesch's problem arising in plasma physics."
194/4330,12/8605,479231,"Design of artificial neural network models optimized with sequential quadratic programming to study the dynamics of nonlinear Troesch's problem arising in plasma physics."
194/4330,85/7432,479231,"Design of artificial neural network models optimized with sequential quadratic programming to study the dynamics of nonlinear Troesch's problem arising in plasma physics."
194/4330,136/8469,479231,"Design of artificial neural network models optimized with sequential quadratic programming to study the dynamics of nonlinear Troesch's problem arising in plasma physics."
12/8605,85/7432,479231,"Design of artificial neural network models optimized with sequential quadratic programming to study the dynamics of nonlinear Troesch's problem arising in plasma physics."
12/8605,136/8469,479231,"Design of artificial neural network models optimized with sequential quadratic programming to study the dynamics of nonlinear Troesch's problem arising in plasma physics."
85/7432,136/8469,479231,"Design of artificial neural network models optimized with sequential quadratic programming to study the dynamics of nonlinear Troesch's problem arising in plasma physics."
128/0638,154/1836,479234,"Exponential stability of semi-Markovian jump generalized neural networks with interval time-varying delays."
184/5639,94/2061,479243,"A hybrid deep learning neural approach for emotion recognition from facial expressions for socially assistive robots."
184/5639,79/1387,479243,"A hybrid deep learning neural approach for emotion recognition from facial expressions for socially assistive robots."
184/5639,p/VasilePalade,479243,"A hybrid deep learning neural approach for emotion recognition from facial expressions for socially assistive robots."
94/2061,79/1387,479243,"A hybrid deep learning neural approach for emotion recognition from facial expressions for socially assistive robots."
94/2061,p/VasilePalade,479243,"A hybrid deep learning neural approach for emotion recognition from facial expressions for socially assistive robots."
79/1387,p/VasilePalade,479243,"A hybrid deep learning neural approach for emotion recognition from facial expressions for socially assistive robots."
171/2426,29/1997,479250,"Functional link neural network approach to solve structural system identification problems."
154/1836,128/0638,479254,"Robust extended dissipativity criteria for discrete-time uncertain neural networks with time-varying delays."
154/1836,30/3282,479254,"Robust extended dissipativity criteria for discrete-time uncertain neural networks with time-varying delays."
154/1836,77/5784,479254,"Robust extended dissipativity criteria for discrete-time uncertain neural networks with time-varying delays."
154/1836,57/2671,479254,"Robust extended dissipativity criteria for discrete-time uncertain neural networks with time-varying delays."
128/0638,30/3282,479254,"Robust extended dissipativity criteria for discrete-time uncertain neural networks with time-varying delays."
128/0638,77/5784,479254,"Robust extended dissipativity criteria for discrete-time uncertain neural networks with time-varying delays."
128/0638,57/2671,479254,"Robust extended dissipativity criteria for discrete-time uncertain neural networks with time-varying delays."
30/3282,77/5784,479254,"Robust extended dissipativity criteria for discrete-time uncertain neural networks with time-varying delays."
30/3282,57/2671,479254,"Robust extended dissipativity criteria for discrete-time uncertain neural networks with time-varying delays."
77/5784,57/2671,479254,"Robust extended dissipativity criteria for discrete-time uncertain neural networks with time-varying delays."
136/9306,02/6407,479258,"Proposal of a declarative and parallelizable artificial neural network using the notification-oriented paradigm."
136/9306,136/0133,479258,"Proposal of a declarative and parallelizable artificial neural network using the notification-oriented paradigm."
136/9306,06/2485,479258,"Proposal of a declarative and parallelizable artificial neural network using the notification-oriented paradigm."
136/9306,50/9089,479258,"Proposal of a declarative and parallelizable artificial neural network using the notification-oriented paradigm."
02/6407,136/0133,479258,"Proposal of a declarative and parallelizable artificial neural network using the notification-oriented paradigm."
02/6407,06/2485,479258,"Proposal of a declarative and parallelizable artificial neural network using the notification-oriented paradigm."
02/6407,50/9089,479258,"Proposal of a declarative and parallelizable artificial neural network using the notification-oriented paradigm."
136/0133,06/2485,479258,"Proposal of a declarative and parallelizable artificial neural network using the notification-oriented paradigm."
136/0133,50/9089,479258,"Proposal of a declarative and parallelizable artificial neural network using the notification-oriented paradigm."
06/2485,50/9089,479258,"Proposal of a declarative and parallelizable artificial neural network using the notification-oriented paradigm."
18/2348,05/3068,479262,"Prescribed performance synchronization for uncertain chaotic systems with input saturation based on neural networks."
18/2348,28/2999,479262,"Prescribed performance synchronization for uncertain chaotic systems with input saturation based on neural networks."
05/3068,28/2999,479262,"Prescribed performance synchronization for uncertain chaotic systems with input saturation based on neural networks."
223/2864,171/5846,479263,"Comparison of genetic programming and radial basis function neural network for open-channel junction velocity field prediction."
223/2864,171/6007,479263,"Comparison of genetic programming and radial basis function neural network for open-channel junction velocity field prediction."
171/5846,171/6007,479263,"Comparison of genetic programming and radial basis function neural network for open-channel junction velocity field prediction."
20/6234,30/5688-13,479264,"Three-tier neural model for service provisioning over collaborative flying ad hoc networks."
201/9046,175/1354,479268,"Tracking topology structure adaptively with deep neural networks."
201/9046,52/2889,479268,"Tracking topology structure adaptively with deep neural networks."
201/9046,63/1807-1,479268,"Tracking topology structure adaptively with deep neural networks."
175/1354,52/2889,479268,"Tracking topology structure adaptively with deep neural networks."
175/1354,63/1807-1,479268,"Tracking topology structure adaptively with deep neural networks."
52/2889,63/1807-1,479268,"Tracking topology structure adaptively with deep neural networks."
136/2225,97/8470,479270,"Finite-time synchronization of stochastic memristor-based delayed neural networks."
150/2824,139/8714,479281,"Pyramidal neural networks with evolved variable receptive fields."
150/2824,72/164,479281,"Pyramidal neural networks with evolved variable receptive fields."
139/8714,72/164,479281,"Pyramidal neural networks with evolved variable receptive fields."
69/4822-2,157/0251,479283,"Existence, uniqueness, and global asymptotic stability analysis for delayed complex-valued Cohen-Grossberg BAM neural networks."
95/6619-2,32/687,479289,"A robust image watermarking scheme using Arnold transform and BP neural network."
95/6619-2,150/4111,479289,"A robust image watermarking scheme using Arnold transform and BP neural network."
95/6619-2,146/2963,479289,"A robust image watermarking scheme using Arnold transform and BP neural network."
95/6619-2,86/6196,479289,"A robust image watermarking scheme using Arnold transform and BP neural network."
95/6619-2,226/9813,479289,"A robust image watermarking scheme using Arnold transform and BP neural network."
32/687,150/4111,479289,"A robust image watermarking scheme using Arnold transform and BP neural network."
32/687,146/2963,479289,"A robust image watermarking scheme using Arnold transform and BP neural network."
32/687,86/6196,479289,"A robust image watermarking scheme using Arnold transform and BP neural network."
32/687,226/9813,479289,"A robust image watermarking scheme using Arnold transform and BP neural network."
150/4111,146/2963,479289,"A robust image watermarking scheme using Arnold transform and BP neural network."
150/4111,86/6196,479289,"A robust image watermarking scheme using Arnold transform and BP neural network."
150/4111,226/9813,479289,"A robust image watermarking scheme using Arnold transform and BP neural network."
146/2963,86/6196,479289,"A robust image watermarking scheme using Arnold transform and BP neural network."
146/2963,226/9813,479289,"A robust image watermarking scheme using Arnold transform and BP neural network."
86/6196,226/9813,479289,"A robust image watermarking scheme using Arnold transform and BP neural network."
18/5837,53/10780,479290,"Virtual reality of recognition technologies of the improved contour coding image based on level set and neural network models."
18/5837,203/2469,479290,"Virtual reality of recognition technologies of the improved contour coding image based on level set and neural network models."
18/5837,18/3246-4,479290,"Virtual reality of recognition technologies of the improved contour coding image based on level set and neural network models."
18/5837,10/6178,479290,"Virtual reality of recognition technologies of the improved contour coding image based on level set and neural network models."
53/10780,203/2469,479290,"Virtual reality of recognition technologies of the improved contour coding image based on level set and neural network models."
53/10780,18/3246-4,479290,"Virtual reality of recognition technologies of the improved contour coding image based on level set and neural network models."
53/10780,10/6178,479290,"Virtual reality of recognition technologies of the improved contour coding image based on level set and neural network models."
203/2469,18/3246-4,479290,"Virtual reality of recognition technologies of the improved contour coding image based on level set and neural network models."
203/2469,10/6178,479290,"Virtual reality of recognition technologies of the improved contour coding image based on level set and neural network models."
18/3246-4,10/6178,479290,"Virtual reality of recognition technologies of the improved contour coding image based on level set and neural network models."
216/1232,72/3527,479291,"Optimization design and reality of the virtual cutting process for the boring bar based on PSO-BP neural networks."
218/7357,39/3957,479298,"New exponential passivity of BAM neural networks with time-varying delays."
126/2513,217/4072,479299,"Reachable sets bounding for generalized neural networks with interval time-varying delay and bounded disturbances."
126/2513,56/10766,479299,"Reachable sets bounding for generalized neural networks with interval time-varying delay and bounded disturbances."
217/4072,56/10766,479299,"Reachable sets bounding for generalized neural networks with interval time-varying delay and bounded disturbances."
154/8446,71/10021,479304,"Global asymptotic and exponential synchronization of ring neural network with reaction-diffusion term and unbounded delay."
154/8446,76/9832,479304,"Global asymptotic and exponential synchronization of ring neural network with reaction-diffusion term and unbounded delay."
71/10021,76/9832,479304,"Global asymptotic and exponential synchronization of ring neural network with reaction-diffusion term and unbounded delay."
229/4836,229/4674,479307,"Prediction of mean monthly wind speed and optimization of wind power by artificial neural networks using geographical and atmospheric variables - case of Aegean Region of Turkey."
226/9995,226/9903,479313,"Adequacy of first mode shape differences for damage identification of cantilever structures using neural networks."
181/2812,172/4958,479321,"An analog neural network approach for the least absolute shrinkage and selection operator problem."
181/2812,136/9458,479321,"An analog neural network approach for the least absolute shrinkage and selection operator problem."
181/2812,l/AndrewChiSingLeung,479321,"An analog neural network approach for the least absolute shrinkage and selection operator problem."
172/4958,136/9458,479321,"An analog neural network approach for the least absolute shrinkage and selection operator problem."
172/4958,l/AndrewChiSingLeung,479321,"An analog neural network approach for the least absolute shrinkage and selection operator problem."
136/9458,l/AndrewChiSingLeung,479321,"An analog neural network approach for the least absolute shrinkage and selection operator problem."
35/1916,217/4043,479323,"The isolation layered optimization algorithm of MIMO polygonal fuzzy neural network."
39/9266,58/6810-55,479332,"Cross-model convolutional neural network for multiple modality data representation."
39/9266,190/7297,479332,"Cross-model convolutional neural network for multiple modality data representation."
39/9266,190/7786,479332,"Cross-model convolutional neural network for multiple modality data representation."
39/9266,190/7400,479332,"Cross-model convolutional neural network for multiple modality data representation."
39/9266,59/8206,479332,"Cross-model convolutional neural network for multiple modality data representation."
58/6810-55,190/7297,479332,"Cross-model convolutional neural network for multiple modality data representation."
58/6810-55,190/7786,479332,"Cross-model convolutional neural network for multiple modality data representation."
58/6810-55,190/7400,479332,"Cross-model convolutional neural network for multiple modality data representation."
58/6810-55,59/8206,479332,"Cross-model convolutional neural network for multiple modality data representation."
190/7297,190/7786,479332,"Cross-model convolutional neural network for multiple modality data representation."
190/7297,190/7400,479332,"Cross-model convolutional neural network for multiple modality data representation."
190/7297,59/8206,479332,"Cross-model convolutional neural network for multiple modality data representation."
190/7786,190/7400,479332,"Cross-model convolutional neural network for multiple modality data representation."
190/7786,59/8206,479332,"Cross-model convolutional neural network for multiple modality data representation."
190/7400,59/8206,479332,"Cross-model convolutional neural network for multiple modality data representation."
145/0096,64/3148,479334,"Trajectory tracking control of wheeled mobile manipulator based on fuzzy neural network and extended Kalman filtering."
145/0096,88/3340,479334,"Trajectory tracking control of wheeled mobile manipulator based on fuzzy neural network and extended Kalman filtering."
145/0096,59/6097,479334,"Trajectory tracking control of wheeled mobile manipulator based on fuzzy neural network and extended Kalman filtering."
145/0096,75/4895,479334,"Trajectory tracking control of wheeled mobile manipulator based on fuzzy neural network and extended Kalman filtering."
145/0096,77/35-14,479334,"Trajectory tracking control of wheeled mobile manipulator based on fuzzy neural network and extended Kalman filtering."
145/0096,221/1105,479334,"Trajectory tracking control of wheeled mobile manipulator based on fuzzy neural network and extended Kalman filtering."
64/3148,88/3340,479334,"Trajectory tracking control of wheeled mobile manipulator based on fuzzy neural network and extended Kalman filtering."
64/3148,59/6097,479334,"Trajectory tracking control of wheeled mobile manipulator based on fuzzy neural network and extended Kalman filtering."
64/3148,75/4895,479334,"Trajectory tracking control of wheeled mobile manipulator based on fuzzy neural network and extended Kalman filtering."
64/3148,77/35-14,479334,"Trajectory tracking control of wheeled mobile manipulator based on fuzzy neural network and extended Kalman filtering."
64/3148,221/1105,479334,"Trajectory tracking control of wheeled mobile manipulator based on fuzzy neural network and extended Kalman filtering."
88/3340,59/6097,479334,"Trajectory tracking control of wheeled mobile manipulator based on fuzzy neural network and extended Kalman filtering."
88/3340,75/4895,479334,"Trajectory tracking control of wheeled mobile manipulator based on fuzzy neural network and extended Kalman filtering."
88/3340,77/35-14,479334,"Trajectory tracking control of wheeled mobile manipulator based on fuzzy neural network and extended Kalman filtering."
88/3340,221/1105,479334,"Trajectory tracking control of wheeled mobile manipulator based on fuzzy neural network and extended Kalman filtering."
59/6097,75/4895,479334,"Trajectory tracking control of wheeled mobile manipulator based on fuzzy neural network and extended Kalman filtering."
59/6097,77/35-14,479334,"Trajectory tracking control of wheeled mobile manipulator based on fuzzy neural network and extended Kalman filtering."
59/6097,221/1105,479334,"Trajectory tracking control of wheeled mobile manipulator based on fuzzy neural network and extended Kalman filtering."
75/4895,77/35-14,479334,"Trajectory tracking control of wheeled mobile manipulator based on fuzzy neural network and extended Kalman filtering."
75/4895,221/1105,479334,"Trajectory tracking control of wheeled mobile manipulator based on fuzzy neural network and extended Kalman filtering."
77/35-14,221/1105,479334,"Trajectory tracking control of wheeled mobile manipulator based on fuzzy neural network and extended Kalman filtering."
197/6628,197/6869,479339,"Reality of virtual damage identification based on neural networks and vibration analysis of a damaged bridge under a moving vehicle."
197/6628,97/3226,479339,"Reality of virtual damage identification based on neural networks and vibration analysis of a damaged bridge under a moving vehicle."
197/6869,97/3226,479339,"Reality of virtual damage identification based on neural networks and vibration analysis of a damaged bridge under a moving vehicle."
36/10382,36/10382,479340,"Weighted pseudo-almost periodic delayed cellular neural networks."
14/10355,44/8462,479343,"A length factor artificial neural network method for the numerical solution of the advection dispersion equation characterizing the mass balance of fluid flow in a chemical reactor."
14/10355,58/1076,479343,"A length factor artificial neural network method for the numerical solution of the advection dispersion equation characterizing the mass balance of fluid flow in a chemical reactor."
14/10355,32/283,479343,"A length factor artificial neural network method for the numerical solution of the advection dispersion equation characterizing the mass balance of fluid flow in a chemical reactor."
44/8462,58/1076,479343,"A length factor artificial neural network method for the numerical solution of the advection dispersion equation characterizing the mass balance of fluid flow in a chemical reactor."
44/8462,32/283,479343,"A length factor artificial neural network method for the numerical solution of the advection dispersion equation characterizing the mass balance of fluid flow in a chemical reactor."
58/1076,32/283,479343,"A length factor artificial neural network method for the numerical solution of the advection dispersion equation characterizing the mass balance of fluid flow in a chemical reactor."
77/686,54/5748,479345,"Almost periodic dynamics of the delayed complex-valued recurrent neural networks with discontinuous activation functions."
77/686,154/1964,479345,"Almost periodic dynamics of the delayed complex-valued recurrent neural networks with discontinuous activation functions."
77/686,05/3054,479345,"Almost periodic dynamics of the delayed complex-valued recurrent neural networks with discontinuous activation functions."
77/686,66/8492,479345,"Almost periodic dynamics of the delayed complex-valued recurrent neural networks with discontinuous activation functions."
77/686,123/0988,479345,"Almost periodic dynamics of the delayed complex-valued recurrent neural networks with discontinuous activation functions."
54/5748,154/1964,479345,"Almost periodic dynamics of the delayed complex-valued recurrent neural networks with discontinuous activation functions."
54/5748,05/3054,479345,"Almost periodic dynamics of the delayed complex-valued recurrent neural networks with discontinuous activation functions."
54/5748,66/8492,479345,"Almost periodic dynamics of the delayed complex-valued recurrent neural networks with discontinuous activation functions."
54/5748,123/0988,479345,"Almost periodic dynamics of the delayed complex-valued recurrent neural networks with discontinuous activation functions."
154/1964,05/3054,479345,"Almost periodic dynamics of the delayed complex-valued recurrent neural networks with discontinuous activation functions."
154/1964,66/8492,479345,"Almost periodic dynamics of the delayed complex-valued recurrent neural networks with discontinuous activation functions."
154/1964,123/0988,479345,"Almost periodic dynamics of the delayed complex-valued recurrent neural networks with discontinuous activation functions."
05/3054,66/8492,479345,"Almost periodic dynamics of the delayed complex-valued recurrent neural networks with discontinuous activation functions."
05/3054,123/0988,479345,"Almost periodic dynamics of the delayed complex-valued recurrent neural networks with discontinuous activation functions."
66/8492,123/0988,479345,"Almost periodic dynamics of the delayed complex-valued recurrent neural networks with discontinuous activation functions."
216/7005,47/2929,479346,"Further improvements on extreme learning machine for interval neural network."
216/7005,14/3107,479346,"Further improvements on extreme learning machine for interval neural network."
216/7005,161/2744,479346,"Further improvements on extreme learning machine for interval neural network."
216/7005,38/5213,479346,"Further improvements on extreme learning machine for interval neural network."
47/2929,14/3107,479346,"Further improvements on extreme learning machine for interval neural network."
47/2929,161/2744,479346,"Further improvements on extreme learning machine for interval neural network."
47/2929,38/5213,479346,"Further improvements on extreme learning machine for interval neural network."
14/3107,161/2744,479346,"Further improvements on extreme learning machine for interval neural network."
14/3107,38/5213,479346,"Further improvements on extreme learning machine for interval neural network."
161/2744,38/5213,479346,"Further improvements on extreme learning machine for interval neural network."
07/4410,90/6986-1,479352,"A projection neural network for optimal demand response in smart grid environment."
07/4410,24/647,479352,"A projection neural network for optimal demand response in smart grid environment."
07/4410,03/9488,479352,"A projection neural network for optimal demand response in smart grid environment."
07/4410,143/6314,479352,"A projection neural network for optimal demand response in smart grid environment."
90/6986-1,24/647,479352,"A projection neural network for optimal demand response in smart grid environment."
90/6986-1,03/9488,479352,"A projection neural network for optimal demand response in smart grid environment."
90/6986-1,143/6314,479352,"A projection neural network for optimal demand response in smart grid environment."
24/647,03/9488,479352,"A projection neural network for optimal demand response in smart grid environment."
24/647,143/6314,479352,"A projection neural network for optimal demand response in smart grid environment."
03/9488,143/6314,479352,"A projection neural network for optimal demand response in smart grid environment."
97/367,158/1808,479355,"A new method for skull stripping in brain MRI using multistable cellular neural networks."
97/367,216/7015,479355,"A new method for skull stripping in brain MRI using multistable cellular neural networks."
158/1808,216/7015,479355,"A new method for skull stripping in brain MRI using multistable cellular neural networks."
12/8387,14/38,479357,"A-optimal convolutional neural network."
12/8387,226/6694,479357,"A-optimal convolutional neural network."
12/8387,213/5060,479357,"A-optimal convolutional neural network."
12/8387,44/283,479357,"A-optimal convolutional neural network."
12/8387,59/8206,479357,"A-optimal convolutional neural network."
14/38,226/6694,479357,"A-optimal convolutional neural network."
14/38,213/5060,479357,"A-optimal convolutional neural network."
14/38,44/283,479357,"A-optimal convolutional neural network."
14/38,59/8206,479357,"A-optimal convolutional neural network."
226/6694,213/5060,479357,"A-optimal convolutional neural network."
226/6694,44/283,479357,"A-optimal convolutional neural network."
226/6694,59/8206,479357,"A-optimal convolutional neural network."
213/5060,44/283,479357,"A-optimal convolutional neural network."
213/5060,59/8206,479357,"A-optimal convolutional neural network."
44/283,59/8206,479357,"A-optimal convolutional neural network."
221/1102,91/1037,479371,"Design of memristor-based image convolution calculation in convolutional neural network."
221/1102,85/1640,479371,"Design of memristor-based image convolution calculation in convolutional neural network."
221/1102,24/647,479371,"Design of memristor-based image convolution calculation in convolutional neural network."
91/1037,85/1640,479371,"Design of memristor-based image convolution calculation in convolutional neural network."
91/1037,24/647,479371,"Design of memristor-based image convolution calculation in convolutional neural network."
85/1640,24/647,479371,"Design of memristor-based image convolution calculation in convolutional neural network."
38/1670,202/8703,479377,"Prediction for network traffic of radial basis function neural network model based on improved particle swarm optimization algorithm."
89/5992-25,22/9518,479378,"A constrained optimization method based on BP neural network."
89/5992-25,86/1262,479378,"A constrained optimization method based on BP neural network."
89/5992-25,68/3832,479378,"A constrained optimization method based on BP neural network."
22/9518,86/1262,479378,"A constrained optimization method based on BP neural network."
22/9518,68/3832,479378,"A constrained optimization method based on BP neural network."
86/1262,68/3832,479378,"A constrained optimization method based on BP neural network."
89/5992-25,22/9518,479379,"Prediction of stock prices based on LM-BP neural network and the estimation of overfitting point by RDCI."
89/5992-25,68/3832,479379,"Prediction of stock prices based on LM-BP neural network and the estimation of overfitting point by RDCI."
89/5992-25,224/9815,479379,"Prediction of stock prices based on LM-BP neural network and the estimation of overfitting point by RDCI."
89/5992-25,224/9995,479379,"Prediction of stock prices based on LM-BP neural network and the estimation of overfitting point by RDCI."
89/5992-25,86/1262,479379,"Prediction of stock prices based on LM-BP neural network and the estimation of overfitting point by RDCI."
22/9518,68/3832,479379,"Prediction of stock prices based on LM-BP neural network and the estimation of overfitting point by RDCI."
22/9518,224/9815,479379,"Prediction of stock prices based on LM-BP neural network and the estimation of overfitting point by RDCI."
22/9518,224/9995,479379,"Prediction of stock prices based on LM-BP neural network and the estimation of overfitting point by RDCI."
22/9518,86/1262,479379,"Prediction of stock prices based on LM-BP neural network and the estimation of overfitting point by RDCI."
68/3832,224/9815,479379,"Prediction of stock prices based on LM-BP neural network and the estimation of overfitting point by RDCI."
68/3832,224/9995,479379,"Prediction of stock prices based on LM-BP neural network and the estimation of overfitting point by RDCI."
68/3832,86/1262,479379,"Prediction of stock prices based on LM-BP neural network and the estimation of overfitting point by RDCI."
224/9815,224/9995,479379,"Prediction of stock prices based on LM-BP neural network and the estimation of overfitting point by RDCI."
224/9815,86/1262,479379,"Prediction of stock prices based on LM-BP neural network and the estimation of overfitting point by RDCI."
224/9995,86/1262,479379,"Prediction of stock prices based on LM-BP neural network and the estimation of overfitting point by RDCI."
216/1026,216/0842,479384,"Virtual reality of interior noises of vehicles based on boundary element and neural networks."
216/1026,216/0617,479384,"Virtual reality of interior noises of vehicles based on boundary element and neural networks."
216/0842,216/0617,479384,"Virtual reality of interior noises of vehicles based on boundary element and neural networks."
54/5985,89/6978,479386,"Weighted pseudo-almost automorphic solutions of high-order Hopfield neural networks with neutral distributed delays."
54/5985,13/2692-20,479386,"Weighted pseudo-almost automorphic solutions of high-order Hopfield neural networks with neutral distributed delays."
89/6978,13/2692-20,479386,"Weighted pseudo-almost automorphic solutions of high-order Hopfield neural networks with neutral distributed delays."
20/8180,73/6284,479388,"Parameters estimation and synchronization of uncertain coupling recurrent dynamical neural networks with time-varying delays based on adaptive control."
20/8180,40/1762,479388,"Parameters estimation and synchronization of uncertain coupling recurrent dynamical neural networks with time-varying delays based on adaptive control."
20/8180,62/7833,479388,"Parameters estimation and synchronization of uncertain coupling recurrent dynamical neural networks with time-varying delays based on adaptive control."
20/8180,33/5774,479388,"Parameters estimation and synchronization of uncertain coupling recurrent dynamical neural networks with time-varying delays based on adaptive control."
20/8180,39/6153-9,479388,"Parameters estimation and synchronization of uncertain coupling recurrent dynamical neural networks with time-varying delays based on adaptive control."
73/6284,40/1762,479388,"Parameters estimation and synchronization of uncertain coupling recurrent dynamical neural networks with time-varying delays based on adaptive control."
73/6284,62/7833,479388,"Parameters estimation and synchronization of uncertain coupling recurrent dynamical neural networks with time-varying delays based on adaptive control."
73/6284,33/5774,479388,"Parameters estimation and synchronization of uncertain coupling recurrent dynamical neural networks with time-varying delays based on adaptive control."
73/6284,39/6153-9,479388,"Parameters estimation and synchronization of uncertain coupling recurrent dynamical neural networks with time-varying delays based on adaptive control."
40/1762,62/7833,479388,"Parameters estimation and synchronization of uncertain coupling recurrent dynamical neural networks with time-varying delays based on adaptive control."
40/1762,33/5774,479388,"Parameters estimation and synchronization of uncertain coupling recurrent dynamical neural networks with time-varying delays based on adaptive control."
40/1762,39/6153-9,479388,"Parameters estimation and synchronization of uncertain coupling recurrent dynamical neural networks with time-varying delays based on adaptive control."
62/7833,33/5774,479388,"Parameters estimation and synchronization of uncertain coupling recurrent dynamical neural networks with time-varying delays based on adaptive control."
62/7833,39/6153-9,479388,"Parameters estimation and synchronization of uncertain coupling recurrent dynamical neural networks with time-varying delays based on adaptive control."
33/5774,39/6153-9,479388,"Parameters estimation and synchronization of uncertain coupling recurrent dynamical neural networks with time-varying delays based on adaptive control."
89/1615,44/3992,479395,"A 3D neural network for moving microorganism extraction."
89/1615,95/3736,479395,"A 3D neural network for moving microorganism extraction."
89/1615,06/1909,479395,"A 3D neural network for moving microorganism extraction."
89/1615,91/2882,479395,"A 3D neural network for moving microorganism extraction."
44/3992,95/3736,479395,"A 3D neural network for moving microorganism extraction."
44/3992,06/1909,479395,"A 3D neural network for moving microorganism extraction."
44/3992,91/2882,479395,"A 3D neural network for moving microorganism extraction."
95/3736,06/1909,479395,"A 3D neural network for moving microorganism extraction."
95/3736,91/2882,479395,"A 3D neural network for moving microorganism extraction."
06/1909,91/2882,479395,"A 3D neural network for moving microorganism extraction."
58/10320,181/2799,479396,"pth Moment synchronization of Markov switched neural networks driven by fractional Brownian noise."
58/10320,43/3166,479396,"pth Moment synchronization of Markov switched neural networks driven by fractional Brownian noise."
58/10320,84/11029,479396,"pth Moment synchronization of Markov switched neural networks driven by fractional Brownian noise."
181/2799,43/3166,479396,"pth Moment synchronization of Markov switched neural networks driven by fractional Brownian noise."
181/2799,84/11029,479396,"pth Moment synchronization of Markov switched neural networks driven by fractional Brownian noise."
43/3166,84/11029,479396,"pth Moment synchronization of Markov switched neural networks driven by fractional Brownian noise."
210/8413,24/6114,479476,"Cross-Entropy Pruning for Compressing Convolutional Neural Networks."
210/8413,28/5916,479476,"Cross-Entropy Pruning for Compressing Convolutional Neural Networks."
210/8413,132/4655,479476,"Cross-Entropy Pruning for Compressing Convolutional Neural Networks."
24/6114,28/5916,479476,"Cross-Entropy Pruning for Compressing Convolutional Neural Networks."
24/6114,132/4655,479476,"Cross-Entropy Pruning for Compressing Convolutional Neural Networks."
28/5916,132/4655,479476,"Cross-Entropy Pruning for Compressing Convolutional Neural Networks."
166/2976,03/607,479478,"Spiking Neural Classifier with Lumped Dendritic Nonlinearity and Binary Synapses - A Current Mode VLSI Implementation and Analysis."
166/2976,73/8829,479478,"Spiking Neural Classifier with Lumped Dendritic Nonlinearity and Binary Synapses - A Current Mode VLSI Implementation and Analysis."
166/2976,51/10501,479478,"Spiking Neural Classifier with Lumped Dendritic Nonlinearity and Binary Synapses - A Current Mode VLSI Implementation and Analysis."
166/2976,95/2418,479478,"Spiking Neural Classifier with Lumped Dendritic Nonlinearity and Binary Synapses - A Current Mode VLSI Implementation and Analysis."
03/607,73/8829,479478,"Spiking Neural Classifier with Lumped Dendritic Nonlinearity and Binary Synapses - A Current Mode VLSI Implementation and Analysis."
03/607,51/10501,479478,"Spiking Neural Classifier with Lumped Dendritic Nonlinearity and Binary Synapses - A Current Mode VLSI Implementation and Analysis."
03/607,95/2418,479478,"Spiking Neural Classifier with Lumped Dendritic Nonlinearity and Binary Synapses - A Current Mode VLSI Implementation and Analysis."
73/8829,51/10501,479478,"Spiking Neural Classifier with Lumped Dendritic Nonlinearity and Binary Synapses - A Current Mode VLSI Implementation and Analysis."
73/8829,95/2418,479478,"Spiking Neural Classifier with Lumped Dendritic Nonlinearity and Binary Synapses - A Current Mode VLSI Implementation and Analysis."
51/10501,95/2418,479478,"Spiking Neural Classifier with Lumped Dendritic Nonlinearity and Binary Synapses - A Current Mode VLSI Implementation and Analysis."
220/8298,220/8076,479482,"Optimal Readout of Correlated Neural Activity in a Decision-Making Circuit."
220/8298,176/1624,479482,"Optimal Readout of Correlated Neural Activity in a Decision-Making Circuit."
220/8298,09/6631,479482,"Optimal Readout of Correlated Neural Activity in a Decision-Making Circuit."
220/8076,176/1624,479482,"Optimal Readout of Correlated Neural Activity in a Decision-Making Circuit."
220/8076,09/6631,479482,"Optimal Readout of Correlated Neural Activity in a Decision-Making Circuit."
176/1624,09/6631,479482,"Optimal Readout of Correlated Neural Activity in a Decision-Making Circuit."
04/10257,20/10800,479483,"Dethroning the Fano Factor - A Flexible, Model-Based Approach to Partitioning Neural Variability."
04/10257,147/9048,479483,"Dethroning the Fano Factor - A Flexible, Model-Based Approach to Partitioning Neural Variability."
04/10257,16/11107,479483,"Dethroning the Fano Factor - A Flexible, Model-Based Approach to Partitioning Neural Variability."
04/10257,06/3460,479483,"Dethroning the Fano Factor - A Flexible, Model-Based Approach to Partitioning Neural Variability."
20/10800,147/9048,479483,"Dethroning the Fano Factor - A Flexible, Model-Based Approach to Partitioning Neural Variability."
20/10800,16/11107,479483,"Dethroning the Fano Factor - A Flexible, Model-Based Approach to Partitioning Neural Variability."
20/10800,06/3460,479483,"Dethroning the Fano Factor - A Flexible, Model-Based Approach to Partitioning Neural Variability."
147/9048,16/11107,479483,"Dethroning the Fano Factor - A Flexible, Model-Based Approach to Partitioning Neural Variability."
147/9048,06/3460,479483,"Dethroning the Fano Factor - A Flexible, Model-Based Approach to Partitioning Neural Variability."
16/11107,06/3460,479483,"Dethroning the Fano Factor - A Flexible, Model-Based Approach to Partitioning Neural Variability."
09/9441,229/9833,479484,"Applications of Recurrent Neural Networks in Environmental Factor Forecasting - A Review."
09/9441,229/9628,479484,"Applications of Recurrent Neural Networks in Environmental Factor Forecasting - A Review."
09/9441,54/4089,479484,"Applications of Recurrent Neural Networks in Environmental Factor Forecasting - A Review."
09/9441,131/6356,479484,"Applications of Recurrent Neural Networks in Environmental Factor Forecasting - A Review."
229/9833,229/9628,479484,"Applications of Recurrent Neural Networks in Environmental Factor Forecasting - A Review."
229/9833,54/4089,479484,"Applications of Recurrent Neural Networks in Environmental Factor Forecasting - A Review."
229/9833,131/6356,479484,"Applications of Recurrent Neural Networks in Environmental Factor Forecasting - A Review."
229/9628,54/4089,479484,"Applications of Recurrent Neural Networks in Environmental Factor Forecasting - A Review."
229/9628,131/6356,479484,"Applications of Recurrent Neural Networks in Environmental Factor Forecasting - A Review."
54/4089,131/6356,479484,"Applications of Recurrent Neural Networks in Environmental Factor Forecasting - A Review."
167/6427,180/0276-1,479489,"t-SNE Visualization of Large-Scale Neural Recordings."
167/6427,181/3964,479489,"t-SNE Visualization of Large-Scale Neural Recordings."
180/0276-1,181/3964,479489,"t-SNE Visualization of Large-Scale Neural Recordings."
31/11246,146/2402,479494,"Pattern Storage, Bifurcations, and Groupwise Correlation Structure of an Exactly Solvable Asymmetric Neural Network Model."
31/11246,18/2874,479494,"Pattern Storage, Bifurcations, and Groupwise Correlation Structure of an Exactly Solvable Asymmetric Neural Network Model."
146/2402,18/2874,479494,"Pattern Storage, Bifurcations, and Groupwise Correlation Structure of an Exactly Solvable Asymmetric Neural Network Model."
140/4792,221/2219,479495,"A Simple Model for Low Variability in Neural Spike Trains."
140/4792,61/11015,479495,"A Simple Model for Low Variability in Neural Spike Trains."
140/4792,30/3510,479495,"A Simple Model for Low Variability in Neural Spike Trains."
221/2219,61/11015,479495,"A Simple Model for Low Variability in Neural Spike Trains."
221/2219,30/3510,479495,"A Simple Model for Low Variability in Neural Spike Trains."
61/11015,30/3510,479495,"A Simple Model for Low Variability in Neural Spike Trains."
164/5739,22/8697,479498,"Neural Simpletrons - Learning in the Limit of Few Labels with Directed Generative Networks."
164/5739,l/JLucke,479498,"Neural Simpletrons - Learning in the Limit of Few Labels with Directed Generative Networks."
22/8697,l/JLucke,479498,"Neural Simpletrons - Learning in the Limit of Few Labels with Directed Generative Networks."
202/2108,120/8238,479499,"A Theory of Sequence Indexing and Working Memory in Recurrent Neural Networks."
202/2108,41/406,479499,"A Theory of Sequence Indexing and Working Memory in Recurrent Neural Networks."
120/8238,41/406,479499,"A Theory of Sequence Indexing and Working Memory in Recurrent Neural Networks."
206/2207,99/1019,479501,"Improving Stock Closing Price Prediction Using Recurrent Neural Network and Technical Indicators."
125/2132,45/8542,479506,"Dynamic Neural Turing Machine with Continuous and Discrete Addressing Schemes."
125/2132,41/9736,479506,"Dynamic Neural Turing Machine with Continuous and Discrete Addressing Schemes."
125/2132,56/953,479506,"Dynamic Neural Turing Machine with Continuous and Discrete Addressing Schemes."
45/8542,41/9736,479506,"Dynamic Neural Turing Machine with Continuous and Discrete Addressing Schemes."
45/8542,56/953,479506,"Dynamic Neural Turing Machine with Continuous and Discrete Addressing Schemes."
41/9736,56/953,479506,"Dynamic Neural Turing Machine with Continuous and Discrete Addressing Schemes."
215/7405,08/1761,479508,"Encoding Time in Feedforward Trajectories of a Recurrent Neural Network Model."
171/1222,80/11163,479515,"A Reinforcement Learning Neural Network for Robotic Manipulator Control."
35/1495,77/6771,479516,"Information-Theoretic Bounds and Approximations in Neural Population Coding."
159/9561,44/10840,479517,"A Dynamic Neural Gradient Model of Two-Item and Intermediate Transposition."
231/8987,215/3637,479519,"Unconscious Biases in Neural Populations Coding Multiple Stimuli."
231/8987,49/2394,479519,"Unconscious Biases in Neural Populations Coding Multiple Stimuli."
215/3637,49/2394,479519,"Unconscious Biases in Neural Populations Coding Multiple Stimuli."
206/7949,26/2257,479522,"A Unifying Framework of Synaptic and Intrinsic Plasticity in Neural Populations."
150/7004,231/8866,479542,"Nonlinear Modeling of Neural Interaction for Spike Prediction Using the Staged Point-Process Model."
150/7004,46/1669,479542,"Nonlinear Modeling of Neural Interaction for Spike Prediction Using the Staged Point-Process Model."
150/7004,116/8390,479542,"Nonlinear Modeling of Neural Interaction for Spike Prediction Using the Staged Point-Process Model."
150/7004,06/7930,479542,"Nonlinear Modeling of Neural Interaction for Spike Prediction Using the Staged Point-Process Model."
150/7004,35/5215,479542,"Nonlinear Modeling of Neural Interaction for Spike Prediction Using the Staged Point-Process Model."
150/7004,86/4183-1,479542,"Nonlinear Modeling of Neural Interaction for Spike Prediction Using the Staged Point-Process Model."
150/7004,00/4918-2,479542,"Nonlinear Modeling of Neural Interaction for Spike Prediction Using the Staged Point-Process Model."
231/8866,46/1669,479542,"Nonlinear Modeling of Neural Interaction for Spike Prediction Using the Staged Point-Process Model."
231/8866,116/8390,479542,"Nonlinear Modeling of Neural Interaction for Spike Prediction Using the Staged Point-Process Model."
231/8866,06/7930,479542,"Nonlinear Modeling of Neural Interaction for Spike Prediction Using the Staged Point-Process Model."
231/8866,35/5215,479542,"Nonlinear Modeling of Neural Interaction for Spike Prediction Using the Staged Point-Process Model."
231/8866,86/4183-1,479542,"Nonlinear Modeling of Neural Interaction for Spike Prediction Using the Staged Point-Process Model."
231/8866,00/4918-2,479542,"Nonlinear Modeling of Neural Interaction for Spike Prediction Using the Staged Point-Process Model."
46/1669,116/8390,479542,"Nonlinear Modeling of Neural Interaction for Spike Prediction Using the Staged Point-Process Model."
46/1669,06/7930,479542,"Nonlinear Modeling of Neural Interaction for Spike Prediction Using the Staged Point-Process Model."
46/1669,35/5215,479542,"Nonlinear Modeling of Neural Interaction for Spike Prediction Using the Staged Point-Process Model."
46/1669,86/4183-1,479542,"Nonlinear Modeling of Neural Interaction for Spike Prediction Using the Staged Point-Process Model."
46/1669,00/4918-2,479542,"Nonlinear Modeling of Neural Interaction for Spike Prediction Using the Staged Point-Process Model."
116/8390,06/7930,479542,"Nonlinear Modeling of Neural Interaction for Spike Prediction Using the Staged Point-Process Model."
116/8390,35/5215,479542,"Nonlinear Modeling of Neural Interaction for Spike Prediction Using the Staged Point-Process Model."
116/8390,86/4183-1,479542,"Nonlinear Modeling of Neural Interaction for Spike Prediction Using the Staged Point-Process Model."
116/8390,00/4918-2,479542,"Nonlinear Modeling of Neural Interaction for Spike Prediction Using the Staged Point-Process Model."
06/7930,35/5215,479542,"Nonlinear Modeling of Neural Interaction for Spike Prediction Using the Staged Point-Process Model."
06/7930,86/4183-1,479542,"Nonlinear Modeling of Neural Interaction for Spike Prediction Using the Staged Point-Process Model."
06/7930,00/4918-2,479542,"Nonlinear Modeling of Neural Interaction for Spike Prediction Using the Staged Point-Process Model."
35/5215,86/4183-1,479542,"Nonlinear Modeling of Neural Interaction for Spike Prediction Using the Staged Point-Process Model."
35/5215,00/4918-2,479542,"Nonlinear Modeling of Neural Interaction for Spike Prediction Using the Staged Point-Process Model."
86/4183-1,00/4918-2,479542,"Nonlinear Modeling of Neural Interaction for Spike Prediction Using the Staged Point-Process Model."
62/10432,62/10432,479553,"Omitted Variable Bias in GLMs of Neural Spiking Activity."
92/2376,215/4915,479562,"Distributed Newton Methods for Deep Neural Networks."
92/2376,27/6952,479562,"Distributed Newton Methods for Deep Neural Networks."
92/2376,39/6416,479562,"Distributed Newton Methods for Deep Neural Networks."
92/2376,35/6732,479562,"Distributed Newton Methods for Deep Neural Networks."
92/2376,08/8693,479562,"Distributed Newton Methods for Deep Neural Networks."
92/2376,86/2741,479562,"Distributed Newton Methods for Deep Neural Networks."
92/2376,61/1218,479562,"Distributed Newton Methods for Deep Neural Networks."
215/4915,27/6952,479562,"Distributed Newton Methods for Deep Neural Networks."
215/4915,39/6416,479562,"Distributed Newton Methods for Deep Neural Networks."
215/4915,35/6732,479562,"Distributed Newton Methods for Deep Neural Networks."
215/4915,08/8693,479562,"Distributed Newton Methods for Deep Neural Networks."
215/4915,86/2741,479562,"Distributed Newton Methods for Deep Neural Networks."
215/4915,61/1218,479562,"Distributed Newton Methods for Deep Neural Networks."
27/6952,39/6416,479562,"Distributed Newton Methods for Deep Neural Networks."
27/6952,35/6732,479562,"Distributed Newton Methods for Deep Neural Networks."
27/6952,08/8693,479562,"Distributed Newton Methods for Deep Neural Networks."
27/6952,86/2741,479562,"Distributed Newton Methods for Deep Neural Networks."
27/6952,61/1218,479562,"Distributed Newton Methods for Deep Neural Networks."
39/6416,35/6732,479562,"Distributed Newton Methods for Deep Neural Networks."
39/6416,08/8693,479562,"Distributed Newton Methods for Deep Neural Networks."
39/6416,86/2741,479562,"Distributed Newton Methods for Deep Neural Networks."
39/6416,61/1218,479562,"Distributed Newton Methods for Deep Neural Networks."
35/6732,08/8693,479562,"Distributed Newton Methods for Deep Neural Networks."
35/6732,86/2741,479562,"Distributed Newton Methods for Deep Neural Networks."
35/6732,61/1218,479562,"Distributed Newton Methods for Deep Neural Networks."
08/8693,86/2741,479562,"Distributed Newton Methods for Deep Neural Networks."
08/8693,61/1218,479562,"Distributed Newton Methods for Deep Neural Networks."
86/2741,61/1218,479562,"Distributed Newton Methods for Deep Neural Networks."
27/10136,174/4606,479564,"An Empirical Evaluation of Rule Extraction from Recurrent Neural Networks."
27/10136,160/1683,479564,"An Empirical Evaluation of Rule Extraction from Recurrent Neural Networks."
27/10136,40/6431,479564,"An Empirical Evaluation of Rule Extraction from Recurrent Neural Networks."
27/10136,207/7109,479564,"An Empirical Evaluation of Rule Extraction from Recurrent Neural Networks."
27/10136,g/CLeeGiles,479564,"An Empirical Evaluation of Rule Extraction from Recurrent Neural Networks."
174/4606,160/1683,479564,"An Empirical Evaluation of Rule Extraction from Recurrent Neural Networks."
174/4606,40/6431,479564,"An Empirical Evaluation of Rule Extraction from Recurrent Neural Networks."
174/4606,207/7109,479564,"An Empirical Evaluation of Rule Extraction from Recurrent Neural Networks."
174/4606,g/CLeeGiles,479564,"An Empirical Evaluation of Rule Extraction from Recurrent Neural Networks."
160/1683,40/6431,479564,"An Empirical Evaluation of Rule Extraction from Recurrent Neural Networks."
160/1683,207/7109,479564,"An Empirical Evaluation of Rule Extraction from Recurrent Neural Networks."
160/1683,g/CLeeGiles,479564,"An Empirical Evaluation of Rule Extraction from Recurrent Neural Networks."
40/6431,207/7109,479564,"An Empirical Evaluation of Rule Extraction from Recurrent Neural Networks."
40/6431,g/CLeeGiles,479564,"An Empirical Evaluation of Rule Extraction from Recurrent Neural Networks."
207/7109,g/CLeeGiles,479564,"An Empirical Evaluation of Rule Extraction from Recurrent Neural Networks."
155/2110,56/10453,479569,"SuperSpike - Supervised Learning in Multilayer Spiking Neural Networks."
89/8483,70/6041,481396,"Connectivity inference from neural recording data - Challenges, mathematical bases and research directions."
89/8483,00/100,481396,"Connectivity inference from neural recording data - Challenges, mathematical bases and research directions."
70/6041,00/100,481396,"Connectivity inference from neural recording data - Challenges, mathematical bases and research directions."
93/6604,77/2845,481400,"H∞ state estimation of stochastic memristor-based neural networks with time-varying delays."
93/6604,32/3199,481400,"H∞ state estimation of stochastic memristor-based neural networks with time-varying delays."
93/6604,132/9508,481400,"H∞ state estimation of stochastic memristor-based neural networks with time-varying delays."
93/6604,80/2747-3,481400,"H∞ state estimation of stochastic memristor-based neural networks with time-varying delays."
77/2845,32/3199,481400,"H∞ state estimation of stochastic memristor-based neural networks with time-varying delays."
77/2845,132/9508,481400,"H∞ state estimation of stochastic memristor-based neural networks with time-varying delays."
77/2845,80/2747-3,481400,"H∞ state estimation of stochastic memristor-based neural networks with time-varying delays."
32/3199,132/9508,481400,"H∞ state estimation of stochastic memristor-based neural networks with time-varying delays."
32/3199,80/2747-3,481400,"H∞ state estimation of stochastic memristor-based neural networks with time-varying delays."
132/9508,80/2747-3,481400,"H∞ state estimation of stochastic memristor-based neural networks with time-varying delays."
88/1924,85/1640,481402,"Region stability analysis and tracking control of memristive recurrent neural network."
88/1924,09/639,481402,"Region stability analysis and tracking control of memristive recurrent neural network."
85/1640,09/639,481402,"Region stability analysis and tracking control of memristive recurrent neural network."
49/8910,30/6344,481403,"A new mechanical approach to handle generalized Hopfield neural networks."
49/8910,201/4180,481403,"A new mechanical approach to handle generalized Hopfield neural networks."
30/6344,201/4180,481403,"A new mechanical approach to handle generalized Hopfield neural networks."
13/7690,15/3402,481404,"Deep neural networks for texture classification - A theoretical analysis."
13/7690,163/6877,481404,"Deep neural networks for texture classification - A theoretical analysis."
13/7690,163/6849,481404,"Deep neural networks for texture classification - A theoretical analysis."
13/7690,39/8961,481404,"Deep neural networks for texture classification - A theoretical analysis."
13/7690,70/10416,481404,"Deep neural networks for texture classification - A theoretical analysis."
13/7690,116/5259,481404,"Deep neural networks for texture classification - A theoretical analysis."
15/3402,163/6877,481404,"Deep neural networks for texture classification - A theoretical analysis."
15/3402,163/6849,481404,"Deep neural networks for texture classification - A theoretical analysis."
15/3402,39/8961,481404,"Deep neural networks for texture classification - A theoretical analysis."
15/3402,70/10416,481404,"Deep neural networks for texture classification - A theoretical analysis."
15/3402,116/5259,481404,"Deep neural networks for texture classification - A theoretical analysis."
163/6877,163/6849,481404,"Deep neural networks for texture classification - A theoretical analysis."
163/6877,39/8961,481404,"Deep neural networks for texture classification - A theoretical analysis."
163/6877,70/10416,481404,"Deep neural networks for texture classification - A theoretical analysis."
163/6877,116/5259,481404,"Deep neural networks for texture classification - A theoretical analysis."
163/6849,39/8961,481404,"Deep neural networks for texture classification - A theoretical analysis."
163/6849,70/10416,481404,"Deep neural networks for texture classification - A theoretical analysis."
163/6849,116/5259,481404,"Deep neural networks for texture classification - A theoretical analysis."
39/8961,70/10416,481404,"Deep neural networks for texture classification - A theoretical analysis."
39/8961,116/5259,481404,"Deep neural networks for texture classification - A theoretical analysis."
70/10416,116/5259,481404,"Deep neural networks for texture classification - A theoretical analysis."
189/2260,133/9322,481405,"An end to end Deep Neural Network for iris segmentation in unconstrained scenarios."
189/2260,120/9142,481405,"An end to end Deep Neural Network for iris segmentation in unconstrained scenarios."
133/9322,120/9142,481405,"An end to end Deep Neural Network for iris segmentation in unconstrained scenarios."
77/3270,34/6942,481407,"Neural network for nonsmooth pseudoconvex optimization with general convex constraints."
77/3270,66/645,481407,"Neural network for nonsmooth pseudoconvex optimization with general convex constraints."
77/3270,80/4226,481407,"Neural network for nonsmooth pseudoconvex optimization with general convex constraints."
34/6942,66/645,481407,"Neural network for nonsmooth pseudoconvex optimization with general convex constraints."
34/6942,80/4226,481407,"Neural network for nonsmooth pseudoconvex optimization with general convex constraints."
66/645,80/4226,481407,"Neural network for nonsmooth pseudoconvex optimization with general convex constraints."
207/7482,36/5430,481408,"A systematic study of the class imbalance problem in convolutional neural networks."
207/7482,19/294,481408,"A systematic study of the class imbalance problem in convolutional neural networks."
36/5430,19/294,481408,"A systematic study of the class imbalance problem in convolutional neural networks."
154/1930,w/JunWang2,481411,"A nonnegative matrix factorization algorithm based on a discrete-time projection neural network."
120/4505,79/2013,481413,"Global Uniform Asymptotic Fixed Deviation Stability and Stability for Delayed Fractional-order Memristive Neural Networks with Generic Memductance."
120/4505,85/1640,481413,"Global Uniform Asymptotic Fixed Deviation Stability and Stability for Delayed Fractional-order Memristive Neural Networks with Generic Memductance."
79/2013,85/1640,481413,"Global Uniform Asymptotic Fixed Deviation Stability and Stability for Delayed Fractional-order Memristive Neural Networks with Generic Memductance."
120/4505,79/2013,481414,"O(t-α)-synchronization and Mittag-Leffler synchronization for the fractional-order memristive neural networks with delays and discontinuous neuron activations."
120/4505,85/1640,481414,"O(t-α)-synchronization and Mittag-Leffler synchronization for the fractional-order memristive neural networks with delays and discontinuous neuron activations."
79/2013,85/1640,481414,"O(t-α)-synchronization and Mittag-Leffler synchronization for the fractional-order memristive neural networks with delays and discontinuous neuron activations."
01/2038,219/2986,481417,"The Growing Curvilinear Component Analysis (GCCA) neural network."
01/2038,15/6556,481417,"The Growing Curvilinear Component Analysis (GCCA) neural network."
219/2986,15/6556,481417,"The Growing Curvilinear Component Analysis (GCCA) neural network."
96/755-3,74/8069,481420,"GXNOR-Net - Training deep neural networks with ternary weights and activations without full-precision memory under a unified discretization framework."
96/755-3,200/8944,481420,"GXNOR-Net - Training deep neural networks with ternary weights and activations without full-precision memory under a unified discretization framework."
96/755-3,149/6993,481420,"GXNOR-Net - Training deep neural networks with ternary weights and activations without full-precision memory under a unified discretization framework."
96/755-3,13/5353,481420,"GXNOR-Net - Training deep neural networks with ternary weights and activations without full-precision memory under a unified discretization framework."
74/8069,200/8944,481420,"GXNOR-Net - Training deep neural networks with ternary weights and activations without full-precision memory under a unified discretization framework."
74/8069,149/6993,481420,"GXNOR-Net - Training deep neural networks with ternary weights and activations without full-precision memory under a unified discretization framework."
74/8069,13/5353,481420,"GXNOR-Net - Training deep neural networks with ternary weights and activations without full-precision memory under a unified discretization framework."
200/8944,149/6993,481420,"GXNOR-Net - Training deep neural networks with ternary weights and activations without full-precision memory under a unified discretization framework."
200/8944,13/5353,481420,"GXNOR-Net - Training deep neural networks with ternary weights and activations without full-precision memory under a unified discretization framework."
149/6993,13/5353,481420,"GXNOR-Net - Training deep neural networks with ternary weights and activations without full-precision memory under a unified discretization framework."
21/6802,37/6513,481423,"Sigmoid-weighted linear units for neural network function approximation in reinforcement learning."
21/6802,00/100,481423,"Sigmoid-weighted linear units for neural network function approximation in reinforcement learning."
37/6513,00/100,481423,"Sigmoid-weighted linear units for neural network function approximation in reinforcement learning."
158/0513,158/0513,481424,"A novel type of activation function in artificial neural networks - Trained activation function."
193/2295,60/5787,481432,"Effect of dilution in asymmetric recurrent neural networks."
193/2295,193/2357,481432,"Effect of dilution in asymmetric recurrent neural networks."
193/2295,53/11097,481432,"Effect of dilution in asymmetric recurrent neural networks."
60/5787,193/2357,481432,"Effect of dilution in asymmetric recurrent neural networks."
60/5787,53/11097,481432,"Effect of dilution in asymmetric recurrent neural networks."
193/2357,53/11097,481432,"Effect of dilution in asymmetric recurrent neural networks."
180/5272,50/2970,481437,"Deep neural network for traffic sign recognition systems - An analysis of spatial transformers and stochastic optimisation methods."
180/5272,38/9055,481437,"Deep neural network for traffic sign recognition systems - An analysis of spatial transformers and stochastic optimisation methods."
50/2970,38/9055,481437,"Deep neural network for traffic sign recognition systems - An analysis of spatial transformers and stochastic optimisation methods."
38/11037,b/MounirBoukadoum,481438,"A loop-based neural architecture for structured behavior encoding and decoding."
219/3124,162/8504,481439,"Global exponential synchronization of inertial memristive neural networks with time-varying delay via nonlinear controller."
219/3124,34/7343,481439,"Global exponential synchronization of inertial memristive neural networks with time-varying delay via nonlinear controller."
219/3124,24/647,481439,"Global exponential synchronization of inertial memristive neural networks with time-varying delay via nonlinear controller."
162/8504,34/7343,481439,"Global exponential synchronization of inertial memristive neural networks with time-varying delay via nonlinear controller."
162/8504,24/647,481439,"Global exponential synchronization of inertial memristive neural networks with time-varying delay via nonlinear controller."
34/7343,24/647,481439,"Global exponential synchronization of inertial memristive neural networks with time-varying delay via nonlinear controller."
175/1502,19/5035,481442,"On the approximation by single hidden layer feedforward neural networks with fixed weights."
34/7343,219/3124,481443,"Global exponential synchronization of multiple coupled inertial memristive neural networks with time-varying delay via nonlinear coupling."
34/7343,162/8504,481443,"Global exponential synchronization of multiple coupled inertial memristive neural networks with time-varying delay via nonlinear coupling."
34/7343,24/647,481443,"Global exponential synchronization of multiple coupled inertial memristive neural networks with time-varying delay via nonlinear coupling."
219/3124,162/8504,481443,"Global exponential synchronization of multiple coupled inertial memristive neural networks with time-varying delay via nonlinear coupling."
219/3124,24/647,481443,"Global exponential synchronization of multiple coupled inertial memristive neural networks with time-varying delay via nonlinear coupling."
162/8504,24/647,481443,"Global exponential synchronization of multiple coupled inertial memristive neural networks with time-varying delay via nonlinear coupling."
181/8028,77/2845,481447,"Impact of leakage delay on bifurcation in high-order fractional BAM neural networks."
75/4947-1,24/647,481448,"Reduced-order state estimation of delayed recurrent neural networks."
75/4947-1,55/6007,481448,"Reduced-order state estimation of delayed recurrent neural networks."
24/647,55/6007,481448,"Reduced-order state estimation of delayed recurrent neural networks."
128/1882,158/6716,481453,"Estimation theory and Neural Networks revisited - REKF and RSVSF as optimization techniques for Deep-Learning."
128/1882,12/1731,481453,"Estimation theory and Neural Networks revisited - REKF and RSVSF as optimization techniques for Deep-Learning."
128/1882,230/0644,481453,"Estimation theory and Neural Networks revisited - REKF and RSVSF as optimization techniques for Deep-Learning."
158/6716,12/1731,481453,"Estimation theory and Neural Networks revisited - REKF and RSVSF as optimization techniques for Deep-Learning."
158/6716,230/0644,481453,"Estimation theory and Neural Networks revisited - REKF and RSVSF as optimization techniques for Deep-Learning."
12/1731,230/0644,481453,"Estimation theory and Neural Networks revisited - REKF and RSVSF as optimization techniques for Deep-Learning."
216/6717,85/5090,481455,"Electrical resistivity imaging inversion - An ISFLA trained kernel principal component wavelet neural network approach."
216/6717,216/6592,481455,"Electrical resistivity imaging inversion - An ISFLA trained kernel principal component wavelet neural network approach."
85/5090,216/6592,481455,"Electrical resistivity imaging inversion - An ISFLA trained kernel principal component wavelet neural network approach."
135/7980,70/8849,481458,"STDP-based spiking deep convolutional neural networks for object recognition."
135/7980,65/5135,481458,"STDP-based spiking deep convolutional neural networks for object recognition."
135/7980,07/7226,481458,"STDP-based spiking deep convolutional neural networks for object recognition."
70/8849,65/5135,481458,"STDP-based spiking deep convolutional neural networks for object recognition."
70/8849,07/7226,481458,"STDP-based spiking deep convolutional neural networks for object recognition."
65/5135,07/7226,481458,"STDP-based spiking deep convolutional neural networks for object recognition."
36/8248,38/10578,481461,"Stochastic spike synchronization in a small-world neural network with spike-timing-dependent plasticity."
195/2859,24/2718,481463,"Design of double fuzzy clustering-driven context neural networks."
195/2859,p/WitoldPedrycz,481463,"Design of double fuzzy clustering-driven context neural networks."
24/2718,p/WitoldPedrycz,481463,"Design of double fuzzy clustering-driven context neural networks."
29/11048,115/8918,481464,"Standard representation and unified stability analysis for dynamic artificial neural network models."
29/11048,76/603,481464,"Standard representation and unified stability analysis for dynamic artificial neural network models."
115/8918,76/603,481464,"Standard representation and unified stability analysis for dynamic artificial neural network models."
145/6178,44/3232,481466,"Spiking neural networks for handwritten digit recognition - Supervised learning and network optimization."
27/4804,27/4804,481467,"Fuzzy c-means-based architecture reduction of a probabilistic neural network."
153/2952,27/6974,481471,"Protocol-based state estimation for delayed Markovian jumping neural networks."
153/2952,97/5229,481471,"Protocol-based state estimation for delayed Markovian jumping neural networks."
153/2952,24/3562,481471,"Protocol-based state estimation for delayed Markovian jumping neural networks."
27/6974,97/5229,481471,"Protocol-based state estimation for delayed Markovian jumping neural networks."
27/6974,24/3562,481471,"Protocol-based state estimation for delayed Markovian jumping neural networks."
97/5229,24/3562,481471,"Protocol-based state estimation for delayed Markovian jumping neural networks."
84/5324,75/6825,481472,"Multiple types of synchronization analysis for discontinuous Cohen-Grossberg neural networks with time-varying delays."
84/5324,63/7026-5,481472,"Multiple types of synchronization analysis for discontinuous Cohen-Grossberg neural networks with time-varying delays."
84/5324,25/4656,481472,"Multiple types of synchronization analysis for discontinuous Cohen-Grossberg neural networks with time-varying delays."
75/6825,63/7026-5,481472,"Multiple types of synchronization analysis for discontinuous Cohen-Grossberg neural networks with time-varying delays."
75/6825,25/4656,481472,"Multiple types of synchronization analysis for discontinuous Cohen-Grossberg neural networks with time-varying delays."
63/7026-5,25/4656,481472,"Multiple types of synchronization analysis for discontinuous Cohen-Grossberg neural networks with time-varying delays."
14/7119,31/316,481473,"Fixed-time stabilization of impulsive Cohen-Grossberg BAM neural networks."
14/7119,24/647,481473,"Fixed-time stabilization of impulsive Cohen-Grossberg BAM neural networks."
14/7119,154/4701,481473,"Fixed-time stabilization of impulsive Cohen-Grossberg BAM neural networks."
31/316,24/647,481473,"Fixed-time stabilization of impulsive Cohen-Grossberg BAM neural networks."
31/316,154/4701,481473,"Fixed-time stabilization of impulsive Cohen-Grossberg BAM neural networks."
24/647,154/4701,481473,"Fixed-time stabilization of impulsive Cohen-Grossberg BAM neural networks."
92/2954,44/4805,481477,"Quantum weighted long short-term memory neural network and its application in state degradation trend prediction of rotating machinery."
92/2954,43/8685,481477,"Quantum weighted long short-term memory neural network and its application in state degradation trend prediction of rotating machinery."
92/2954,228/0463,481477,"Quantum weighted long short-term memory neural network and its application in state degradation trend prediction of rotating machinery."
92/2954,41/8685,481477,"Quantum weighted long short-term memory neural network and its application in state degradation trend prediction of rotating machinery."
44/4805,43/8685,481477,"Quantum weighted long short-term memory neural network and its application in state degradation trend prediction of rotating machinery."
44/4805,228/0463,481477,"Quantum weighted long short-term memory neural network and its application in state degradation trend prediction of rotating machinery."
44/4805,41/8685,481477,"Quantum weighted long short-term memory neural network and its application in state degradation trend prediction of rotating machinery."
43/8685,228/0463,481477,"Quantum weighted long short-term memory neural network and its application in state degradation trend prediction of rotating machinery."
43/8685,41/8685,481477,"Quantum weighted long short-term memory neural network and its application in state degradation trend prediction of rotating machinery."
228/0463,41/8685,481477,"Quantum weighted long short-term memory neural network and its application in state degradation trend prediction of rotating machinery."
14/5410,73/2273,481478,"Synchronization criteria for inertial memristor-based neural networks with linear coupling."
228/1539,211/7927,481480,"The impact of encoding-decoding schemes and weight normalization in spiking neural networks."
228/1539,74/7975,481480,"The impact of encoding-decoding schemes and weight normalization in spiking neural networks."
228/1539,19/6211,481480,"The impact of encoding-decoding schemes and weight normalization in spiking neural networks."
211/7927,74/7975,481480,"The impact of encoding-decoding schemes and weight normalization in spiking neural networks."
211/7927,19/6211,481480,"The impact of encoding-decoding schemes and weight normalization in spiking neural networks."
74/7975,19/6211,481480,"The impact of encoding-decoding schemes and weight normalization in spiking neural networks."
181/8136,15/2841-3,481481,"Reachable set estimation for Markovian jump neural networks with time-varying delay."
181/8136,16/0-2,481481,"Reachable set estimation for Markovian jump neural networks with time-varying delay."
181/8136,121/9270,481481,"Reachable set estimation for Markovian jump neural networks with time-varying delay."
15/2841-3,16/0-2,481481,"Reachable set estimation for Markovian jump neural networks with time-varying delay."
15/2841-3,121/9270,481481,"Reachable set estimation for Markovian jump neural networks with time-varying delay."
16/0-2,121/9270,481481,"Reachable set estimation for Markovian jump neural networks with time-varying delay."
38/123,38/123,481482,"Design of nonlinear optimal control for chaotic synchronization of coupled stochastic neural networks via Hamilton-Jacobi-Bellman equation."
29/3547,67/1466,481484,"Multiple Mittag-Leffler stability of fractional-order competitive neural networks with Gaussian activation functions."
29/3547,27/1193,481484,"Multiple Mittag-Leffler stability of fractional-order competitive neural networks with Gaussian activation functions."
29/3547,77/2845,481484,"Multiple Mittag-Leffler stability of fractional-order competitive neural networks with Gaussian activation functions."
67/1466,27/1193,481484,"Multiple Mittag-Leffler stability of fractional-order competitive neural networks with Gaussian activation functions."
67/1466,77/2845,481484,"Multiple Mittag-Leffler stability of fractional-order competitive neural networks with Gaussian activation functions."
27/1193,77/2845,481484,"Multiple Mittag-Leffler stability of fractional-order competitive neural networks with Gaussian activation functions."
67/5807,39/4333-1,481485,"Bipartite synchronization in coupled delayed neural networks under pinning control."
67/5807,94/7131,481485,"Bipartite synchronization in coupled delayed neural networks under pinning control."
67/5807,77/2845,481485,"Bipartite synchronization in coupled delayed neural networks under pinning control."
67/5807,27/1490,481485,"Bipartite synchronization in coupled delayed neural networks under pinning control."
39/4333-1,94/7131,481485,"Bipartite synchronization in coupled delayed neural networks under pinning control."
39/4333-1,77/2845,481485,"Bipartite synchronization in coupled delayed neural networks under pinning control."
39/4333-1,27/1490,481485,"Bipartite synchronization in coupled delayed neural networks under pinning control."
94/7131,77/2845,481485,"Bipartite synchronization in coupled delayed neural networks under pinning control."
94/7131,27/1490,481485,"Bipartite synchronization in coupled delayed neural networks under pinning control."
77/2845,27/1490,481485,"Bipartite synchronization in coupled delayed neural networks under pinning control."
80/1563,97/5229,481486,"Stability analysis for discrete-time stochastic memristive neural networks with both leakage and probabilistic delays."
80/1563,s/BoShen-1,481486,"Stability analysis for discrete-time stochastic memristive neural networks with both leakage and probabilistic delays."
80/1563,24/647,481486,"Stability analysis for discrete-time stochastic memristive neural networks with both leakage and probabilistic delays."
80/1563,42/2969,481486,"Stability analysis for discrete-time stochastic memristive neural networks with both leakage and probabilistic delays."
97/5229,s/BoShen-1,481486,"Stability analysis for discrete-time stochastic memristive neural networks with both leakage and probabilistic delays."
97/5229,24/647,481486,"Stability analysis for discrete-time stochastic memristive neural networks with both leakage and probabilistic delays."
97/5229,42/2969,481486,"Stability analysis for discrete-time stochastic memristive neural networks with both leakage and probabilistic delays."
s/BoShen-1,24/647,481486,"Stability analysis for discrete-time stochastic memristive neural networks with both leakage and probabilistic delays."
s/BoShen-1,42/2969,481486,"Stability analysis for discrete-time stochastic memristive neural networks with both leakage and probabilistic delays."
24/647,42/2969,481486,"Stability analysis for discrete-time stochastic memristive neural networks with both leakage and probabilistic delays."
51/3710-99,97/5229,481487,"UKF-based remote state estimation for discrete artificial neural networks with communication bandwidth constraints."
51/3710-99,21/679,481487,"UKF-based remote state estimation for discrete artificial neural networks with communication bandwidth constraints."
97/5229,21/679,481487,"UKF-based remote state estimation for discrete artificial neural networks with communication bandwidth constraints."
03/1467-5,00/4449,481488,"Anti-synchronization of complex-valued memristor-based delayed neural networks."
03/1467-5,211/3333,481488,"Anti-synchronization of complex-valued memristor-based delayed neural networks."
00/4449,211/3333,481488,"Anti-synchronization of complex-valued memristor-based delayed neural networks."
132/4091,182/6264,481490,"Evolving Spiking Neural Networks for online learning over drifting data streams."
132/4091,94/1127,481490,"Evolving Spiking Neural Networks for online learning over drifting data streams."
132/4091,34/9720,481490,"Evolving Spiking Neural Networks for online learning over drifting data streams."
132/4091,k/NikolaKKasabov,481490,"Evolving Spiking Neural Networks for online learning over drifting data streams."
182/6264,94/1127,481490,"Evolving Spiking Neural Networks for online learning over drifting data streams."
182/6264,34/9720,481490,"Evolving Spiking Neural Networks for online learning over drifting data streams."
182/6264,k/NikolaKKasabov,481490,"Evolving Spiking Neural Networks for online learning over drifting data streams."
94/1127,34/9720,481490,"Evolving Spiking Neural Networks for online learning over drifting data streams."
94/1127,k/NikolaKKasabov,481490,"Evolving Spiking Neural Networks for online learning over drifting data streams."
34/9720,k/NikolaKKasabov,481490,"Evolving Spiking Neural Networks for online learning over drifting data streams."
190/4780,75/6825,481492,"Synchronization of hybrid coupled reaction-diffusion neural networks with time delays via generalized intermittent control with spacial sampled-data."
190/4780,63/7026-5,481492,"Synchronization of hybrid coupled reaction-diffusion neural networks with time delays via generalized intermittent control with spacial sampled-data."
190/4780,131/9906,481492,"Synchronization of hybrid coupled reaction-diffusion neural networks with time delays via generalized intermittent control with spacial sampled-data."
75/6825,63/7026-5,481492,"Synchronization of hybrid coupled reaction-diffusion neural networks with time delays via generalized intermittent control with spacial sampled-data."
75/6825,131/9906,481492,"Synchronization of hybrid coupled reaction-diffusion neural networks with time delays via generalized intermittent control with spacial sampled-data."
63/7026-5,131/9906,481492,"Synchronization of hybrid coupled reaction-diffusion neural networks with time delays via generalized intermittent control with spacial sampled-data."
154/4024,77/8863,481494,"Leaderless synchronization of coupled neural networks with the event-triggered mechanism."
154/4024,54/476-4,481494,"Leaderless synchronization of coupled neural networks with the event-triggered mechanism."
154/4024,77/2845,481494,"Leaderless synchronization of coupled neural networks with the event-triggered mechanism."
77/8863,54/476-4,481494,"Leaderless synchronization of coupled neural networks with the event-triggered mechanism."
77/8863,77/2845,481494,"Leaderless synchronization of coupled neural networks with the event-triggered mechanism."
54/476-4,77/2845,481494,"Leaderless synchronization of coupled neural networks with the event-triggered mechanism."
168/9703,42/3287,481496,"An Arcak-type state estimation design for time-delayed static neural networks with leakage term based on unified criteria."
168/9703,44/1231,481496,"An Arcak-type state estimation design for time-delayed static neural networks with leakage term based on unified criteria."
168/9703,77/2845,481496,"An Arcak-type state estimation design for time-delayed static neural networks with leakage term based on unified criteria."
42/3287,44/1231,481496,"An Arcak-type state estimation design for time-delayed static neural networks with leakage term based on unified criteria."
42/3287,77/2845,481496,"An Arcak-type state estimation design for time-delayed static neural networks with leakage term based on unified criteria."
44/1231,77/2845,481496,"An Arcak-type state estimation design for time-delayed static neural networks with leakage term based on unified criteria."
226/6721,98/7603,481503,"Nonlinear analysis and synthesis of video images using deep dynamic bottleneck neural networks for face recognition."
65/2845,65/2845,481511,"An improved stability result for delayed Takagi-Sugeno fuzzy Cohen-Grossberg neural networks."
73/5511,73/5511,481512,"New conditions for global stability of neutral-type delayed Cohen-Grossberg neural networks."
13/9220,66/589,481515,"Passivity and stability analysis of neural networks with time-varying delays via extended free-weighting matrices integral inequality."
13/9220,196/0333,481515,"Passivity and stability analysis of neural networks with time-varying delays via extended free-weighting matrices integral inequality."
66/589,196/0333,481515,"Passivity and stability analysis of neural networks with time-varying delays via extended free-weighting matrices integral inequality."
04/5106,189/2507,481516,"Bio-inspired spiking neural network for nonlinear systems control."
04/5106,132/8523,481516,"Bio-inspired spiking neural network for nonlinear systems control."
04/5106,217/3617,481516,"Bio-inspired spiking neural network for nonlinear systems control."
189/2507,132/8523,481516,"Bio-inspired spiking neural network for nonlinear systems control."
189/2507,217/3617,481516,"Bio-inspired spiking neural network for nonlinear systems control."
132/8523,217/3617,481516,"Bio-inspired spiking neural network for nonlinear systems control."
180/7135,81/9894,481517,"Optimal approximation of piecewise smooth functions using deep ReLU neural networks."
207/4674,n/MinhLeNguyen,481518,"DGCNN - A convolutional neural network over large-scale labeled graphs."
207/4674,230/0437,481518,"DGCNN - A convolutional neural network over large-scale labeled graphs."
207/4674,58/2848,481518,"DGCNN - A convolutional neural network over large-scale labeled graphs."
n/MinhLeNguyen,230/0437,481518,"DGCNN - A convolutional neural network over large-scale labeled graphs."
n/MinhLeNguyen,58/2848,481518,"DGCNN - A convolutional neural network over large-scale labeled graphs."
230/0437,58/2848,481518,"DGCNN - A convolutional neural network over large-scale labeled graphs."
220/8130,65/510,481519,"Biased Dropout and Crossmap Dropout - Learning towards effective Dropout regularization in convolutional neural network."
144/6894,144/6894,481520,"Global exponential stability of octonion-valued neural networks with leakage delay and mixed delays."
144/6894,76/1130,481521,"Multistability and multiperiodicity in impulsive hybrid quaternion-valued neural networks with mixed delays."
219/2960,81/325,481522,"Robust generalized Mittag-Leffler synchronization of fractional order neural networks with discontinuous activation and impulses."
219/2960,219/3132,481522,"Robust generalized Mittag-Leffler synchronization of fractional order neural networks with discontinuous activation and impulses."
219/2960,126/8343,481522,"Robust generalized Mittag-Leffler synchronization of fractional order neural networks with discontinuous activation and impulses."
219/2960,77/2845,481522,"Robust generalized Mittag-Leffler synchronization of fractional order neural networks with discontinuous activation and impulses."
219/2960,128/0638,481522,"Robust generalized Mittag-Leffler synchronization of fractional order neural networks with discontinuous activation and impulses."
81/325,219/3132,481522,"Robust generalized Mittag-Leffler synchronization of fractional order neural networks with discontinuous activation and impulses."
81/325,126/8343,481522,"Robust generalized Mittag-Leffler synchronization of fractional order neural networks with discontinuous activation and impulses."
81/325,77/2845,481522,"Robust generalized Mittag-Leffler synchronization of fractional order neural networks with discontinuous activation and impulses."
81/325,128/0638,481522,"Robust generalized Mittag-Leffler synchronization of fractional order neural networks with discontinuous activation and impulses."
219/3132,126/8343,481522,"Robust generalized Mittag-Leffler synchronization of fractional order neural networks with discontinuous activation and impulses."
219/3132,77/2845,481522,"Robust generalized Mittag-Leffler synchronization of fractional order neural networks with discontinuous activation and impulses."
219/3132,128/0638,481522,"Robust generalized Mittag-Leffler synchronization of fractional order neural networks with discontinuous activation and impulses."
126/8343,77/2845,481522,"Robust generalized Mittag-Leffler synchronization of fractional order neural networks with discontinuous activation and impulses."
126/8343,128/0638,481522,"Robust generalized Mittag-Leffler synchronization of fractional order neural networks with discontinuous activation and impulses."
77/2845,128/0638,481522,"Robust generalized Mittag-Leffler synchronization of fractional order neural networks with discontinuous activation and impulses."
129/9411,43/3931,481525,"Distant supervision for neural relation extraction integrated with word attention and property features."
129/9411,68/11145,481525,"Distant supervision for neural relation extraction integrated with word attention and property features."
129/9411,42/7943,481525,"Distant supervision for neural relation extraction integrated with word attention and property features."
129/9411,130/1013,481525,"Distant supervision for neural relation extraction integrated with word attention and property features."
43/3931,68/11145,481525,"Distant supervision for neural relation extraction integrated with word attention and property features."
43/3931,42/7943,481525,"Distant supervision for neural relation extraction integrated with word attention and property features."
43/3931,130/1013,481525,"Distant supervision for neural relation extraction integrated with word attention and property features."
68/11145,42/7943,481525,"Distant supervision for neural relation extraction integrated with word attention and property features."
68/11145,130/1013,481525,"Distant supervision for neural relation extraction integrated with word attention and property features."
42/7943,130/1013,481525,"Distant supervision for neural relation extraction integrated with word attention and property features."
28/775,202/6378,481528,"Event-triggered H∞ state estimation for semi-Markov jumping discrete-time neural networks with quantization."
28/775,150/0714,481528,"Event-triggered H∞ state estimation for semi-Markov jumping discrete-time neural networks with quantization."
28/775,80/6273-1,481528,"Event-triggered H∞ state estimation for semi-Markov jumping discrete-time neural networks with quantization."
202/6378,150/0714,481528,"Event-triggered H∞ state estimation for semi-Markov jumping discrete-time neural networks with quantization."
202/6378,80/6273-1,481528,"Event-triggered H∞ state estimation for semi-Markov jumping discrete-time neural networks with quantization."
150/0714,80/6273-1,481528,"Event-triggered H∞ state estimation for semi-Markov jumping discrete-time neural networks with quantization."
71/2155,03/4407,481533,"The Vapnik-Chervonenkis dimension of graph and recursive neural networks."
71/2155,84/2010,481533,"The Vapnik-Chervonenkis dimension of graph and recursive neural networks."
03/4407,84/2010,481533,"The Vapnik-Chervonenkis dimension of graph and recursive neural networks."
230/0592,230/0508,481534,"Estimating regional effects of climate change and altered land use on biosphere carbon fluxes using distributed time delay neural networks with Bayesian regularized learning."
230/0592,54/10418,481534,"Estimating regional effects of climate change and altered land use on biosphere carbon fluxes using distributed time delay neural networks with Bayesian regularized learning."
230/0508,54/10418,481534,"Estimating regional effects of climate change and altered land use on biosphere carbon fluxes using distributed time delay neural networks with Bayesian regularized learning."
197/7720,54/3026,481535,"Finite-time synchronization of stochastic coupled neural networks subject to Markovian switching and input saturation."
197/7720,66/589,481535,"Finite-time synchronization of stochastic coupled neural networks subject to Markovian switching and input saturation."
54/3026,66/589,481535,"Finite-time synchronization of stochastic coupled neural networks subject to Markovian switching and input saturation."
205/2847,89/3077,481536,"Land cover classification from multi-temporal, multi-spectral remotely sensed imagery using patch-based recurrent neural networks."
205/2847,93/5681,481536,"Land cover classification from multi-temporal, multi-spectral remotely sensed imagery using patch-based recurrent neural networks."
89/3077,93/5681,481536,"Land cover classification from multi-temporal, multi-spectral remotely sensed imagery using patch-based recurrent neural networks."
132/0802,85/1640,481537,"Impulsive synchronization of stochastic reaction-diffusion neural networks with mixed time delays."
51/595,131/9781,481539,"Decentralized adaptive neural control for high-order interconnected stochastic nonlinear time-delay systems with unknown system dynamics."
51/595,98/9818,481539,"Decentralized adaptive neural control for high-order interconnected stochastic nonlinear time-delay systems with unknown system dynamics."
131/9781,98/9818,481539,"Decentralized adaptive neural control for high-order interconnected stochastic nonlinear time-delay systems with unknown system dynamics."
04/6283,s/KennethOStanley,481540,"Born to learn - The inspiration, progress, and future of evolved plastic artificial neural networks."
04/6283,81/7183,481540,"Born to learn - The inspiration, progress, and future of evolved plastic artificial neural networks."
s/KennethOStanley,81/7183,481540,"Born to learn - The inspiration, progress, and future of evolved plastic artificial neural networks."
187/4364,187/4694,481541,"An improved robust heteroscedastic probabilistic neural network based trust prediction approach for cloud service selection."
187/4364,228/0529,481541,"An improved robust heteroscedastic probabilistic neural network based trust prediction approach for cloud service selection."
187/4364,92/10402,481541,"An improved robust heteroscedastic probabilistic neural network based trust prediction approach for cloud service selection."
187/4364,150/0591,481541,"An improved robust heteroscedastic probabilistic neural network based trust prediction approach for cloud service selection."
187/4694,228/0529,481541,"An improved robust heteroscedastic probabilistic neural network based trust prediction approach for cloud service selection."
187/4694,92/10402,481541,"An improved robust heteroscedastic probabilistic neural network based trust prediction approach for cloud service selection."
187/4694,150/0591,481541,"An improved robust heteroscedastic probabilistic neural network based trust prediction approach for cloud service selection."
228/0529,92/10402,481541,"An improved robust heteroscedastic probabilistic neural network based trust prediction approach for cloud service selection."
228/0529,150/0591,481541,"An improved robust heteroscedastic probabilistic neural network based trust prediction approach for cloud service selection."
92/10402,150/0591,481541,"An improved robust heteroscedastic probabilistic neural network based trust prediction approach for cloud service selection."
14/5202,150/4295,481542,"A sparsity-based stochastic pooling mechanism for deep convolutional neural networks."
14/5202,145/1939,481542,"A sparsity-based stochastic pooling mechanism for deep convolutional neural networks."
14/5202,226/6619,481542,"A sparsity-based stochastic pooling mechanism for deep convolutional neural networks."
14/5202,72/8516,481542,"A sparsity-based stochastic pooling mechanism for deep convolutional neural networks."
14/5202,94/3019,481542,"A sparsity-based stochastic pooling mechanism for deep convolutional neural networks."
14/5202,86/1927,481542,"A sparsity-based stochastic pooling mechanism for deep convolutional neural networks."
150/4295,145/1939,481542,"A sparsity-based stochastic pooling mechanism for deep convolutional neural networks."
150/4295,226/6619,481542,"A sparsity-based stochastic pooling mechanism for deep convolutional neural networks."
150/4295,72/8516,481542,"A sparsity-based stochastic pooling mechanism for deep convolutional neural networks."
150/4295,94/3019,481542,"A sparsity-based stochastic pooling mechanism for deep convolutional neural networks."
150/4295,86/1927,481542,"A sparsity-based stochastic pooling mechanism for deep convolutional neural networks."
145/1939,226/6619,481542,"A sparsity-based stochastic pooling mechanism for deep convolutional neural networks."
145/1939,72/8516,481542,"A sparsity-based stochastic pooling mechanism for deep convolutional neural networks."
145/1939,94/3019,481542,"A sparsity-based stochastic pooling mechanism for deep convolutional neural networks."
145/1939,86/1927,481542,"A sparsity-based stochastic pooling mechanism for deep convolutional neural networks."
226/6619,72/8516,481542,"A sparsity-based stochastic pooling mechanism for deep convolutional neural networks."
226/6619,94/3019,481542,"A sparsity-based stochastic pooling mechanism for deep convolutional neural networks."
226/6619,86/1927,481542,"A sparsity-based stochastic pooling mechanism for deep convolutional neural networks."
72/8516,94/3019,481542,"A sparsity-based stochastic pooling mechanism for deep convolutional neural networks."
72/8516,86/1927,481542,"A sparsity-based stochastic pooling mechanism for deep convolutional neural networks."
94/3019,86/1927,481542,"A sparsity-based stochastic pooling mechanism for deep convolutional neural networks."
10/6543,211/3415,481543,"Boundedness and global robust stability analysis of delayed complex-valued neural networks with interval parameter uncertainties."
10/6543,40/3427,481543,"Boundedness and global robust stability analysis of delayed complex-valued neural networks with interval parameter uncertainties."
10/6543,50/2415,481543,"Boundedness and global robust stability analysis of delayed complex-valued neural networks with interval parameter uncertainties."
10/6543,42/2969,481543,"Boundedness and global robust stability analysis of delayed complex-valued neural networks with interval parameter uncertainties."
211/3415,40/3427,481543,"Boundedness and global robust stability analysis of delayed complex-valued neural networks with interval parameter uncertainties."
211/3415,50/2415,481543,"Boundedness and global robust stability analysis of delayed complex-valued neural networks with interval parameter uncertainties."
211/3415,42/2969,481543,"Boundedness and global robust stability analysis of delayed complex-valued neural networks with interval parameter uncertainties."
40/3427,50/2415,481543,"Boundedness and global robust stability analysis of delayed complex-valued neural networks with interval parameter uncertainties."
40/3427,42/2969,481543,"Boundedness and global robust stability analysis of delayed complex-valued neural networks with interval parameter uncertainties."
50/2415,42/2969,481543,"Boundedness and global robust stability analysis of delayed complex-valued neural networks with interval parameter uncertainties."
133/4302,31/8837,481545,"SNAVA - A real-time multi-FPGA multi-model spiking neural network simulation architecture."
133/4302,184/7824,481545,"SNAVA - A real-time multi-FPGA multi-model spiking neural network simulation architecture."
133/4302,209/8492,481545,"SNAVA - A real-time multi-FPGA multi-model spiking neural network simulation architecture."
133/4302,53/7941,481545,"SNAVA - A real-time multi-FPGA multi-model spiking neural network simulation architecture."
133/4302,209/8244,481545,"SNAVA - A real-time multi-FPGA multi-model spiking neural network simulation architecture."
133/4302,209/8331,481545,"SNAVA - A real-time multi-FPGA multi-model spiking neural network simulation architecture."
133/4302,209/8320,481545,"SNAVA - A real-time multi-FPGA multi-model spiking neural network simulation architecture."
133/4302,22/4341,481545,"SNAVA - A real-time multi-FPGA multi-model spiking neural network simulation architecture."
31/8837,184/7824,481545,"SNAVA - A real-time multi-FPGA multi-model spiking neural network simulation architecture."
31/8837,209/8492,481545,"SNAVA - A real-time multi-FPGA multi-model spiking neural network simulation architecture."
31/8837,53/7941,481545,"SNAVA - A real-time multi-FPGA multi-model spiking neural network simulation architecture."
31/8837,209/8244,481545,"SNAVA - A real-time multi-FPGA multi-model spiking neural network simulation architecture."
31/8837,209/8331,481545,"SNAVA - A real-time multi-FPGA multi-model spiking neural network simulation architecture."
31/8837,209/8320,481545,"SNAVA - A real-time multi-FPGA multi-model spiking neural network simulation architecture."
31/8837,22/4341,481545,"SNAVA - A real-time multi-FPGA multi-model spiking neural network simulation architecture."
184/7824,209/8492,481545,"SNAVA - A real-time multi-FPGA multi-model spiking neural network simulation architecture."
184/7824,53/7941,481545,"SNAVA - A real-time multi-FPGA multi-model spiking neural network simulation architecture."
184/7824,209/8244,481545,"SNAVA - A real-time multi-FPGA multi-model spiking neural network simulation architecture."
184/7824,209/8331,481545,"SNAVA - A real-time multi-FPGA multi-model spiking neural network simulation architecture."
184/7824,209/8320,481545,"SNAVA - A real-time multi-FPGA multi-model spiking neural network simulation architecture."
184/7824,22/4341,481545,"SNAVA - A real-time multi-FPGA multi-model spiking neural network simulation architecture."
209/8492,53/7941,481545,"SNAVA - A real-time multi-FPGA multi-model spiking neural network simulation architecture."
209/8492,209/8244,481545,"SNAVA - A real-time multi-FPGA multi-model spiking neural network simulation architecture."
209/8492,209/8331,481545,"SNAVA - A real-time multi-FPGA multi-model spiking neural network simulation architecture."
209/8492,209/8320,481545,"SNAVA - A real-time multi-FPGA multi-model spiking neural network simulation architecture."
209/8492,22/4341,481545,"SNAVA - A real-time multi-FPGA multi-model spiking neural network simulation architecture."
53/7941,209/8244,481545,"SNAVA - A real-time multi-FPGA multi-model spiking neural network simulation architecture."
53/7941,209/8331,481545,"SNAVA - A real-time multi-FPGA multi-model spiking neural network simulation architecture."
53/7941,209/8320,481545,"SNAVA - A real-time multi-FPGA multi-model spiking neural network simulation architecture."
53/7941,22/4341,481545,"SNAVA - A real-time multi-FPGA multi-model spiking neural network simulation architecture."
209/8244,209/8331,481545,"SNAVA - A real-time multi-FPGA multi-model spiking neural network simulation architecture."
209/8244,209/8320,481545,"SNAVA - A real-time multi-FPGA multi-model spiking neural network simulation architecture."
209/8244,22/4341,481545,"SNAVA - A real-time multi-FPGA multi-model spiking neural network simulation architecture."
209/8331,209/8320,481545,"SNAVA - A real-time multi-FPGA multi-model spiking neural network simulation architecture."
209/8331,22/4341,481545,"SNAVA - A real-time multi-FPGA multi-model spiking neural network simulation architecture."
209/8320,22/4341,481545,"SNAVA - A real-time multi-FPGA multi-model spiking neural network simulation architecture."
217/2746,11/1423,481554,"Effective neural network training with adaptive learning rate based on training loss."
217/2746,09/4875,481554,"Effective neural network training with adaptive learning rate based on training loss."
11/1423,09/4875,481554,"Effective neural network training with adaptive learning rate based on training loss."
206/7050,01/9539,481561,"Improving efficiency in convolutional neural networks with multilinear filters."
206/7050,08/6597,481561,"Improving efficiency in convolutional neural networks with multilinear filters."
01/9539,08/6597,481561,"Improving efficiency in convolutional neural networks with multilinear filters."
45/6379,07/10875,481562,"Parzen neural networks - Fundamentals, properties, and an application to forensic anthropology."
45/6379,21/10875,481562,"Parzen neural networks - Fundamentals, properties, and an application to forensic anthropology."
07/10875,21/10875,481562,"Parzen neural networks - Fundamentals, properties, and an application to forensic anthropology."
194/2611,86/5476,481563,"Convolutional neural networks for seizure prediction using intracranial and scalp electroencephalogram."
194/2611,81/1684,481563,"Convolutional neural networks for seizure prediction using intracranial and scalp electroencephalogram."
194/2611,68/6739,481563,"Convolutional neural networks for seizure prediction using intracranial and scalp electroencephalogram."
194/2611,96/2976,481563,"Convolutional neural networks for seizure prediction using intracranial and scalp electroencephalogram."
194/2611,171/2514,481563,"Convolutional neural networks for seizure prediction using intracranial and scalp electroencephalogram."
194/2611,41/9830,481563,"Convolutional neural networks for seizure prediction using intracranial and scalp electroencephalogram."
86/5476,81/1684,481563,"Convolutional neural networks for seizure prediction using intracranial and scalp electroencephalogram."
86/5476,68/6739,481563,"Convolutional neural networks for seizure prediction using intracranial and scalp electroencephalogram."
86/5476,96/2976,481563,"Convolutional neural networks for seizure prediction using intracranial and scalp electroencephalogram."
86/5476,171/2514,481563,"Convolutional neural networks for seizure prediction using intracranial and scalp electroencephalogram."
86/5476,41/9830,481563,"Convolutional neural networks for seizure prediction using intracranial and scalp electroencephalogram."
81/1684,68/6739,481563,"Convolutional neural networks for seizure prediction using intracranial and scalp electroencephalogram."
81/1684,96/2976,481563,"Convolutional neural networks for seizure prediction using intracranial and scalp electroencephalogram."
81/1684,171/2514,481563,"Convolutional neural networks for seizure prediction using intracranial and scalp electroencephalogram."
81/1684,41/9830,481563,"Convolutional neural networks for seizure prediction using intracranial and scalp electroencephalogram."
68/6739,96/2976,481563,"Convolutional neural networks for seizure prediction using intracranial and scalp electroencephalogram."
68/6739,171/2514,481563,"Convolutional neural networks for seizure prediction using intracranial and scalp electroencephalogram."
68/6739,41/9830,481563,"Convolutional neural networks for seizure prediction using intracranial and scalp electroencephalogram."
96/2976,171/2514,481563,"Convolutional neural networks for seizure prediction using intracranial and scalp electroencephalogram."
96/2976,41/9830,481563,"Convolutional neural networks for seizure prediction using intracranial and scalp electroencephalogram."
171/2514,41/9830,481563,"Convolutional neural networks for seizure prediction using intracranial and scalp electroencephalogram."
198/9362,97/1443-1,481564,"Coupled convolution layer for convolutional neural network."
198/9362,17/5585,481564,"Coupled convolution layer for convolutional neural network."
97/1443-1,17/5585,481564,"Coupled convolution layer for convolutional neural network."
43/4866,82/9587,481565,"pth moment exponential stability of stochastic memristor-based bidirectional associative memory (BAM) neural networks with time delays."
43/4866,25/63,481565,"pth moment exponential stability of stochastic memristor-based bidirectional associative memory (BAM) neural networks with time delays."
82/9587,25/63,481565,"pth moment exponential stability of stochastic memristor-based bidirectional associative memory (BAM) neural networks with time delays."
35/3903,68/1298,481567,"Generalized pinning synchronization of delayed Cohen-Grossberg neural networks with discontinuous activations."
35/3903,124/4834,481567,"Generalized pinning synchronization of delayed Cohen-Grossberg neural networks with discontinuous activations."
35/3903,220/7918,481567,"Generalized pinning synchronization of delayed Cohen-Grossberg neural networks with discontinuous activations."
68/1298,124/4834,481567,"Generalized pinning synchronization of delayed Cohen-Grossberg neural networks with discontinuous activations."
68/1298,220/7918,481567,"Generalized pinning synchronization of delayed Cohen-Grossberg neural networks with discontinuous activations."
124/4834,220/7918,481567,"Generalized pinning synchronization of delayed Cohen-Grossberg neural networks with discontinuous activations."
05/3420,75/6825,481568,"Delay-dependent dynamical analysis of complex-valued memristive neural networks - Continuous-time and discrete-time cases."
05/3420,142/3959,481568,"Delay-dependent dynamical analysis of complex-valued memristive neural networks - Continuous-time and discrete-time cases."
05/3420,63/7026-5,481568,"Delay-dependent dynamical analysis of complex-valued memristive neural networks - Continuous-time and discrete-time cases."
75/6825,142/3959,481568,"Delay-dependent dynamical analysis of complex-valued memristive neural networks - Continuous-time and discrete-time cases."
75/6825,63/7026-5,481568,"Delay-dependent dynamical analysis of complex-valued memristive neural networks - Continuous-time and discrete-time cases."
142/3959,63/7026-5,481568,"Delay-dependent dynamical analysis of complex-valued memristive neural networks - Continuous-time and discrete-time cases."
99/4292-1,l/DerongLiu,481569,"Neural robust stabilization via event-triggering mechanism and adaptive learning technique."
90/4225-15,40/2619,481570,"Visualizing deep neural network by alternately image blurring and deblurring."
90/4225-15,14/6145-3,481570,"Visualizing deep neural network by alternately image blurring and deblurring."
40/2619,14/6145-3,481570,"Visualizing deep neural network by alternately image blurring and deblurring."
84/864,72/6275,481571,"Unified synchronization criteria in an array of coupled neural networks with hybrid impulses."
84/864,08/5217,481571,"Unified synchronization criteria in an array of coupled neural networks with hybrid impulses."
84/864,42/2969,481571,"Unified synchronization criteria in an array of coupled neural networks with hybrid impulses."
72/6275,08/5217,481571,"Unified synchronization criteria in an array of coupled neural networks with hybrid impulses."
72/6275,42/2969,481571,"Unified synchronization criteria in an array of coupled neural networks with hybrid impulses."
08/5217,42/2969,481571,"Unified synchronization criteria in an array of coupled neural networks with hybrid impulses."
99/4292-1,l/DerongLiu,481572,"Neural network robust tracking control with adaptive critic framework for uncertain nonlinear systems."
99/4292-1,02/6428,481572,"Neural network robust tracking control with adaptive critic framework for uncertain nonlinear systems."
99/4292-1,88/5785,481572,"Neural network robust tracking control with adaptive critic framework for uncertain nonlinear systems."
l/DerongLiu,02/6428,481572,"Neural network robust tracking control with adaptive critic framework for uncertain nonlinear systems."
l/DerongLiu,88/5785,481572,"Neural network robust tracking control with adaptive critic framework for uncertain nonlinear systems."
02/6428,88/5785,481572,"Neural network robust tracking control with adaptive critic framework for uncertain nonlinear systems."
132/1478,85/1640,481576,"Global stabilization analysis of inertial memristive recurrent neural networks with discrete and distributed delays."
132/1478,119/5942,481576,"Global stabilization analysis of inertial memristive recurrent neural networks with discrete and distributed delays."
132/1478,05/3941,481576,"Global stabilization analysis of inertial memristive recurrent neural networks with discrete and distributed delays."
85/1640,119/5942,481576,"Global stabilization analysis of inertial memristive recurrent neural networks with discrete and distributed delays."
85/1640,05/3941,481576,"Global stabilization analysis of inertial memristive recurrent neural networks with discrete and distributed delays."
119/5942,05/3941,481576,"Global stabilization analysis of inertial memristive recurrent neural networks with discrete and distributed delays."
89/8625,70/6592,481577,"Modular representation of layered neural networks."
89/8625,68/651,481577,"Modular representation of layered neural networks."
70/6592,68/651,481577,"Modular representation of layered neural networks."
91/1037,67/1248,481582,"General memristor with applications in multilayer neural networks."
91/1037,43/180-1,481582,"General memristor with applications in multilayer neural networks."
91/1037,24/647,481582,"General memristor with applications in multilayer neural networks."
91/1037,85/1640,481582,"General memristor with applications in multilayer neural networks."
67/1248,43/180-1,481582,"General memristor with applications in multilayer neural networks."
67/1248,24/647,481582,"General memristor with applications in multilayer neural networks."
67/1248,85/1640,481582,"General memristor with applications in multilayer neural networks."
43/180-1,24/647,481582,"General memristor with applications in multilayer neural networks."
43/180-1,85/1640,481582,"General memristor with applications in multilayer neural networks."
24/647,85/1640,481582,"General memristor with applications in multilayer neural networks."
98/4025,45/1561-3,481586,"Design, verification and robotic application of a novel recurrent neural network for computing dynamic Sylvester equation."
98/4025,17/1185,481586,"Design, verification and robotic application of a novel recurrent neural network for computing dynamic Sylvester equation."
98/4025,52/7699,481586,"Design, verification and robotic application of a novel recurrent neural network for computing dynamic Sylvester equation."
98/4025,57/2281-2,481586,"Design, verification and robotic application of a novel recurrent neural network for computing dynamic Sylvester equation."
45/1561-3,17/1185,481586,"Design, verification and robotic application of a novel recurrent neural network for computing dynamic Sylvester equation."
45/1561-3,52/7699,481586,"Design, verification and robotic application of a novel recurrent neural network for computing dynamic Sylvester equation."
45/1561-3,57/2281-2,481586,"Design, verification and robotic application of a novel recurrent neural network for computing dynamic Sylvester equation."
17/1185,52/7699,481586,"Design, verification and robotic application of a novel recurrent neural network for computing dynamic Sylvester equation."
17/1185,57/2281-2,481586,"Design, verification and robotic application of a novel recurrent neural network for computing dynamic Sylvester equation."
52/7699,57/2281-2,481586,"Design, verification and robotic application of a novel recurrent neural network for computing dynamic Sylvester equation."
98/4025,142/3918,481587,"Nonlinear recurrent neural networks for finite-time solution of general time-varying linear matrix equations."
98/4025,57/2281-2,481587,"Nonlinear recurrent neural networks for finite-time solution of general time-varying linear matrix equations."
98/4025,47/6529-4,481587,"Nonlinear recurrent neural networks for finite-time solution of general time-varying linear matrix equations."
142/3918,57/2281-2,481587,"Nonlinear recurrent neural networks for finite-time solution of general time-varying linear matrix equations."
142/3918,47/6529-4,481587,"Nonlinear recurrent neural networks for finite-time solution of general time-varying linear matrix equations."
57/2281-2,47/6529-4,481587,"Nonlinear recurrent neural networks for finite-time solution of general time-varying linear matrix equations."
157/2440,31/316,481592,"Global Mittag-Leffler stability and synchronization analysis of fractional-order quaternion-valued neural networks with linear threshold neurons."
157/2440,10/6543,481592,"Global Mittag-Leffler stability and synchronization analysis of fractional-order quaternion-valued neural networks with linear threshold neurons."
157/2440,49/687,481592,"Global Mittag-Leffler stability and synchronization analysis of fractional-order quaternion-valued neural networks with linear threshold neurons."
157/2440,75/4419,481592,"Global Mittag-Leffler stability and synchronization analysis of fractional-order quaternion-valued neural networks with linear threshold neurons."
31/316,10/6543,481592,"Global Mittag-Leffler stability and synchronization analysis of fractional-order quaternion-valued neural networks with linear threshold neurons."
31/316,49/687,481592,"Global Mittag-Leffler stability and synchronization analysis of fractional-order quaternion-valued neural networks with linear threshold neurons."
31/316,75/4419,481592,"Global Mittag-Leffler stability and synchronization analysis of fractional-order quaternion-valued neural networks with linear threshold neurons."
10/6543,49/687,481592,"Global Mittag-Leffler stability and synchronization analysis of fractional-order quaternion-valued neural networks with linear threshold neurons."
10/6543,75/4419,481592,"Global Mittag-Leffler stability and synchronization analysis of fractional-order quaternion-valued neural networks with linear threshold neurons."
49/687,75/4419,481592,"Global Mittag-Leffler stability and synchronization analysis of fractional-order quaternion-valued neural networks with linear threshold neurons."
12/8416,68/6277,481594,"Global exponential stability and lag synchronization for delayed memristive fuzzy Cohen-Grossberg BAM neural networks with impulses."
12/8416,77/2845,481594,"Global exponential stability and lag synchronization for delayed memristive fuzzy Cohen-Grossberg BAM neural networks with impulses."
12/8416,42/2969,481594,"Global exponential stability and lag synchronization for delayed memristive fuzzy Cohen-Grossberg BAM neural networks with impulses."
12/8416,51/5017,481594,"Global exponential stability and lag synchronization for delayed memristive fuzzy Cohen-Grossberg BAM neural networks with impulses."
68/6277,77/2845,481594,"Global exponential stability and lag synchronization for delayed memristive fuzzy Cohen-Grossberg BAM neural networks with impulses."
68/6277,42/2969,481594,"Global exponential stability and lag synchronization for delayed memristive fuzzy Cohen-Grossberg BAM neural networks with impulses."
68/6277,51/5017,481594,"Global exponential stability and lag synchronization for delayed memristive fuzzy Cohen-Grossberg BAM neural networks with impulses."
77/2845,42/2969,481594,"Global exponential stability and lag synchronization for delayed memristive fuzzy Cohen-Grossberg BAM neural networks with impulses."
77/2845,51/5017,481594,"Global exponential stability and lag synchronization for delayed memristive fuzzy Cohen-Grossberg BAM neural networks with impulses."
42/2969,51/5017,481594,"Global exponential stability and lag synchronization for delayed memristive fuzzy Cohen-Grossberg BAM neural networks with impulses."
72/7503,03/8231-1,481595,"Quasi-projective synchronization of fractional-order complex-valued recurrent neural networks."
72/7503,63/7026-5,481595,"Quasi-projective synchronization of fractional-order complex-valued recurrent neural networks."
72/7503,75/6825,481595,"Quasi-projective synchronization of fractional-order complex-valued recurrent neural networks."
03/8231-1,63/7026-5,481595,"Quasi-projective synchronization of fractional-order complex-valued recurrent neural networks."
03/8231-1,75/6825,481595,"Quasi-projective synchronization of fractional-order complex-valued recurrent neural networks."
63/7026-5,75/6825,481595,"Quasi-projective synchronization of fractional-order complex-valued recurrent neural networks."
154/4701,158/8667,481603,"Stochastic exponential synchronization of memristive neural networks with time-varying delays via quantized control."
154/4701,31/316,481603,"Stochastic exponential synchronization of memristive neural networks with time-varying delays via quantized control."
154/4701,10/4661-102,481603,"Stochastic exponential synchronization of memristive neural networks with time-varying delays via quantized control."
154/4701,27/1490,481603,"Stochastic exponential synchronization of memristive neural networks with time-varying delays via quantized control."
158/8667,31/316,481603,"Stochastic exponential synchronization of memristive neural networks with time-varying delays via quantized control."
158/8667,10/4661-102,481603,"Stochastic exponential synchronization of memristive neural networks with time-varying delays via quantized control."
158/8667,27/1490,481603,"Stochastic exponential synchronization of memristive neural networks with time-varying delays via quantized control."
31/316,10/4661-102,481603,"Stochastic exponential synchronization of memristive neural networks with time-varying delays via quantized control."
31/316,27/1490,481603,"Stochastic exponential synchronization of memristive neural networks with time-varying delays via quantized control."
10/4661-102,27/1490,481603,"Stochastic exponential synchronization of memristive neural networks with time-varying delays via quantized control."
190/4685,85/1640,481604,"Multistability and instability analysis of recurrent neural networks with time-varying delays."
28/4937,85/1640,481605,"New results on global exponential dissipativity analysis of memristive inertial neural networks with distributed time-varying delays."
28/4937,05/3941,481605,"New results on global exponential dissipativity analysis of memristive inertial neural networks with distributed time-varying delays."
85/1640,05/3941,481605,"New results on global exponential dissipativity analysis of memristive inertial neural networks with distributed time-varying delays."
24/10134,90/6986-1,481606,"Smoothing inertial projection neural network for minimization Lp-q in sparse signal reconstruction."
24/10134,24/647,481606,"Smoothing inertial projection neural network for minimization Lp-q in sparse signal reconstruction."
24/10134,75/4419,481606,"Smoothing inertial projection neural network for minimization Lp-q in sparse signal reconstruction."
90/6986-1,24/647,481606,"Smoothing inertial projection neural network for minimization Lp-q in sparse signal reconstruction."
90/6986-1,75/4419,481606,"Smoothing inertial projection neural network for minimization Lp-q in sparse signal reconstruction."
24/647,75/4419,481606,"Smoothing inertial projection neural network for minimization Lp-q in sparse signal reconstruction."
150/4170,44/2060,481611,"Neural circuits for learning context-dependent associations of stimuli."
150/4170,97/543,481611,"Neural circuits for learning context-dependent associations of stimuli."
44/2060,97/543,481611,"Neural circuits for learning context-dependent associations of stimuli."
29/8346,28/775,481612,"Delayed state-feedback control for stabilization of neural networks with leakage delay."
29/8346,63/7279,481612,"Delayed state-feedback control for stabilization of neural networks with leakage delay."
28/775,63/7279,481612,"Delayed state-feedback control for stabilization of neural networks with leakage delay."
198/2940,76/6623,481615,"Adaptive neural output-feedback control for nonstrict-feedback time-delay fractional-order systems with output constraints and actuator nonlinearities."
198/2940,03/5885,481615,"Adaptive neural output-feedback control for nonstrict-feedback time-delay fractional-order systems with output constraints and actuator nonlinearities."
198/2940,77/2845,481615,"Adaptive neural output-feedback control for nonstrict-feedback time-delay fractional-order systems with output constraints and actuator nonlinearities."
198/2940,156/4383,481615,"Adaptive neural output-feedback control for nonstrict-feedback time-delay fractional-order systems with output constraints and actuator nonlinearities."
76/6623,03/5885,481615,"Adaptive neural output-feedback control for nonstrict-feedback time-delay fractional-order systems with output constraints and actuator nonlinearities."
76/6623,77/2845,481615,"Adaptive neural output-feedback control for nonstrict-feedback time-delay fractional-order systems with output constraints and actuator nonlinearities."
76/6623,156/4383,481615,"Adaptive neural output-feedback control for nonstrict-feedback time-delay fractional-order systems with output constraints and actuator nonlinearities."
03/5885,77/2845,481615,"Adaptive neural output-feedback control for nonstrict-feedback time-delay fractional-order systems with output constraints and actuator nonlinearities."
03/5885,156/4383,481615,"Adaptive neural output-feedback control for nonstrict-feedback time-delay fractional-order systems with output constraints and actuator nonlinearities."
77/2845,156/4383,481615,"Adaptive neural output-feedback control for nonstrict-feedback time-delay fractional-order systems with output constraints and actuator nonlinearities."
33/6533,72/3054,481634,"Novelty Detection in Time Series Using Self-Organizing Neural Networks - A Comprehensive Evaluation."
223/2933,223/3016,481635,"Knowledge Fusion in Feedforward Artificial Neural Networks."
35/5426,202/6349,481639,"Finite-Time Stabilization of Neutral Hopfield Neural Networks with Mixed Delays."
118/9950,132/9508,481640,"Delta-Differentiable Weighted Pseudo-Almost Automorphicity on Time-Space Scales for a Novel Class of High-Order Competitive Neural Networks with WPAA Coefficients and Mixed Delays."
118/9950,77/2845,481640,"Delta-Differentiable Weighted Pseudo-Almost Automorphicity on Time-Space Scales for a Novel Class of High-Order Competitive Neural Networks with WPAA Coefficients and Mixed Delays."
132/9508,77/2845,481640,"Delta-Differentiable Weighted Pseudo-Almost Automorphicity on Time-Space Scales for a Novel Class of High-Order Competitive Neural Networks with WPAA Coefficients and Mixed Delays."
88/1924,85/1640,481642,"Stability Analysis for Memristive Recurrent Neural Network Under Different External Stimulus."
04/7100,54/4063,481644,"Fitness Landscape Analysis of Weight-Elimination Neural Networks."
04/7100,137/1235,481644,"Fitness Landscape Analysis of Weight-Elimination Neural Networks."
54/4063,137/1235,481644,"Fitness Landscape Analysis of Weight-Elimination Neural Networks."
61/3388,18/6404-1,481645,"Evolutionary Multi-task Learning for Modular Knowledge Representation in Neural Networks."
61/3388,64/4136,481645,"Evolutionary Multi-task Learning for Modular Knowledge Representation in Neural Networks."
61/3388,180/2692,481645,"Evolutionary Multi-task Learning for Modular Knowledge Representation in Neural Networks."
18/6404-1,64/4136,481645,"Evolutionary Multi-task Learning for Modular Knowledge Representation in Neural Networks."
18/6404-1,180/2692,481645,"Evolutionary Multi-task Learning for Modular Knowledge Representation in Neural Networks."
64/4136,180/2692,481645,"Evolutionary Multi-task Learning for Modular Knowledge Representation in Neural Networks."
223/3013,74/982,481647,"A Deep Neural Network Based on ELM for Semi-supervised Learning of Image Classification."
223/3013,149/5091,481647,"A Deep Neural Network Based on ELM for Semi-supervised Learning of Image Classification."
223/3013,223/3017,481647,"A Deep Neural Network Based on ELM for Semi-supervised Learning of Image Classification."
74/982,149/5091,481647,"A Deep Neural Network Based on ELM for Semi-supervised Learning of Image Classification."
74/982,223/3017,481647,"A Deep Neural Network Based on ELM for Semi-supervised Learning of Image Classification."
149/5091,223/3017,481647,"A Deep Neural Network Based on ELM for Semi-supervised Learning of Image Classification."
217/7880,217/7498,481648,"A Simplified Architecture of the Zhang Neural Network for Toeplitz Linear Systems Solving."
217/7880,15/245,481648,"A Simplified Architecture of the Zhang Neural Network for Toeplitz Linear Systems Solving."
217/7498,15/245,481648,"A Simplified Architecture of the Zhang Neural Network for Toeplitz Linear Systems Solving."
03/1359,73/6284,481649,"Synchronization Control of Coupled Memristor-Based Neural Networks with Mixed Delays and Stochastic Perturbations."
03/1359,40/1762,481649,"Synchronization Control of Coupled Memristor-Based Neural Networks with Mixed Delays and Stochastic Perturbations."
03/1359,33/5774,481649,"Synchronization Control of Coupled Memristor-Based Neural Networks with Mixed Delays and Stochastic Perturbations."
03/1359,75/4601,481649,"Synchronization Control of Coupled Memristor-Based Neural Networks with Mixed Delays and Stochastic Perturbations."
73/6284,40/1762,481649,"Synchronization Control of Coupled Memristor-Based Neural Networks with Mixed Delays and Stochastic Perturbations."
73/6284,33/5774,481649,"Synchronization Control of Coupled Memristor-Based Neural Networks with Mixed Delays and Stochastic Perturbations."
73/6284,75/4601,481649,"Synchronization Control of Coupled Memristor-Based Neural Networks with Mixed Delays and Stochastic Perturbations."
40/1762,33/5774,481649,"Synchronization Control of Coupled Memristor-Based Neural Networks with Mixed Delays and Stochastic Perturbations."
40/1762,75/4601,481649,"Synchronization Control of Coupled Memristor-Based Neural Networks with Mixed Delays and Stochastic Perturbations."
33/5774,75/4601,481649,"Synchronization Control of Coupled Memristor-Based Neural Networks with Mixed Delays and Stochastic Perturbations."
158/0513,158/0513,481656,"Two Novel Versions of Randomized Feed Forward Artificial Neural Networks - Stochastic and Pruned Stochastic."
25/8458,81/5260,481661,"A Multi-Valued Neuron Based Complex ELM Neural Network."
25/8458,57/0,481661,"A Multi-Valued Neuron Based Complex ELM Neural Network."
81/5260,57/0,481661,"A Multi-Valued Neuron Based Complex ELM Neural Network."
34/3271,90/746,481662,"Impulsive Control for a Class of Cellular Neural Networks with Proportional Delay."
