publ_id,title
37/1873,37/1873
256/0672,23/1758
183/0347,140/0859
183/0347,64/6125
183/0347,183/0341
140/0859,64/6125
140/0859,183/0341
64/6125,183/0341
21/10569,233/9371
21/10569,22/1425
233/9371,22/1425
29/137,29/137
173/8066,79/1276-3
173/8066,14/1249
173/8066,29/319
79/1276-3,14/1249
79/1276-3,29/319
14/1249,29/319
200/5849,179/8395
200/5849,10/569
179/8395,10/569
24/2319,79/2621
24/2319,248/5551
24/2319,t/FabianJTheis
79/2621,248/5551
79/2621,t/FabianJTheis
248/5551,t/FabianJTheis
252/5843,252/5647
252/5843,252/5880
252/5647,252/5880
214/1331,214/1269
214/1331,116/2999
214/1269,116/2999
217/2684,217/2684
230/0369,49/5462
230/0369,92/4211
230/0369,81/2408
230/0369,88/822
49/5462,92/4211
49/5462,81/2408
49/5462,88/822
92/4211,81/2408
92/4211,88/822
81/2408,88/822
55/6253-1,83/6792
55/6253-1,03/3890-4
55/6253-1,72/4213
83/6792,03/3890-4
83/6792,72/4213
03/3890-4,72/4213
81/6685-8,24/2718
81/6685-8,p/WitoldPedrycz
24/2718,p/WitoldPedrycz
22/1805-9,22/1805-9
209/7376,94/2575
44/6416,55/5795
23/3287,63/1807-1
23/3287,79/1420
63/1807-1,79/1420
44/3507,25/1735
44/3507,24/2147
44/3507,79/6988
44/3507,61/4009
25/1735,24/2147
25/1735,79/6988
25/1735,61/4009
24/2147,79/6988
24/2147,61/4009
79/6988,61/4009
69/2253,69/2253
02/2544,49/5637
02/2544,04/5508
49/5637,04/5508
91/1037,85/1640
91/1037,24/647
91/1037,65/4875
91/1037,72/4065
85/1640,24/647
85/1640,65/4875
85/1640,72/4065
24/647,65/4875
24/647,72/4065
65/4875,72/4065
95/3377,10/5695
95/3377,56/4401-2
95/3377,26/6480
10/5695,56/4401-2
10/5695,26/6480
56/4401-2,26/6480
81/6685-8,24/2718
81/6685-8,p/WitoldPedrycz
24/2718,p/WitoldPedrycz
74/3395,65/4423
74/3395,153/6056
74/3395,153/5886
74/3395,12/6129
65/4423,153/6056
65/4423,153/5886
65/4423,12/6129
153/6056,153/5886
153/6056,12/6129
153/5886,12/6129
141/9730,141/9675
141/9730,128/4845
141/9730,02/8036
141/9730,141/9677
141/9730,141/9646
141/9730,141/9611
141/9675,128/4845
141/9675,02/8036
141/9675,141/9677
141/9675,141/9646
141/9675,141/9611
128/4845,02/8036
128/4845,141/9677
128/4845,141/9646
128/4845,141/9611
02/8036,141/9677
02/8036,141/9646
02/8036,141/9611
141/9677,141/9646
141/9677,141/9611
141/9646,141/9611
96/630,96/630
92/8836,00/1457
92/8836,83/9736
92/8836,66/10859
92/8836,s/GerardJMSmit
92/8836,09/402
92/8836,02/752
92/8836,81/6902
92/8836,m/LiamMcDaid
00/1457,83/9736
00/1457,66/10859
00/1457,s/GerardJMSmit
00/1457,09/402
00/1457,02/752
00/1457,81/6902
00/1457,m/LiamMcDaid
83/9736,66/10859
83/9736,s/GerardJMSmit
83/9736,09/402
83/9736,02/752
83/9736,81/6902
83/9736,m/LiamMcDaid
66/10859,s/GerardJMSmit
66/10859,09/402
66/10859,02/752
66/10859,81/6902
66/10859,m/LiamMcDaid
s/GerardJMSmit,09/402
s/GerardJMSmit,02/752
s/GerardJMSmit,81/6902
s/GerardJMSmit,m/LiamMcDaid
09/402,02/752
09/402,81/6902
09/402,m/LiamMcDaid
02/752,81/6902
02/752,m/LiamMcDaid
81/6902,m/LiamMcDaid
30/8366,67/4912
09/6631,08/3144
09/6631,s/HavaTSiegelmann
09/6631,84/6337
09/6631,87/7031
08/3144,s/HavaTSiegelmann
08/3144,84/6337
08/3144,87/7031
s/HavaTSiegelmann,84/6337
s/HavaTSiegelmann,87/7031
84/6337,87/7031
120/2654,57/2565
74/1336,56/5094
74/1336,34/9180
74/1336,89/9180
56/5094,34/9180
56/5094,89/9180
34/9180,89/9180
46/4502,71/6463
46/4502,12/9843
46/4502,81/2557
71/6463,12/9843
71/6463,81/2557
12/9843,81/2557
98/4025,74/1336
89/2278,89/2278
48/4143,48/7229
48/4143,89/3847
48/7229,89/3847
49/3794,81/4331
82/1080,82/1080
38/3872,33/4078
38/3872,60/2808
33/4078,60/2808
33/3377,02/7007
33/3377,30/5697
02/7007,30/5697
28/369,85/4472
28/369,81/4753
85/4472,81/4753
57/3737,57/3737
24/2251,82/4320
24/2251,33/3562
24/2251,69/711
24/2251,91/4457
82/4320,33/3562
82/4320,69/711
82/4320,91/4457
33/3562,69/711
33/3562,91/4457
69/711,91/4457
15/3284,83/5255
15/3284,58/743
15/3284,73/1149
83/5255,58/743
83/5255,73/1149
58/743,73/1149
68/1792,02/622
68/1792,m/TMartinMcGinnity
02/622,m/TMartinMcGinnity
02/9897,02/9897
62/6467,13/991
62/6467,04/6911
13/991,04/6911
02/5722,78/4444
09/6601,95/1554
09/6601,33/5774
95/1554,33/5774
88/4427,83/4849
88/4427,40/2745
88/4427,89/4055
83/4849,40/2745
83/4849,89/4055
40/2745,89/4055
83/814,99/492
83/814,29/2451
83/814,11/2762
83/814,48/6925
99/492,29/2451
99/492,11/2762
99/492,48/6925
29/2451,11/2762
29/2451,48/6925
11/2762,48/6925
59/2790,17/4515
59/2790,61/3069
17/4515,61/3069
67/3565,53/2396
67/3565,03/689
67/3565,g/ManfredGlesner
53/2396,03/689
53/2396,g/ManfredGlesner
03/689,g/ManfredGlesner
25/6312,04/5177
25/6312,48/6531
04/5177,48/6531
03/3914,03/3914
52/6277,68/4000
52/6277,k/StefanosDKollias
68/4000,k/StefanosDKollias
75/1692,75/1692
73/5388,35/7027
73/5388,93/170
35/7027,93/170
95/2429,69/1370
12/4193,12/4193
74/3810,24/4369
c/HubertYChan,69/2013
38/6444,10/3183
34/5942,85/6503
47/3188,55/1431
80/5269,05/5219
80/5269,58/257
05/5219,58/257
24/1735,24/1735
14/5256,03/1897
14/5256,29/3690
14/5256,06/322
03/1897,29/3690
03/1897,06/322
29/3690,06/322
157/6135,157/6149
90/3500,228/1976
90/3500,252/7120
90/3500,10/217-14
228/1976,252/7120
228/1976,10/217-14
252/7120,10/217-14
228/8601,228/8601
76/10580,170/0770
76/10580,83/10067
76/10580,74/2526
76/10580,71/3518
170/0770,83/10067
170/0770,74/2526
170/0770,71/3518
83/10067,74/2526
83/10067,71/3518
74/2526,71/3518
150/1320,150/1320
31/3270,204/9574
31/3270,50/9132
31/3270,204/9685
31/3270,195/4660
31/3270,55/4449
204/9574,50/9132
204/9574,204/9685
204/9574,195/4660
204/9574,55/4449
50/9132,204/9685
50/9132,195/4660
50/9132,55/4449
204/9685,195/4660
204/9685,55/4449
195/4660,55/4449
256/7513,20/8337
256/7513,256/7443
256/7513,160/9155
20/8337,256/7443
20/8337,160/9155
256/7443,160/9155
35/5426,228/2388
151/0865,18/2696
151/0865,v/PedroIsasiVinuela
18/2696,v/PedroIsasiVinuela
80/5657,42/3619
80/5657,131/3227
42/3619,131/3227
258/6360,86/3289
258/6360,258/6345
258/6360,258/6472
86/3289,258/6345
86/3289,258/6472
258/6345,258/6472
06/9875,09/6775
06/9875,202/1757
06/9875,95/4897
09/6775,202/1757
09/6775,95/4897
202/1757,95/4897
33/8436,79/7409
33/8436,15/9596
79/7409,15/9596
53/5490,53/5490
200/8390,133/2009
200/8390,82/3013
200/8390,200/8935
200/8390,163/2191
200/8390,64/1485
133/2009,82/3013
133/2009,200/8935
133/2009,163/2191
133/2009,64/1485
82/3013,200/8935
82/3013,163/2191
82/3013,64/1485
200/8935,163/2191
200/8935,64/1485
163/2191,64/1485
204/9756,204/9777
204/9756,01/325
204/9756,258/6560
204/9756,147/5548
204/9756,195/4656
204/9756,258/6305
204/9756,258/6807
204/9756,220/9805
204/9756,178/9445
204/9756,55/4449
204/9777,01/325
204/9777,258/6560
204/9777,147/5548
204/9777,195/4656
204/9777,258/6305
204/9777,258/6807
204/9777,220/9805
204/9777,178/9445
204/9777,55/4449
01/325,258/6560
01/325,147/5548
01/325,195/4656
01/325,258/6305
01/325,258/6807
01/325,220/9805
01/325,178/9445
01/325,55/4449
258/6560,147/5548
258/6560,195/4656
258/6560,258/6305
258/6560,258/6807
258/6560,220/9805
258/6560,178/9445
258/6560,55/4449
147/5548,195/4656
147/5548,258/6305
147/5548,258/6807
147/5548,220/9805
147/5548,178/9445
147/5548,55/4449
195/4656,258/6305
195/4656,258/6807
195/4656,220/9805
195/4656,178/9445
195/4656,55/4449
258/6305,258/6807
258/6305,220/9805
258/6305,178/9445
258/6305,55/4449
258/6807,220/9805
258/6807,178/9445
258/6807,55/4449
220/9805,178/9445
220/9805,55/4449
178/9445,55/4449
93/7511,232/1661
93/7511,232/2203
93/7511,88/7595
93/7511,132/1691
232/1661,232/2203
232/1661,88/7595
232/1661,132/1691
232/2203,88/7595
232/2203,132/1691
88/7595,132/1691
189/9729,256/7384
189/9729,200/9618
189/9729,200/9454
189/9729,189/9779
256/7384,200/9618
256/7384,200/9454
256/7384,189/9779
200/9618,200/9454
200/9618,189/9779
200/9454,189/9779
97/9523,97/9523
216/3226,242/8727
216/3226,193/6592
216/3226,256/3820
216/3226,256/3829
242/8727,193/6592
242/8727,256/3820
242/8727,256/3829
193/6592,256/3820
193/6592,256/3829
256/3820,256/3829
213/0205,213/0430
213/0205,257/6397
213/0430,257/6397
144/2986,86/3289
144/2986,147/5499
144/2986,258/6721
86/3289,147/5499
86/3289,258/6721
147/5499,258/6721
179/0608,154/9761
179/0608,68/4739
179/0608,81/2683
154/9761,68/4739
154/9761,81/2683
68/4739,81/2683
81/516,147/8580
81/516,98/2354
81/516,38/3937
147/8580,98/2354
147/8580,38/3937
98/2354,38/3937
225/8078,167/0653
225/8078,212/1489
225/8078,225/8125
167/0653,212/1489
167/0653,225/8125
212/1489,225/8125
18/8544,159/2187
18/8544,154/3805
18/8544,150/1679
18/8544,39/2699-1
159/2187,154/3805
159/2187,150/1679
159/2187,39/2699-1
154/3805,150/1679
154/3805,39/2699-1
150/1679,39/2699-1
185/3592,129/2286
185/3592,30/2130
185/3592,03/3914
129/2286,30/2130
129/2286,03/3914
30/2130,03/3914
176/9302,49/581
176/9302,117/6963
49/581,117/6963
97/4708,21/4944
86/7869,72/5531
203/4777,225/8758
203/4777,09/4891
203/4777,k/AloisKnoll
203/4777,86/489-1
225/8758,09/4891
225/8758,k/AloisKnoll
225/8758,86/489-1
09/4891,k/AloisKnoll
09/4891,86/489-1
k/AloisKnoll,86/489-1
230/2126,180/6757
230/2126,34/7343
230/2126,24/647
230/2126,91/1037
180/6757,34/7343
180/6757,24/647
180/6757,91/1037
34/7343,24/647
34/7343,91/1037
24/647,91/1037
189/4345,30/4194
03/1359,73/6284
03/1359,40/1762
03/1359,33/5774
03/1359,170/4295
03/1359,39/6153-9
73/6284,40/1762
73/6284,33/5774
73/6284,170/4295
73/6284,39/6153-9
40/1762,33/5774
40/1762,170/4295
40/1762,39/6153-9
33/5774,170/4295
33/5774,39/6153-9
170/4295,39/6153-9
01/2038,228/1667
01/2038,238/7860
01/2038,219/2986
01/2038,15/6556
228/1667,238/7860
228/1667,219/2986
228/1667,15/6556
238/7860,219/2986
238/7860,15/6556
219/2986,15/6556
255/9507,256/0110
255/9507,71/6613
255/9507,256/0097
255/9507,146/0203
255/9507,84/1046
256/0110,71/6613
256/0110,256/0097
256/0110,146/0203
256/0110,84/1046
71/6613,256/0097
71/6613,146/0203
71/6613,84/1046
256/0097,146/0203
256/0097,84/1046
146/0203,84/1046
94/11077,118/3303
94/11077,85/2221
94/11077,43/4727
94/11077,s/ASperduti
94/11077,34/4610
94/11077,h/CesarHervasMartinez
118/3303,85/2221
118/3303,43/4727
118/3303,s/ASperduti
118/3303,34/4610
118/3303,h/CesarHervasMartinez
85/2221,43/4727
85/2221,s/ASperduti
85/2221,34/4610
85/2221,h/CesarHervasMartinez
43/4727,s/ASperduti
43/4727,34/4610
43/4727,h/CesarHervasMartinez
s/ASperduti,34/4610
s/ASperduti,h/CesarHervasMartinez
34/4610,h/CesarHervasMartinez
234/6237,177/8814
234/6237,81/760
234/6237,51/10740
177/8814,81/760
177/8814,51/10740
81/760,51/10740
139/7455,139/7455
233/0711,s/JuanHumbertoSossaAzuela
233/0711,38/7736
233/0711,88/4564
s/JuanHumbertoSossaAzuela,38/7736
s/JuanHumbertoSossaAzuela,88/4564
38/7736,88/4564
34/7343,255/9963
34/7343,w/JunWang2
255/9963,w/JunWang2
232/2070,01/8502
232/2070,58/2821
232/2070,26/1194-2
01/8502,58/2821
01/8502,26/1194-2
58/2821,26/1194-2
22/2303,08/312
85/93,08/2359
85/93,117/3097
85/93,22/4613
08/2359,117/3097
08/2359,22/4613
117/3097,22/4613
144/2265,22/11006
144/2265,37/5353
22/11006,37/5353
256/0553,08/5217
256/0553,73/3317
256/0553,54/5748
08/5217,73/3317
08/5217,54/5748
73/3317,54/5748
38/9022,76/7010
38/9022,34/25
38/9022,60/6903
38/9022,03/627
76/7010,34/25
76/7010,60/6903
76/7010,03/627
34/25,60/6903
34/25,03/627
60/6903,03/627
98/4371,44/429
98/4371,25/7045-3
44/429,25/7045-3
226/6376,k/NikolaKKasabov
226/6376,150/4110
k/NikolaKKasabov,150/4110
37/10443,243/6012
37/10443,243/6138
37/10443,02/6219
37/10443,02/6465
37/10443,03/2800
243/6012,243/6138
243/6012,02/6219
243/6012,02/6465
243/6012,03/2800
243/6138,02/6219
243/6138,02/6465
243/6138,03/2800
02/6219,02/6465
02/6219,03/2800
02/6465,03/2800
228/1917,159/9962-1
228/1917,166/0716
159/9962-1,166/0716
38/1796,s/BoShen-1
38/1796,95/7037
s/BoShen-1,95/7037
10/2639-3,93/9060
10/2639-3,01/2998
10/2639-3,193/6563
10/2639-3,09/7644
93/9060,01/2998
93/9060,193/6563
93/9060,09/7644
01/2998,193/6563
01/2998,09/7644
193/6563,09/7644
132/4091,202/8248
132/4091,48/1070
132/4091,94/1127
202/8248,48/1070
202/8248,94/1127
48/1070,94/1127
132/4091,94/1127
132/4091,48/1070
132/4091,k/NikolaKKasabov
94/1127,48/1070
94/1127,k/NikolaKKasabov
48/1070,k/NikolaKKasabov
190/4780,75/6825
190/4780,63/7026-5
190/4780,131/9906
75/6825,63/7026-5
75/6825,131/9906
63/7026-5,131/9906
133/9966,117/8755
133/9966,11/4163
133/9966,75/2220
117/8755,11/4163
117/8755,75/2220
11/4163,75/2220
231/1072,74/2481
231/1072,14/1270
231/1072,78/1948
74/2481,14/1270
74/2481,78/1948
14/1270,78/1948
257/8744,36/11385
257/8744,257/8686
257/8744,70/9163
257/8744,37/3956
36/11385,257/8686
36/11385,70/9163
36/11385,37/3956
257/8686,70/9163
257/8686,37/3956
70/9163,37/3956
41/7254,24/7254
129/8719,50/4469
32/5355,81/6688
32/5355,175/9195
32/5355,52/7990
81/6688,175/9195
81/6688,52/7990
175/9195,52/7990
187/5121,39/11027
187/5121,155/2245
187/5121,26/11183
187/5121,07/8270
39/11027,155/2245
39/11027,26/11183
39/11027,07/8270
155/2245,26/11183
155/2245,07/8270
26/11183,07/8270
210/1009,168/8446
210/1009,r/KaushikRoy
168/8446,r/KaushikRoy
256/0456,71/3675
256/0456,256/0412
256/0456,256/0399
256/0456,49/1836
256/0456,256/0612
71/3675,256/0412
71/3675,256/0399
71/3675,49/1836
71/3675,256/0612
256/0412,256/0399
256/0412,49/1836
256/0412,256/0612
256/0399,49/1836
256/0399,256/0612
49/1836,256/0612
199/5294,80/4997
199/5294,79/5796
199/5294,40/9504
199/5294,08/5485
199/5294,m/TMartinMcGinnity
80/4997,79/5796
80/4997,40/9504
80/4997,08/5485
80/4997,m/TMartinMcGinnity
79/5796,40/9504
79/5796,08/5485
79/5796,m/TMartinMcGinnity
40/9504,08/5485
40/9504,m/TMartinMcGinnity
08/5485,m/TMartinMcGinnity
231/7294,189/2260
231/7294,120/9142
189/2260,120/9142
07/4221,120/5247
07/4221,67/1336-10
120/5247,67/1336-10
07/4221,120/5247
07/4221,67/1336-10
07/4221,35/5678
07/4221,91/7627
120/5247,67/1336-10
120/5247,35/5678
120/5247,91/7627
67/1336-10,35/5678
67/1336-10,91/7627
35/5678,91/7627
254/2181,180/6757
254/2181,24/647
254/2181,80/1641
254/2181,83/6353-1
254/2181,91/1037
180/6757,24/647
180/6757,80/1641
180/6757,83/6353-1
180/6757,91/1037
24/647,80/1641
24/647,83/6353-1
24/647,91/1037
80/1641,83/6353-1
80/1641,91/1037
83/6353-1,91/1037
254/2181,34/7343
254/2181,91/1037
254/2181,24/647
34/7343,91/1037
34/7343,24/647
91/1037,24/647
40/485,78/6727-8
40/485,10/6543
40/485,26/2210
40/485,61/4396
78/6727-8,10/6543
78/6727-8,26/2210
78/6727-8,61/4396
10/6543,26/2210
10/6543,61/4396
26/2210,61/4396
231/7379,257/8766
231/7379,195/9712
231/7379,68/1538
257/8766,195/9712
257/8766,68/1538
195/9712,68/1538
170/5754,91/1037
170/5754,157/2440
170/5754,30/4519
91/1037,157/2440
91/1037,30/4519
157/2440,30/4519
192/5381,51/2181
192/5381,99/1128
51/2181,99/1128
33/4854,189/4446
33/4854,172/4941
33/4854,80/4685
33/4854,70/2932
189/4446,172/4941
189/4446,80/4685
189/4446,70/2932
172/4941,80/4685
172/4941,70/2932
80/4685,70/2932
117/6389,216/5236
117/6389,257/8639
117/6389,257/8688
117/6389,59/983
216/5236,257/8639
216/5236,257/8688
216/5236,59/983
257/8639,257/8688
257/8639,59/983
257/8688,59/983
219/6032,10/6543
219/6032,40/3427
10/6543,40/3427
219/6032,10/6543
219/6032,40/3427
10/6543,40/3427
24/10134,90/6986-1
24/10134,24/647
24/10134,75/4419
24/10134,83/6353-1
90/6986-1,24/647
90/6986-1,75/4419
90/6986-1,83/6353-1
24/647,75/4419
24/647,83/6353-1
75/4419,83/6353-1
208/4824,71/4467
07/6626,200/8014
85/5901-16,80/6273-1
85/5901-16,43/5113
80/6273-1,43/5113
149/0768,85/5075
149/0768,208/6794
149/0768,42/2356
149/0768,09/2302
85/5075,208/6794
85/5075,42/2356
85/5075,09/2302
208/6794,42/2356
208/6794,09/2302
42/2356,09/2302
16/722,50/3037
16/722,39/6898
16/722,l/JingLi20
16/722,69/7024-3
50/3037,39/6898
50/3037,l/JingLi20
50/3037,69/7024-3
39/6898,l/JingLi20
39/6898,69/7024-3
l/JingLi20,69/7024-3
189/9126,133/5231
189/9126,133/5135
189/9126,79/8673
189/9126,98/6690-2
133/5231,133/5135
133/5231,79/8673
133/5231,98/6690-2
133/5135,79/8673
133/5135,98/6690-2
79/8673,98/6690-2
81/6685-8,17/6853-1
73/6656,73/6656
14/5410,73/2273
65/3945,20/6534
65/3945,21/2715-6
65/3945,83/210
65/3945,48/4856
20/6534,21/2715-6
20/6534,83/210
20/6534,48/4856
21/2715-6,83/210
21/2715-6,48/4856
83/210,48/4856
190/2607,46/1629
190/2607,50/3787
190/2607,58/4663
46/1629,50/3787
46/1629,58/4663
50/3787,58/4663
256/2798,163/0190
152/9530,194/9125
152/9530,42/1744
194/9125,42/1744
258/4416,k/NikolaKKasabov
258/4416,258/4522
k/NikolaKKasabov,258/4522
146/2985,55/5795
146/2985,44/6416
55/5795,44/6416
17/9473,18/5744
25/9832,25/9832
48/4843,145/9409
48/4843,53/7812
48/4843,84/2763
48/4843,34/2430
48/4843,74/4786
48/4843,62/989
145/9409,53/7812
145/9409,84/2763
145/9409,34/2430
145/9409,74/4786
145/9409,62/989
53/7812,84/2763
53/7812,34/2430
53/7812,74/4786
53/7812,62/989
84/2763,34/2430
84/2763,74/4786
84/2763,62/989
34/2430,74/4786
34/2430,62/989
74/4786,62/989
171/4446,22/5042
171/4446,01/2998-2
171/4446,41/3268
171/4446,66/10616
171/4446,10/5070
171/4446,35/10617
171/4446,09/7644
22/5042,01/2998-2
22/5042,41/3268
22/5042,66/10616
22/5042,10/5070
22/5042,35/10617
22/5042,09/7644
01/2998-2,41/3268
01/2998-2,66/10616
01/2998-2,10/5070
01/2998-2,35/10617
01/2998-2,09/7644
41/3268,66/10616
41/3268,10/5070
41/3268,35/10617
41/3268,09/7644
66/10616,10/5070
66/10616,35/10617
66/10616,09/7644
10/5070,35/10617
10/5070,09/7644
35/10617,09/7644
28/4937,85/1640
252/6983,99/6079
252/6983,123/4406
99/6079,123/4406
132/4368,173/6358
132/4368,135/1081
132/4368,33/1930
132/4368,05/6815
132/4368,59/10272
132/4368,33/5895
132/4368,04/5508
173/6358,135/1081
173/6358,33/1930
173/6358,05/6815
173/6358,59/10272
173/6358,33/5895
173/6358,04/5508
135/1081,33/1930
135/1081,05/6815
135/1081,59/10272
135/1081,33/5895
135/1081,04/5508
33/1930,05/6815
33/1930,59/10272
33/1930,33/5895
33/1930,04/5508
05/6815,59/10272
05/6815,33/5895
05/6815,04/5508
59/10272,33/5895
59/10272,04/5508
33/5895,04/5508
203/8343,204/4379
203/8343,21/17
203/8343,36/9988
204/4379,21/17
204/4379,36/9988
21/17,36/9988
190/7243,258/0770
190/7243,258/0639
190/7243,190/7206
258/0770,258/0639
258/0770,190/7206
258/0639,190/7206
206/6423,258/3359
206/6423,155/0711
206/6423,59/3600
258/3359,155/0711
258/3359,59/3600
155/0711,59/3600
230/6682,211/0744
230/6682,16/945
230/6682,228/4359
230/6682,232/5127
211/0744,16/945
211/0744,228/4359
211/0744,232/5127
16/945,228/4359
16/945,232/5127
228/4359,232/5127
52/5264,97/164
52/5264,242/7076
52/5264,33/2568
52/5264,57/1674
97/164,242/7076
97/164,33/2568
97/164,57/1674
242/7076,33/2568
242/7076,57/1674
33/2568,57/1674
244/5681,72/5469
244/5681,21/7845
244/5681,244/5739
244/5681,244/5665
72/5469,21/7845
72/5469,244/5739
72/5469,244/5665
21/7845,244/5739
21/7845,244/5665
244/5739,244/5665
66/8467,92/4467
66/8467,215/5743
66/8467,92/5132
66/8467,12/1751
66/8467,243/9977
66/8467,04/1530
66/8467,244/0306
66/8467,191/4960
66/8467,35/5410
66/8467,119/3097
66/8467,209/9732
92/4467,215/5743
92/4467,92/5132
92/4467,12/1751
92/4467,243/9977
92/4467,04/1530
92/4467,244/0306
92/4467,191/4960
92/4467,35/5410
92/4467,119/3097
92/4467,209/9732
215/5743,92/5132
215/5743,12/1751
215/5743,243/9977
215/5743,04/1530
215/5743,244/0306
215/5743,191/4960
215/5743,35/5410
215/5743,119/3097
215/5743,209/9732
92/5132,12/1751
92/5132,243/9977
92/5132,04/1530
92/5132,244/0306
92/5132,191/4960
92/5132,35/5410
92/5132,119/3097
92/5132,209/9732
12/1751,243/9977
12/1751,04/1530
12/1751,244/0306
12/1751,191/4960
12/1751,35/5410
12/1751,119/3097
12/1751,209/9732
243/9977,04/1530
243/9977,244/0306
243/9977,191/4960
243/9977,35/5410
243/9977,119/3097
243/9977,209/9732
04/1530,244/0306
04/1530,191/4960
04/1530,35/5410
04/1530,119/3097
04/1530,209/9732
244/0306,191/4960
244/0306,35/5410
244/0306,119/3097
244/0306,209/9732
191/4960,35/5410
191/4960,119/3097
191/4960,209/9732
35/5410,119/3097
35/5410,209/9732
119/3097,209/9732
90/5364,44/2569
67/10405,147/5138
67/10405,39/8969
67/10405,87/5931
147/5138,39/8969
147/5138,87/5931
39/8969,87/5931
247/0537,247/0498
218/5800,124/7065
218/5800,150/6303
218/5800,130/1371
218/5800,a/KrsteAsanovic
218/5800,k/KurtKeutzer
124/7065,150/6303
124/7065,130/1371
124/7065,a/KrsteAsanovic
124/7065,k/KurtKeutzer
150/6303,130/1371
150/6303,a/KrsteAsanovic
150/6303,k/KurtKeutzer
130/1371,a/KrsteAsanovic
130/1371,k/KurtKeutzer
a/KrsteAsanovic,k/KurtKeutzer
222/3846,68/10234
222/3846,167/1537
222/3846,05/5824
222/3846,92/46
222/3846,60/5071
68/10234,167/1537
68/10234,05/5824
68/10234,92/46
68/10234,60/5071
167/1537,05/5824
167/1537,92/46
167/1537,60/5071
05/5824,92/46
05/5824,60/5071
92/46,60/5071
171/9515,115/8025
98/5833,19/6008
200/9438,222/1813
200/9438,41/3430
200/9438,52/3501
200/9438,169/0776
222/1813,41/3430
222/1813,52/3501
222/1813,169/0776
41/3430,52/3501
41/3430,169/0776
52/3501,169/0776
219/2318,56/4329
169/6738,235/9702
169/6738,161/7336
169/6738,116/2558
169/6738,03/765
169/6738,193/8628
169/6738,63/10751
169/6738,116/8841
169/6738,116/9068
169/6738,193/8618
169/6738,54/6121
235/9702,161/7336
235/9702,116/2558
235/9702,03/765
235/9702,193/8628
235/9702,63/10751
235/9702,116/8841
235/9702,116/9068
235/9702,193/8618
235/9702,54/6121
161/7336,116/2558
161/7336,03/765
161/7336,193/8628
161/7336,63/10751
161/7336,116/8841
161/7336,116/9068
161/7336,193/8618
161/7336,54/6121
116/2558,03/765
116/2558,193/8628
116/2558,63/10751
116/2558,116/8841
116/2558,116/9068
116/2558,193/8618
116/2558,54/6121
03/765,193/8628
03/765,63/10751
03/765,116/8841
03/765,116/9068
03/765,193/8618
03/765,54/6121
193/8628,63/10751
193/8628,116/8841
193/8628,116/9068
193/8628,193/8618
193/8628,54/6121
63/10751,116/8841
63/10751,116/9068
63/10751,193/8618
63/10751,54/6121
116/8841,116/9068
116/8841,193/8618
116/8841,54/6121
116/9068,193/8618
116/9068,54/6121
193/8618,54/6121
80/36,14/4769
153/7352,04/4317
153/7352,01/3572
04/4317,01/3572
15/6841,15/6841
78/5418,88/2576
91/10065,91/7408
91/10065,s/FrankMichaelSchleif
91/7408,s/FrankMichaelSchleif
64/1967-15,244/4567
64/1967-15,244/4606
64/1967-15,81/887
244/4567,244/4606
244/4567,81/887
244/4606,81/887
83/5342,25/3718
224/1330,160/5390
224/1330,224/1461
224/1330,10/728
224/1330,53/3101
160/5390,224/1461
160/5390,10/728
160/5390,53/3101
224/1461,10/728
224/1461,53/3101
10/728,53/3101
220/3468,27/5665
220/3468,63/1643
220/3468,168/1018
220/3468,83/6040
220/3468,b/DBlaauw
220/3468,41/1231
220/3468,i/RaviRIyer
27/5665,63/1643
27/5665,168/1018
27/5665,83/6040
27/5665,b/DBlaauw
27/5665,41/1231
27/5665,i/RaviRIyer
63/1643,168/1018
63/1643,83/6040
63/1643,b/DBlaauw
63/1643,41/1231
63/1643,i/RaviRIyer
168/1018,83/6040
168/1018,b/DBlaauw
168/1018,41/1231
168/1018,i/RaviRIyer
83/6040,b/DBlaauw
83/6040,41/1231
83/6040,i/RaviRIyer
b/DBlaauw,41/1231
b/DBlaauw,i/RaviRIyer
41/1231,i/RaviRIyer
239/0103,44/3008
239/0103,88/5924
44/3008,88/5924
217/1732,18/331
140/1495,252/3990
140/1495,58/3587
252/3990,58/3587
248/6432,248/6081
238/9921,239/0159
238/9921,239/0109
239/0159,239/0109
28/9023,55/5989
28/9023,e/RalphEtienneCummings
55/5989,e/RalphEtienneCummings
150/1320,51/11053
248/6164,151/8176
35/5426,226/9567
35/5426,228/2388
35/5426,202/6349
179/4388,153/4011
71/2464,192/6834
71/2464,250/3958
71/2464,210/1104
192/6834,250/3958
192/6834,210/1104
250/3958,210/1104
83/4255,32/11234
83/4255,235/2038
32/11234,235/2038
248/6467,184/3603
248/6467,92/8737
248/6467,14/2579
184/3603,92/8737
184/3603,14/2579
92/8737,14/2579
252/4125,252/4211
252/4125,252/4061
252/4211,252/4061
150/6939,39/10077
150/6939,39/211
39/10077,39/211
138/2113,223/3521
138/2113,10/1907
223/3521,10/1907
95/4137,239/3735
95/4137,195/7703
95/4137,47/90
95/4137,45/2832
239/3735,195/7703
239/3735,47/90
239/3735,45/2832
195/7703,47/90
195/7703,45/2832
47/90,45/2832
236/5186,252/4183
236/5186,252/4193
252/4183,252/4193
168/8072,225/4900
168/8072,87/143
168/8072,63/6392
168/8072,72/5668
225/4900,87/143
225/4900,63/6392
225/4900,72/5668
87/143,63/6392
87/143,72/5668
63/6392,72/5668
166/7572,19/8188
166/7572,76/7578
19/8188,76/7578
130/0603,156/5728
130/0603,80/8082
156/5728,80/8082
75/7278,175/6052
251/8758,251/8532
251/8758,250/2048
251/8532,250/2048
221/5430,31/316
221/5430,90/6986-1
221/5430,03/9488
31/316,90/6986-1
31/316,03/9488
90/6986-1,03/9488
08/318,64/5666-5
08/318,205/7748
64/5666-5,205/7748
223/3592,22/3813
04/8548,60/4429
144/3210,127/6595
144/3210,156/5835
127/6595,156/5835
252/4038,252/4207
17/4747,35/4805
17/4747,143/2734
17/4747,117/7111
35/4805,143/2734
35/4805,117/7111
143/2734,117/7111
250/4031,250/4031
94/5635,239/0084
20/2509,11/751
20/2509,90/548
20/2509,170/5162
20/2509,125/8189-25
11/751,90/548
11/751,170/5162
11/751,125/8189-25
90/548,170/5162
90/548,125/8189-25
170/5162,125/8189-25
07/6095,51/10369
00/11350,35/5535
00/11350,33/9048
00/11350,08/7821
00/11350,34/3125
00/11350,98/3775
35/5535,33/9048
35/5535,08/7821
35/5535,34/3125
35/5535,98/3775
33/9048,08/7821
33/9048,34/3125
33/9048,98/3775
08/7821,34/3125
08/7821,98/3775
34/3125,98/3775
140/1538,150/7376
140/1538,d/KostasDelibasis
140/1538,05/5481
140/1538,64/836
150/7376,d/KostasDelibasis
150/7376,05/5481
150/7376,64/836
d/KostasDelibasis,05/5481
d/KostasDelibasis,64/836
05/5481,64/836
166/0562,27/1193
166/0562,131/1246
166/0562,64/1478
166/0562,156/0149
27/1193,131/1246
27/1193,64/1478
27/1193,156/0149
131/1246,64/1478
131/1246,156/0149
64/1478,156/0149
126/9082,10/4495
126/9082,62/2712
10/4495,62/2712
195/2197,39/449
195/2197,169/1520
195/2197,32/9492
39/449,169/1520
39/449,32/9492
169/1520,32/9492
05/9608,164/9239
05/9608,203/0390
164/9239,203/0390
24/3154,246/2696
24/3154,246/2770
246/2696,246/2770
95/7278,251/8572
58/2572,205/4695
250/3912,00/2166
250/3912,125/8189
00/2166,125/8189
75/10035,16/2930
41/5697,203/2773
41/5697,97/3466
41/5697,68/4942-10
203/2773,97/3466
203/2773,68/4942-10
97/3466,68/4942-10
146/2185,08/3802
146/2185,a/AAbraham
146/2185,78/4738
08/3802,a/AAbraham
08/3802,78/4738
a/AAbraham,78/4738
250/4096,250/4062
250/4096,31/11373
250/4096,250/4058
250/4062,31/11373
250/4062,250/4058
31/11373,250/4058
219/0636,49/3283
45/5259,95/8014
45/5259,44/3875
45/5259,150/1756
95/8014,44/3875
95/8014,150/1756
44/3875,150/1756
84/8575,15/7294
239/0013,209/8217
239/0013,209/7962
239/0013,209/7433
209/8217,209/7962
209/8217,209/7433
209/7962,209/7433
93/10471,89/7682
93/10471,251/8452
89/7682,251/8452
51/1891,51/1891
156/9374,156/9374
153/2952,27/6974
153/2952,97/5229
153/2952,155/3587
153/2952,42/2969
27/6974,97/5229
27/6974,155/3587
27/6974,42/2969
97/5229,155/3587
97/5229,42/2969
155/3587,42/2969
14/7119,10/4661-102
14/7119,31/316
14/7119,154/4701
10/4661-102,31/316
10/4661-102,154/4701
31/316,154/4701
203/9141,203/9062
203/9141,203/8155
203/9141,198/1249
203/9141,203/8559
203/9141,228/3390
203/9141,21/1123
203/9141,90/3581
203/9062,203/8155
203/9062,198/1249
203/9062,203/8559
203/9062,228/3390
203/9062,21/1123
203/9062,90/3581
203/8155,198/1249
203/8155,203/8559
203/8155,228/3390
203/8155,21/1123
203/8155,90/3581
198/1249,203/8559
198/1249,228/3390
198/1249,21/1123
198/1249,90/3581
203/8559,228/3390
203/8559,21/1123
203/8559,90/3581
228/3390,21/1123
228/3390,90/3581
21/1123,90/3581
43/5433,11/1971
43/5433,w/HaoWang46
43/5433,118/1086
43/5433,96/1681-2
11/1971,w/HaoWang46
11/1971,118/1086
11/1971,96/1681-2
w/HaoWang46,118/1086
w/HaoWang46,96/1681-2
118/1086,96/1681-2
15/5923,98/3794
15/5923,57/5473
15/5923,63/10047
15/5923,22/7733
15/5923,75/4419
98/3794,57/5473
98/3794,63/10047
98/3794,22/7733
98/3794,75/4419
57/5473,63/10047
57/5473,22/7733
57/5473,75/4419
63/10047,22/7733
63/10047,75/4419
22/7733,75/4419
41/10764,10/4495
41/10764,83/3714-2
10/4495,83/3714-2
238/9936,34/7195
238/9936,13/7717
34/7195,13/7717
75/8147,214/3701
75/8147,226/4559
75/8147,225/2562
75/8147,222/1465
214/3701,226/4559
214/3701,225/2562
214/3701,222/1465
226/4559,225/2562
226/4559,222/1465
225/2562,222/1465
18/5993,18/5993
237/5976,237/5896
237/5976,237/5030
237/5976,237/5462
237/5976,237/5107
237/5976,177/3113
237/5896,237/5030
237/5896,237/5462
237/5896,237/5107
237/5896,177/3113
237/5030,237/5462
237/5030,237/5107
237/5030,177/3113
237/5462,237/5107
237/5462,177/3113
237/5107,177/3113
150/7401,35/7966
150/7401,17/6160
150/7401,23/4683
35/7966,17/6160
35/7966,23/4683
17/6160,23/4683
32/7681,151/1387
32/7681,09/639
32/7681,67/2010
151/1387,09/639
151/1387,67/2010
09/639,67/2010
246/2738,52/8632
216/3226,50/8798
239/0113,140/6392
239/0113,221/8477
140/6392,221/8477
11/5982,61/168
202/2173,a/TonyAllen
202/2173,53/52
a/TonyAllen,53/52
62/4473,62/4473
62/4473,62/4473
62/4473,238/9994
62/4473,56/2716
62/4473,238/9973
62/4473,160/7717
238/9994,56/2716
238/9994,238/9973
238/9994,160/7717
56/2716,238/9973
56/2716,160/7717
238/9973,160/7717
237/5503,174/9002
237/5503,125/7966-2
174/9002,125/7966-2
239/3670,239/3733
247/9090,24/47
188/5016,92/5753
154/4005,246/2676
154/4005,246/2743
154/4005,16/729
154/4005,92/4962
154/4005,86/1677
246/2676,246/2743
246/2676,16/729
246/2676,92/4962
246/2676,86/1677
246/2743,16/729
246/2743,92/4962
246/2743,86/1677
16/729,92/4962
16/729,86/1677
92/4962,86/1677
166/5186,22/6949
203/0435,27/7928
203/0435,190/1690
27/7928,190/1690
252/4267,252/4228
252/4267,252/4292
252/4267,252/4189
252/4228,252/4292
252/4228,252/4189
252/4292,252/4189
201/3168,64/5666-33
201/3168,59/2227
64/5666-33,59/2227
81/516,40/3396
81/516,08/6548
40/3396,08/6548
13/7717,35/7713
13/7717,163/5254
13/7717,59/9482
13/7717,34/7195
35/7713,163/5254
35/7713,59/9482
35/7713,34/7195
163/5254,59/9482
163/5254,34/7195
59/9482,34/7195
13/7717,237/4973
13/7717,156/2133
13/7717,237/5075
13/7717,34/7195
237/4973,156/2133
237/4973,237/5075
237/4973,34/7195
156/2133,237/5075
156/2133,34/7195
237/5075,34/7195
239/3749,239/3734
239/3749,215/0758
239/3734,215/0758
57/10842,62/4473
239/3625,239/3694
239/3625,239/3684
239/3694,239/3684
35/8527,222/3539
35/8527,251/9162
35/8527,77/7601
222/3539,251/9162
222/3539,77/7601
251/9162,77/7601
242/2002,92/8682
154/1836,128/0638
154/1836,30/3282
154/1836,57/2671
128/0638,30/3282
128/0638,57/2671
30/3282,57/2671
239/3728,55/6946
239/3728,67/4363
55/6946,67/4363
250/4038,23/6845
10/7072,87/2010
239/3778,239/3778
208/9950,120/9045
251/9209,71/272
55/5393,07/1644
55/5393,20/5094
55/5393,83/9907
55/5393,81/2359
55/5393,39/449-21
07/1644,20/5094
07/1644,83/9907
07/1644,81/2359
07/1644,39/449-21
20/5094,83/9907
20/5094,81/2359
20/5094,39/449-21
83/9907,81/2359
83/9907,39/449-21
81/2359,39/449-21
48/9714,48/9714
89/9605,203/5856
24/964,85/7419
24/964,195/8452
24/964,78/6727-8
85/7419,195/8452
85/7419,78/6727-8
195/8452,78/6727-8
251/8701,88/1426
251/8701,96/8004
88/1426,96/8004
20/7499,46/3752
18/8623,64/5469
09/4573,71/8680
09/4573,03/9488
71/8680,03/9488
196/3722,00/3855
196/3722,24/5268
00/3855,24/5268
221/4433,221/4433
251/9009,251/8687
251/9009,251/8929
251/8687,251/8929
02/10460,m/MarcoMoraCofre
02/10460,58/3261
m/MarcoMoraCofre,58/3261
152/7898,38/3585
09/8661,97/655
09/8661,48/9779
09/8661,175/5946
97/655,48/9779
97/655,175/5946
48/9779,175/5946
250/4101,250/3965
250/4101,250/4087
250/3965,250/4087
40/3934-20,190/7935
10/5630-59,24/3508-2
10/5630-59,95/494-1
10/5630-59,88/7915
24/3508-2,95/494-1
24/3508-2,88/7915
95/494-1,88/7915
179/0530,90/6986-1
179/0530,19/2205
90/6986-1,19/2205
68/6527,70/1726
68/6527,31/5383
68/6527,73/4226
70/1726,31/5383
70/1726,73/4226
31/5383,73/4226
174/0345,09/6341
174/0345,63/1807-1
09/6341,63/1807-1
161/5966,28/8494
23/2060,23/641
69/11227,70/11227
69/11227,250/4060
69/11227,250/3969
69/11227,250/3902
69/11227,250/3904
70/11227,250/4060
70/11227,250/3969
70/11227,250/3902
70/11227,250/3904
250/4060,250/3969
250/4060,250/3902
250/4060,250/3904
250/3969,250/3902
250/3969,250/3904
250/3902,250/3904
230/0647,95/4904
230/0647,47/5294
95/4904,47/5294
98/4025,98/4025
29/867,174/3054
29/867,40/3934-16
29/867,18/7081
174/3054,40/3934-16
174/3054,18/7081
40/3934-16,18/7081
80/1949-3,50/3037
80/1949-3,26/3998
50/3037,26/3998
96/10363,242/2231
96/10363,38/1601
242/2231,38/1601
76/8285,76/8285
27/3367,26/7627
36/5945,237/7999
36/5945,142/7079
36/5945,166/8478
36/5945,44/7694
36/5945,36/1508
237/7999,142/7079
237/7999,166/8478
237/7999,44/7694
237/7999,36/1508
142/7079,166/8478
142/7079,44/7694
142/7079,36/1508
166/8478,44/7694
166/8478,36/1508
44/7694,36/1508
246/2755,77/1318-26
246/2755,198/0466
77/1318-26,198/0466
135/8909,28/3828
135/8909,64/377
135/8909,33/1429
135/8909,31/1821
28/3828,64/377
28/3828,33/1429
28/3828,31/1821
64/377,33/1429
64/377,31/1821
33/1429,31/1821
57/8228,158/1764
251/9067,251/8370
251/9067,163/3772
251/8370,163/3772
120/1088,27/6974
120/1088,97/5229
120/1088,153/2952
27/6974,97/5229
27/6974,153/2952
97/5229,153/2952
239/0030,62/4473
241/6677,241/6677
56/3429-1,14/1342
56/3429-1,252/3803
14/1342,252/3803
152/1325,03/3890-4
152/1325,72/4213
152/1325,21/10939
03/3890-4,72/4213
03/3890-4,21/10939
72/4213,21/10939
220/0393,99/4694-1
220/0393,95/8385
220/0393,44/1356-1
99/4694-1,95/8385
99/4694-1,44/1356-1
95/8385,44/1356-1
206/9385,26/2350
206/9385,18/4420
206/9385,03/7613
26/2350,18/4420
26/2350,03/7613
18/4420,03/7613
50/2034,17/5023
50/2034,83/6792
17/5023,83/6792
19/8104,97/8704
19/8104,63/1807
97/8704,63/1807
250/0880,96/2991
236/2378,61/11015
236/2378,30/3510
61/11015,30/3510
54/10615,18/2467
54/10615,95/1597
54/10615,62/7576
54/10615,00/7577
54/10615,02/1070
54/10615,51/3936
18/2467,95/1597
18/2467,62/7576
18/2467,00/7577
18/2467,02/1070
18/2467,51/3936
95/1597,62/7576
95/1597,00/7577
95/1597,02/1070
95/1597,51/3936
62/7576,00/7577
62/7576,02/1070
62/7576,51/3936
00/7577,02/1070
00/7577,51/3936
02/1070,51/3936
184/3376,07/5089
184/3376,59/1179
184/3376,31/8919
07/5089,59/1179
07/5089,31/8919
59/1179,31/8919
175/9687,68/8
48/9465,203/4995
48/9465,222/1987
48/9465,22/5409
203/4995,222/1987
203/4995,22/5409
222/1987,22/5409
03/1777,233/6696
03/1777,59/10481
233/6696,59/10481
233/6709,97/4615
233/6709,160/0180
97/4615,160/0180
211/7927,19/6211
196/2932,216/9752
196/2932,83/8535
196/2932,96/125
216/9752,83/8535
216/9752,96/125
83/8535,96/125
44/10581,46/1669
44/10581,52/5040
44/10581,30/495
44/10581,128/7431
44/10581,34/528
44/10581,35/5215
46/1669,52/5040
46/1669,30/495
46/1669,128/7431
46/1669,34/528
46/1669,35/5215
52/5040,30/495
52/5040,128/7431
52/5040,34/528
52/5040,35/5215
30/495,128/7431
30/495,34/528
30/495,35/5215
128/7431,34/528
128/7431,35/5215
34/528,35/5215
187/5771,41/1876
187/5771,54/3213
41/1876,54/3213
43/5685-13,07/8041
43/5685-13,18/7294
43/5685-13,152/3315
07/8041,18/7294
07/8041,152/3315
18/7294,152/3315
241/9209,18/9679
241/9209,241/8932
241/9209,241/9197
241/9209,241/8915
241/9209,125/4314
241/9209,87/7492
241/9209,65/6023
18/9679,241/8932
18/9679,241/9197
18/9679,241/8915
18/9679,125/4314
18/9679,87/7492
18/9679,65/6023
241/8932,241/9197
241/8932,241/8915
241/8932,125/4314
241/8932,87/7492
241/8932,65/6023
241/9197,241/8915
241/9197,125/4314
241/9197,87/7492
241/9197,65/6023
241/8915,125/4314
241/8915,87/7492
241/8915,65/6023
125/4314,87/7492
125/4314,65/6023
87/7492,65/6023
158/6816,240/2918
158/6816,240/3119
158/6816,121/8839
158/6816,09/5856
158/6816,240/2780
158/6816,02/11111
240/2918,240/3119
240/2918,121/8839
240/2918,09/5856
240/2918,240/2780
240/2918,02/11111
240/3119,121/8839
240/3119,09/5856
240/3119,240/2780
240/3119,02/11111
121/8839,09/5856
121/8839,240/2780
121/8839,02/11111
09/5856,240/2780
09/5856,02/11111
240/2780,02/11111
174/5394,37/752
174/5394,157/1393
174/5394,133/3958
174/5394,74/2686
174/5394,18/10741
37/752,157/1393
37/752,133/3958
37/752,74/2686
37/752,18/10741
157/1393,133/3958
157/1393,74/2686
157/1393,18/10741
133/3958,74/2686
133/3958,18/10741
74/2686,18/10741
180/4930,77/1969
180/4930,83/5255
77/1969,83/5255
54/1564,67/6061
93/6604,80/6273-1
93/6604,77/2845
80/6273-1,77/2845
93/6335,a/AFRAraujo
48/5367,143/2961
48/5367,210/1661
48/5367,86/4668
143/2961,210/1661
143/2961,86/4668
210/1661,86/4668
b/MartinVButz,227/2709
b/MartinVButz,227/3033
b/MartinVButz,59/3915
b/MartinVButz,95/10151
227/2709,227/3033
227/2709,59/3915
227/2709,95/10151
227/3033,59/3915
227/3033,95/10151
59/3915,95/10151
230/2126,180/6757
230/2126,91/1037
230/2126,24/647
230/2126,85/1640
180/6757,91/1037
180/6757,24/647
180/6757,85/1640
91/1037,24/647
91/1037,85/1640
24/647,85/1640
180/6757,167/2241
180/6757,34/7343
180/6757,24/647
180/6757,91/1037
167/2241,34/7343
167/2241,24/647
167/2241,91/1037
34/7343,24/647
34/7343,91/1037
24/647,91/1037
97/10115,64/9746
97/10115,33/6937
97/10115,01/3131
64/9746,33/6937
64/9746,01/3131
33/6937,01/3131
88/1450,24/647
88/1450,57/3831
88/1450,128/4262
88/1450,72/6108
88/1450,09/950
24/647,57/3831
24/647,128/4262
24/647,72/6108
24/647,09/950
57/3831,128/4262
57/3831,72/6108
57/3831,09/950
128/4262,72/6108
128/4262,09/950
72/6108,09/950
03/1359,73/6284
03/1359,40/1762
03/1359,33/5774
73/6284,40/1762
73/6284,33/5774
40/1762,33/5774
154/4103,00/4449
154/4103,78/5832
00/4449,78/5832
168/4512,k/NikolaKKasabov
168/4512,186/6914
168/4512,250/3090
168/4512,146/8165
168/4512,43/8647
k/NikolaKKasabov,186/6914
k/NikolaKKasabov,250/3090
k/NikolaKKasabov,146/8165
k/NikolaKKasabov,43/8647
186/6914,250/3090
186/6914,146/8165
186/6914,43/8647
250/3090,146/8165
250/3090,43/8647
146/8165,43/8647
201/4180,18/8907
201/4180,49/8910
18/8907,49/8910
43/5763-3,61/4396
43/5763-3,26/2210
43/5763-3,77/2845
61/4396,26/2210
61/4396,77/2845
26/2210,77/2845
250/3177,82/4293
181/8028,67/1466
181/8028,24/3533
181/8028,10/6543
181/8028,08/8175
181/8028,06/230
181/8028,77/2845
67/1466,24/3533
67/1466,10/6543
67/1466,08/8175
67/1466,06/230
67/1466,77/2845
24/3533,10/6543
24/3533,08/8175
24/3533,06/230
24/3533,77/2845
10/6543,08/8175
10/6543,06/230
10/6543,77/2845
08/8175,06/230
08/8175,77/2845
06/230,77/2845
11/1244,04/4166
132/3137,37/5410
132/3137,90/11004
37/5410,90/11004
140/1689,66/645
140/1689,80/4226
66/645,80/4226
240/7016,08/5217
240/7016,54/5748
240/7016,32/3199
08/5217,54/5748
08/5217,32/3199
54/5748,32/3199
219/0537,72/11200
k/NikolaKKasabov,k/NikolaKKasabov
163/3827,215/3419
163/3827,09/9825
163/3827,r/JAReggia
215/3419,09/9825
215/3419,r/JAReggia
09/9825,r/JAReggia
32/11535-1,126/1131
32/11535-1,p/FatihMuratPorikli
126/1131,p/FatihMuratPorikli
37/4892,17/4015
37/4892,04/10798
17/4015,04/10798
75/11329,241/5983
75/11329,69/6098
75/11329,54/14
241/5983,69/6098
241/5983,54/14
69/6098,54/14
04/7036,04/7036
70/9630,63/7026-5
70/9630,77/2845
70/9630,75/6825
70/9630,132/9508
63/7026-5,77/2845
63/7026-5,75/6825
63/7026-5,132/9508
77/2845,75/6825
77/2845,132/9508
75/6825,132/9508
03/1339,06/3177
03/1339,27/1193
06/3177,27/1193
216/6240,33/852
216/6240,73/1149-5
33/852,73/1149-5
49/1245,80/3438
49/1245,51/4299
80/3438,51/4299
20/4256,77/8863
20/4256,77/2455
20/4256,20/115-1
77/8863,77/2455
77/8863,20/115-1
77/2455,20/115-1
233/3450,193/4191
233/3450,11/8770
233/3450,21/1048-1
193/4191,11/8770
193/4191,21/1048-1
11/8770,21/1048-1
212/4206,32/5614
96/9472,96/9472
87/6222,52/7847
73/5511,73/5511
196/1186,21/8042
196/1186,57/3831
21/8042,57/3831
139/5833,197/4423
139/5833,204/2986
139/5833,14/8653
139/5833,03/3914
197/4423,204/2986
197/4423,14/8653
197/4423,03/3914
204/2986,14/8653
204/2986,03/3914
14/8653,03/3914
218/1773,26/3778
218/1773,218/1772
218/1773,124/4146
218/1773,74/2851
26/3778,218/1772
26/3778,124/4146
26/3778,74/2851
218/1772,124/4146
218/1772,74/2851
124/4146,74/2851
250/2788,159/4608
250/2788,70/2312
159/4608,70/2312
44/2251,86/5989
44/2251,88/7643
44/2251,65/2845
86/5989,88/7643
86/5989,65/2845
88/7643,65/2845
204/7770,128/2668
204/7770,14/4003
128/2668,14/4003
222/1549,232/9338
222/1549,80/4950
222/1549,s/HavaTSiegelmann
222/1549,38/5037-1
232/9338,80/4950
232/9338,s/HavaTSiegelmann
232/9338,38/5037-1
80/4950,s/HavaTSiegelmann
80/4950,38/5037-1
s/HavaTSiegelmann,38/5037-1
144/2184,20/1119
144/2184,223/4872
144/2184,34/3010
20/1119,223/4872
20/1119,34/3010
223/4872,34/3010
26/7645,26/7645
92/4638-3,37/8542
92/4638-3,186/7879
92/4638-3,26/1194-2
37/8542,186/7879
37/8542,26/1194-2
186/7879,26/1194-2
136/1647,139/5843
136/1647,w/DCWunsch
139/5843,w/DCWunsch
155/5668,64/5375
45/4301,45/4301
38/3641,10/3849
38/3641,18/5410-4
38/3641,118/5253
10/3849,18/5410-4
10/3849,118/5253
18/5410-4,118/5253
222/2297,27/1490
222/2297,240/6879
27/1490,240/6879
82/11434,155/6869
82/11434,135/7980
82/11434,07/7226
82/11434,98/4656
155/6869,135/7980
155/6869,07/7226
155/6869,98/4656
135/7980,07/7226
135/7980,98/4656
07/7226,98/4656
82/4938,82/4938
240/6879,27/1490
240/6879,222/2297
240/6879,38/3240
240/6879,24/7186
240/6879,42/2969
27/1490,222/2297
27/1490,38/3240
27/1490,24/7186
27/1490,42/2969
222/2297,38/3240
222/2297,24/7186
222/2297,42/2969
38/3240,24/7186
38/3240,42/2969
24/7186,42/2969
29/5618,77/2845
29/5618,01/9006
29/5618,68/1298
77/2845,01/9006
77/2845,68/1298
01/9006,68/1298
99/4292,81/516
217/7169,77/2845
154/7186,58/3873
154/7186,18/5299
154/7186,73/6583
58/3873,18/5299
58/3873,73/6583
18/5299,73/6583
92/8453,236/1807
92/8453,164/9572
92/8453,79/3289
92/8453,236/1742
92/8453,57/5906
92/8453,42/2437
92/8453,73/7483
92/8453,181/2817
236/1807,164/9572
236/1807,79/3289
236/1807,236/1742
236/1807,57/5906
236/1807,42/2437
236/1807,73/7483
236/1807,181/2817
164/9572,79/3289
164/9572,236/1742
164/9572,57/5906
164/9572,42/2437
164/9572,73/7483
164/9572,181/2817
79/3289,236/1742
79/3289,57/5906
79/3289,42/2437
79/3289,73/7483
79/3289,181/2817
236/1742,57/5906
236/1742,42/2437
236/1742,73/7483
236/1742,181/2817
57/5906,42/2437
57/5906,73/7483
57/5906,181/2817
42/2437,73/7483
42/2437,181/2817
73/7483,181/2817
145/4118,90/5065
145/4118,04/2363
90/5065,04/2363
98/627,11/1492
98/627,73/5055
98/627,06/8656
11/1492,73/5055
11/1492,06/8656
73/5055,06/8656
80/1949-3,81/3814
80/1949-3,26/3998
81/3814,26/3998
198/2954,243/8436
198/2954,227/6622
198/2954,24/647
198/2954,90/5865
243/8436,227/6622
243/8436,24/647
243/8436,90/5865
227/6622,24/647
227/6622,90/5865
24/647,90/5865
250/2328,219/6133
250/2328,63/7279
219/6133,63/7279
184/4944,01/6376
184/4944,139/1153
184/4944,94/10612
184/4944,48/5638
184/4944,174/2233
184/4944,x/HuiXiong
01/6376,139/1153
01/6376,94/10612
01/6376,48/5638
01/6376,174/2233
01/6376,x/HuiXiong
139/1153,94/10612
139/1153,48/5638
139/1153,174/2233
139/1153,x/HuiXiong
94/10612,48/5638
94/10612,174/2233
94/10612,x/HuiXiong
48/5638,174/2233
48/5638,x/HuiXiong
174/2233,x/HuiXiong
00/5867-8,68/1298
00/5867-8,01/9006
68/1298,01/9006
198/8530,87/910
198/8530,24/6000
198/8530,57/3284
198/8530,146/3678
198/8530,50/3269
198/8530,186/3879
198/8530,188/3848
198/8530,48/2302
198/8530,42/6940
87/910,24/6000
87/910,57/3284
87/910,146/3678
87/910,50/3269
87/910,186/3879
87/910,188/3848
87/910,48/2302
87/910,42/6940
24/6000,57/3284
24/6000,146/3678
24/6000,50/3269
24/6000,186/3879
24/6000,188/3848
24/6000,48/2302
24/6000,42/6940
57/3284,146/3678
57/3284,50/3269
57/3284,186/3879
57/3284,188/3848
57/3284,48/2302
57/3284,42/6940
146/3678,50/3269
146/3678,186/3879
146/3678,188/3848
146/3678,48/2302
146/3678,42/6940
50/3269,186/3879
50/3269,188/3848
50/3269,48/2302
50/3269,42/6940
186/3879,188/3848
186/3879,48/2302
186/3879,42/6940
188/3848,48/2302
188/3848,42/6940
48/2302,42/6940
256/0096,60/1343
228/6972,01/8502
228/6972,j/TianziJiang
228/6972,70/80
01/8502,j/TianziJiang
01/8502,70/80
j/TianziJiang,70/80
80/1961,79/10405
80/1961,93/1790
80/1961,06/1267
80/1961,94/3104
79/10405,93/1790
79/10405,06/1267
79/10405,94/3104
93/1790,06/1267
93/1790,94/3104
06/1267,94/3104
130/5649,180/9796
130/5649,77/2845
130/5649,190/0909
130/5649,39/449-10
180/9796,77/2845
180/9796,190/0909
180/9796,39/449-10
77/2845,190/0909
77/2845,39/449-10
190/0909,39/449-10
124/5775,25/5536-1
124/5775,96/106
124/5775,70/6443
124/5775,y/PhilipSYu
25/5536-1,96/106
25/5536-1,70/6443
25/5536-1,y/PhilipSYu
96/106,70/6443
96/106,y/PhilipSYu
70/6443,y/PhilipSYu
06/4036-7,72/4420-2
06/4036-7,77/2845
06/4036-7,42/2969
06/4036-7,215/2078
72/4420-2,77/2845
72/4420-2,42/2969
72/4420-2,215/2078
77/2845,42/2969
77/2845,215/2078
42/2969,215/2078
00/3855-2,61/7577
00/3855-2,61/7577
00/3855-2,15/1975-2
61/7577,15/1975-2
248/0006,63/7279
248/0006,47/7811
63/7279,47/7811
139/5832,81/6077
139/5832,w/JuyangWeng
81/6077,w/JuyangWeng
168/0784,203/9145
168/0784,l/ZhouchenLin
168/0784,94/3019
203/9145,l/ZhouchenLin
203/9145,94/3019
l/ZhouchenLin,94/3019
19/7453,85/1640
210/4739,84/660
210/4739,30/3983
84/660,30/3983
20/6977-4,142/9125
20/6977-4,78/6310
142/9125,78/6310
88/3775-7,88/3775-7
194/5590,54/4063
146/2160,54/3529
146/2160,28/10240
54/3529,28/10240
30/3282,50/6061
30/3282,57/2671
50/6061,57/2671
30/3282,195/0948
30/3282,66/589
30/3282,242/7259
195/0948,66/589
195/0948,242/7259
66/589,242/7259
05/2523,228/0467
35/5426,226/9567
35/5426,226/9567
35/5426,97/8147
226/9567,97/8147
35/5426,226/9567
35/5426,240/3779
226/9567,240/3779
35/5426,228/2388
35/5426,63/7279
35/5426,202/6349
63/7279,202/6349
167/0440,183/9680
167/0440,39/6171
183/9680,39/6171
18/565,18/565
01/4737,01/4737
01/4737,08/9687
174/3558,49/5419
238/4786,75/4412
238/4786,22/7999
75/4412,22/7999
55/28,219/9777
55/28,50/2484
219/9777,50/2484
171/2736,203/6774
171/2736,21/2724
171/2736,47/3003
203/6774,21/2724
203/6774,47/3003
21/2724,47/3003
83/625,03/1086
83/625,29/5618
83/625,68/1298
03/1086,29/5618
03/1086,68/1298
29/5618,68/1298
166/0533,164/0458
166/0533,09/1554
166/0533,166/0548
164/0458,09/1554
164/0458,166/0548
09/1554,166/0548
31/8167,77/2845
31/8167,28/441-4
31/8167,147/6720
31/8167,99/3158
77/2845,28/441-4
77/2845,147/6720
77/2845,99/3158
28/441-4,147/6720
28/441-4,99/3158
147/6720,99/3158
31/8167,77/2845
31/8167,21/2715-8
77/2845,21/2715-8
242/8203,09/1554
182/2292,182/2292
182/2292,182/2292
219/3124,162/8504
219/3124,34/7343
219/3124,24/647
162/8504,34/7343
162/8504,24/647
34/7343,24/647
34/3271,150/8312
17/36,159/9962-1
17/36,23/1078
159/9962-1,23/1078
159/9962-1,19/8243
159/9962-1,166/0716
159/9962-1,96/10644
19/8243,166/0716
19/8243,96/10644
166/0716,96/10644
239/1273,26/2210
239/1273,69/8139
239/1273,61/4396
239/1273,39/449
26/2210,69/8139
26/2210,61/4396
26/2210,39/449
69/8139,61/4396
69/8139,39/449
61/4396,39/449
139/9364,254/8356
15/6441,238/4851
15/6441,76/7038
238/4851,76/7038
156/0235,156/0235
154/8472,177/1598
154/8472,13/3129
154/8472,15/1141
177/1598,13/3129
177/1598,15/1141
13/3129,15/1141
246/6527,192/6665
246/6527,38/8872
246/6527,186/0618
192/6665,38/8872
192/6665,186/0618
38/8872,186/0618
79/1276-3,173/8066
79/1276-3,14/1249
79/1276-3,88/4180
79/1276-3,90/2341
173/8066,14/1249
173/8066,88/4180
173/8066,90/2341
14/1249,88/4180
14/1249,90/2341
88/4180,90/2341
145/5971,79/3807
13/8884,211/7761
13/8884,60/2556
13/8884,182/6395
211/7761,60/2556
211/7761,182/6395
60/2556,182/6395
154/1994,73/10765
154/1994,77/2845
73/10765,77/2845
56/9392,31/316
03/1339,254/8390
89/6978,219/5910
89/6978,13/2692-20
219/5910,13/2692-20
214/3596,170/8893
214/3596,51/5780
170/8893,51/5780
58/411,80/3887
58/411,197/6693
58/411,29/5049
80/3887,197/6693
80/3887,29/5049
197/6693,29/5049
231/2112,65/830
65/5195,75/6825
65/5195,63/7026-5
75/6825,63/7026-5
36/5558-14,29/6005
36/5558-14,42/6798
36/5558-14,78/2022-3
29/6005,42/6798
29/6005,78/2022-3
42/6798,78/2022-3
78/7328,80/7562
78/7328,75/4419
78/7328,24/647
78/7328,43/10014
80/7562,75/4419
80/7562,24/647
80/7562,43/10014
75/4419,24/647
75/4419,43/10014
24/647,43/10014
55/5795,131/3376
55/5795,63/1485
55/5795,29/1141
131/3376,63/1485
131/3376,29/1141
63/1485,29/1141
26/5662,78/4785
26/5662,161/8357
78/4785,161/8357
00/101,90/5587
00/101,254/8344
90/5587,254/8344
53/1441,98/4025
53/1441,54/3967
53/1441,90/5587
53/1441,167/7633
98/4025,54/3967
98/4025,90/5587
98/4025,167/7633
54/3967,90/5587
54/3967,167/7633
90/5587,167/7633
163/4293,163/4376
163/4293,188/1890
163/4376,188/1890
184/7738,184/7738
251/7837,61/4408
43/6700,43/6700
28/775,254/8391
28/775,150/0714
28/775,77/2845
254/8391,150/0714
254/8391,77/2845
150/0714,77/2845
251/7869,09/9492
251/7869,47/2653
09/9492,47/2653
223/8105,131/9906
223/8105,75/6825
131/9906,75/6825
254/8406,76/7803
254/8406,55/2328
76/7803,55/2328
168/9681,173/2685
168/9681,77/2845
168/9681,132/9508
168/9681,80/2747-3
173/2685,77/2845
173/2685,132/9508
173/2685,80/2747-3
77/2845,132/9508
77/2845,80/2747-3
132/9508,80/2747-3
18/2214-1,30/3282
18/2214-1,154/1836
30/3282,154/1836
52/3709,26/2210
52/3709,145/4178
52/3709,46/8665
52/3709,61/4396
26/2210,145/4178
26/2210,46/8665
26/2210,61/4396
145/4178,46/8665
145/4178,61/4396
46/8665,61/4396
09/8595,74/982
09/8595,24/9687
09/8595,160/2483
74/982,24/9687
74/982,160/2483
24/9687,160/2483
254/8404,204/7863
254/8404,166/0548
254/8404,166/2866
204/7863,166/0548
204/7863,166/2866
166/0548,166/2866
24/964,228/6312
24/964,86/527
24/964,85/7419
24/964,94/4846
228/6312,86/527
228/6312,85/7419
228/6312,94/4846
86/527,85/7419
86/527,94/4846
85/7419,94/4846
30/982-1,72/1547
30/982-1,224/4975
30/982-1,55/5282
30/982-1,24/7606
72/1547,224/4975
72/1547,55/5282
72/1547,24/7606
224/4975,55/5282
224/4975,24/7606
55/5282,24/7606
74/7655,14/756
74/7655,18/216
74/7655,84/1905
74/7655,251/7679
74/7655,58/2012
14/756,18/216
14/756,84/1905
14/756,251/7679
14/756,58/2012
18/216,84/1905
18/216,251/7679
18/216,58/2012
84/1905,251/7679
84/1905,58/2012
251/7679,58/2012
78/4864,20/2197
78/4864,56/5650
20/2197,56/5650
126/2513,214/9198
126/2513,251/7821
214/9198,251/7821
215/6174,122/0554
07/4221,09/5978
07/4221,09/5978
07/4221,09/5978
05/3420,75/6825
05/3420,142/3959
05/3420,63/7026-5
75/6825,142/3959
75/6825,63/7026-5
142/3959,63/7026-5
33/4679,254/8358
33/4679,254/8385
33/4679,54/5330
33/4679,167/9865
254/8358,254/8385
254/8358,54/5330
254/8358,167/9865
254/8385,54/5330
254/8385,167/9865
54/5330,167/9865
195/6950,42/5814
39/2866,68/1298
216/9211,216/9211
222/2425,222/2297
222/2425,27/1490
222/2297,27/1490
09/8442,02/8867
09/8442,25/8442
09/8442,02/8867
09/8442,12/1208
25/8442,02/8867
25/8442,12/1208
02/8867,12/1208
164/4447,05/3499
164/4447,65/8511
164/4447,135/7092
05/3499,65/8511
05/3499,135/7092
65/8511,135/7092
251/7882,84/11029
251/7882,76/10627
251/7882,44/7344
251/7882,54/3817-2
84/11029,76/10627
84/11029,44/7344
84/11029,54/3817-2
76/10627,44/7344
76/10627,54/3817-2
44/7344,54/3817-2
36/4658,36/4658
09/3925,94/6828
09/3925,79/8906
94/6828,79/8906
21/2326,12/3780
84/4664,242/7326
213/9929,15/3115
213/9929,72/4420-2
213/9929,77/2845
15/3115,72/4420-2
15/3115,77/2845
72/4420-2,77/2845
85/7840,37/1340
85/7840,18/3178
85/7840,54/1474-4
85/7840,51/4138-2
85/7840,97/2894
37/1340,18/3178
37/1340,54/1474-4
37/1340,51/4138-2
37/1340,97/2894
18/3178,54/1474-4
18/3178,51/4138-2
18/3178,97/2894
54/1474-4,51/4138-2
54/1474-4,97/2894
51/4138-2,97/2894
219/1731,83/7087
219/1731,72/4134-7
219/1731,73/6284
219/1731,40/1762
83/7087,72/4134-7
83/7087,73/6284
83/7087,40/1762
72/4134-7,73/6284
72/4134-7,40/1762
73/6284,40/1762
80/1961,246/6571
80/1961,246/6456
80/1961,71/6829
80/1961,246/6517
246/6571,246/6456
246/6571,71/6829
246/6571,246/6517
246/6456,71/6829
246/6456,246/6517
71/6829,246/6517
74/1336,188/3338
74/1336,150/4105
74/1336,38/5846
188/3338,150/4105
188/3338,38/5846
150/4105,38/5846
47/2653,75/2611
211/3067,24/5299
71/208,24/5299
71/208,83/3853
24/5299,83/3853
23/1797,00/8605
23/1797,122/3180
23/1797,67/5781
00/8605,122/3180
00/8605,67/5781
122/3180,67/5781
29/5452,50/4129
173/0953,44/329
46/3164,23/354
46/3164,242/6012
23/354,242/6012
62/5283,137/2994
62/5283,155/2110
137/2994,155/2110
117/4725,80/7046
202/2362,137/2994
202/2362,202/2136
202/2362,166/3237
202/2362,180/6241
202/2362,169/4650
202/2362,202/1709
202/2362,137/3102
202/2362,38/1817
202/2362,10/3688
202/2362,d/TobiDelbruck
137/2994,202/2136
137/2994,166/3237
137/2994,180/6241
137/2994,169/4650
137/2994,202/1709
137/2994,137/3102
137/2994,38/1817
137/2994,10/3688
137/2994,d/TobiDelbruck
202/2136,166/3237
202/2136,180/6241
202/2136,169/4650
202/2136,202/1709
202/2136,137/3102
202/2136,38/1817
202/2136,10/3688
202/2136,d/TobiDelbruck
166/3237,180/6241
166/3237,169/4650
166/3237,202/1709
166/3237,137/3102
166/3237,38/1817
166/3237,10/3688
166/3237,d/TobiDelbruck
180/6241,169/4650
180/6241,202/1709
180/6241,137/3102
180/6241,38/1817
180/6241,10/3688
180/6241,d/TobiDelbruck
169/4650,202/1709
169/4650,137/3102
169/4650,38/1817
169/4650,10/3688
169/4650,d/TobiDelbruck
202/1709,137/3102
202/1709,38/1817
202/1709,10/3688
202/1709,d/TobiDelbruck
137/3102,38/1817
137/3102,10/3688
137/3102,d/TobiDelbruck
38/1817,10/3688
38/1817,d/TobiDelbruck
10/3688,d/TobiDelbruck
04/6048,21/9604
04/6048,36/318
21/9604,36/318
180/4930,77/1969
180/4930,83/5255
77/1969,83/5255
99/6375,99/6375
120/4505,79/2013
120/4505,85/1640
120/4505,21/6889
79/2013,85/1640
79/2013,21/6889
85/1640,21/6889
18/6453,213/2092
18/6453,181/2695-3
18/6453,79/10405
213/2092,181/2695-3
213/2092,79/10405
181/2695-3,79/10405
61/6695,35/1064
61/6695,171/1862
61/6695,11/6606
61/6695,93/5836
61/6695,200/9756
61/6695,12/4927
35/1064,171/1862
35/1064,11/6606
35/1064,93/5836
35/1064,200/9756
35/1064,12/4927
171/1862,11/6606
171/1862,93/5836
171/1862,200/9756
171/1862,12/4927
11/6606,93/5836
11/6606,200/9756
11/6606,12/4927
93/5836,200/9756
93/5836,12/4927
200/9756,12/4927
34/7343,35/7711
34/7343,w/JunWang2
35/7711,w/JunWang2
25/3038-3,64/6544-42
25/3038-3,34/2900
25/3038-3,87/3204
64/6544-42,34/2900
64/6544-42,87/3204
34/2900,87/3204
20/6417-1,64/221
20/6417-1,w/DCWunsch
20/6417-1,38/3064
64/221,w/DCWunsch
64/221,38/3064
w/DCWunsch,38/3064
62/989,34/4759
62/989,26/4820
62/989,32/8511
62/989,86/4183
62/989,90/5065
62/989,38/5435
62/989,76/907
62/989,97/8704
62/989,l/LingjiaLiu
62/989,22/11262
62/989,05/6133
62/989,36/5299
62/989,85/2221
62/989,78/1467-1
62/989,44/4380
62/989,58/4968
62/989,79/6134
62/989,15/5283
62/989,46/2311
62/989,12/3780
62/989,119/5917
62/989,55/9614
62/989,51/4299
34/4759,26/4820
34/4759,32/8511
34/4759,86/4183
34/4759,90/5065
34/4759,38/5435
34/4759,76/907
34/4759,97/8704
34/4759,l/LingjiaLiu
34/4759,22/11262
34/4759,05/6133
34/4759,36/5299
34/4759,85/2221
34/4759,78/1467-1
34/4759,44/4380
34/4759,58/4968
34/4759,79/6134
34/4759,15/5283
34/4759,46/2311
34/4759,12/3780
34/4759,119/5917
34/4759,55/9614
34/4759,51/4299
26/4820,32/8511
26/4820,86/4183
26/4820,90/5065
26/4820,38/5435
26/4820,76/907
26/4820,97/8704
26/4820,l/LingjiaLiu
26/4820,22/11262
26/4820,05/6133
26/4820,36/5299
26/4820,85/2221
26/4820,78/1467-1
26/4820,44/4380
26/4820,58/4968
26/4820,79/6134
26/4820,15/5283
26/4820,46/2311
26/4820,12/3780
26/4820,119/5917
26/4820,55/9614
26/4820,51/4299
32/8511,86/4183
32/8511,90/5065
32/8511,38/5435
32/8511,76/907
32/8511,97/8704
32/8511,l/LingjiaLiu
32/8511,22/11262
32/8511,05/6133
32/8511,36/5299
32/8511,85/2221
32/8511,78/1467-1
32/8511,44/4380
32/8511,58/4968
32/8511,79/6134
32/8511,15/5283
32/8511,46/2311
32/8511,12/3780
32/8511,119/5917
32/8511,55/9614
32/8511,51/4299
86/4183,90/5065
86/4183,38/5435
86/4183,76/907
86/4183,97/8704
86/4183,l/LingjiaLiu
86/4183,22/11262
86/4183,05/6133
86/4183,36/5299
86/4183,85/2221
86/4183,78/1467-1
86/4183,44/4380
86/4183,58/4968
86/4183,79/6134
86/4183,15/5283
86/4183,46/2311
86/4183,12/3780
86/4183,119/5917
86/4183,55/9614
86/4183,51/4299
90/5065,38/5435
90/5065,76/907
90/5065,97/8704
90/5065,l/LingjiaLiu
90/5065,22/11262
90/5065,05/6133
90/5065,36/5299
90/5065,85/2221
90/5065,78/1467-1
90/5065,44/4380
90/5065,58/4968
90/5065,79/6134
90/5065,15/5283
90/5065,46/2311
90/5065,12/3780
90/5065,119/5917
90/5065,55/9614
90/5065,51/4299
38/5435,76/907
38/5435,97/8704
38/5435,l/LingjiaLiu
38/5435,22/11262
38/5435,05/6133
38/5435,36/5299
38/5435,85/2221
38/5435,78/1467-1
38/5435,44/4380
38/5435,58/4968
38/5435,79/6134
38/5435,15/5283
38/5435,46/2311
38/5435,12/3780
38/5435,119/5917
38/5435,55/9614
38/5435,51/4299
76/907,97/8704
76/907,l/LingjiaLiu
76/907,22/11262
76/907,05/6133
76/907,36/5299
76/907,85/2221
76/907,78/1467-1
76/907,44/4380
76/907,58/4968
76/907,79/6134
76/907,15/5283
76/907,46/2311
76/907,12/3780
76/907,119/5917
76/907,55/9614
76/907,51/4299
97/8704,l/LingjiaLiu
97/8704,22/11262
97/8704,05/6133
97/8704,36/5299
97/8704,85/2221
97/8704,78/1467-1
97/8704,44/4380
97/8704,58/4968
97/8704,79/6134
97/8704,15/5283
97/8704,46/2311
97/8704,12/3780
97/8704,119/5917
97/8704,55/9614
97/8704,51/4299
l/LingjiaLiu,22/11262
l/LingjiaLiu,05/6133
l/LingjiaLiu,36/5299
l/LingjiaLiu,85/2221
l/LingjiaLiu,78/1467-1
l/LingjiaLiu,44/4380
l/LingjiaLiu,58/4968
l/LingjiaLiu,79/6134
l/LingjiaLiu,15/5283
l/LingjiaLiu,46/2311
l/LingjiaLiu,12/3780
l/LingjiaLiu,119/5917
l/LingjiaLiu,55/9614
l/LingjiaLiu,51/4299
22/11262,05/6133
22/11262,36/5299
22/11262,85/2221
22/11262,78/1467-1
22/11262,44/4380
22/11262,58/4968
22/11262,79/6134
22/11262,15/5283
22/11262,46/2311
22/11262,12/3780
22/11262,119/5917
22/11262,55/9614
22/11262,51/4299
05/6133,36/5299
05/6133,85/2221
05/6133,78/1467-1
05/6133,44/4380
05/6133,58/4968
05/6133,79/6134
05/6133,15/5283
05/6133,46/2311
05/6133,12/3780
05/6133,119/5917
05/6133,55/9614
05/6133,51/4299
36/5299,85/2221
36/5299,78/1467-1
36/5299,44/4380
36/5299,58/4968
36/5299,79/6134
36/5299,15/5283
36/5299,46/2311
36/5299,12/3780
36/5299,119/5917
36/5299,55/9614
36/5299,51/4299
85/2221,78/1467-1
85/2221,44/4380
85/2221,58/4968
85/2221,79/6134
85/2221,15/5283
85/2221,46/2311
85/2221,12/3780
85/2221,119/5917
85/2221,55/9614
85/2221,51/4299
78/1467-1,44/4380
78/1467-1,58/4968
78/1467-1,79/6134
78/1467-1,15/5283
78/1467-1,46/2311
78/1467-1,12/3780
78/1467-1,119/5917
78/1467-1,55/9614
78/1467-1,51/4299
44/4380,58/4968
44/4380,79/6134
44/4380,15/5283
44/4380,46/2311
44/4380,12/3780
44/4380,119/5917
44/4380,55/9614
44/4380,51/4299
58/4968,79/6134
58/4968,15/5283
58/4968,46/2311
58/4968,12/3780
58/4968,119/5917
58/4968,55/9614
58/4968,51/4299
79/6134,15/5283
79/6134,46/2311
79/6134,12/3780
79/6134,119/5917
79/6134,55/9614
79/6134,51/4299
15/5283,46/2311
15/5283,12/3780
15/5283,119/5917
15/5283,55/9614
15/5283,51/4299
46/2311,12/3780
46/2311,119/5917
46/2311,55/9614
46/2311,51/4299
12/3780,119/5917
12/3780,55/9614
12/3780,51/4299
119/5917,55/9614
119/5917,51/4299
55/9614,51/4299
234/7554,11/1971
234/7554,w/HaoWang46
234/7554,96/1681-2
234/7554,118/1086
11/1971,w/HaoWang46
11/1971,96/1681-2
11/1971,118/1086
w/HaoWang46,96/1681-2
w/HaoWang46,118/1086
96/1681-2,118/1086
00/6381-8,07/6149
00/6381-8,30/545
00/6381-8,82/4281
07/6149,30/545
07/6149,82/4281
30/545,82/4281
82/11158,64/4832-1
203/8930,194/6246
203/8930,67/9755
194/6246,67/9755
73/6656,73/6656
79/2621,29/1208
82/6046,48/4856
82/6046,65/3945
82/6046,83/210
48/4856,65/3945
48/4856,83/210
65/3945,83/210
89/6527-1,91/5707
89/6527-1,176/6902
89/6527-1,233/4877
89/6527-1,98/3089
89/6527-1,48/4856
91/5707,176/6902
91/5707,233/4877
91/5707,98/3089
91/5707,48/4856
176/6902,233/4877
176/6902,98/3089
176/6902,48/4856
233/4877,98/3089
233/4877,48/4856
98/3089,48/4856
56/529,82/7378
56/529,55/2270-8
56/529,223/7750-1
56/529,81/8821
82/7378,55/2270-8
82/7378,223/7750-1
82/7378,81/8821
55/2270-8,223/7750-1
55/2270-8,81/8821
223/7750-1,81/8821
46/8542,98/4401
46/8542,93/6234
98/4401,93/6234
33/5448-18,74/1336
33/5448-18,64/2306
74/1336,64/2306
211/7697,183/0235
211/7697,160/2214
211/7697,188/7560
211/7697,54/7057
211/7697,58/4808
211/7697,63/7642
183/0235,160/2214
183/0235,188/7560
183/0235,54/7057
183/0235,58/4808
183/0235,63/7642
160/2214,188/7560
160/2214,54/7057
160/2214,58/4808
160/2214,63/7642
188/7560,54/7057
188/7560,58/4808
188/7560,63/7642
54/7057,58/4808
54/7057,63/7642
58/4808,63/7642
245/5752,16/1451
245/5752,120/8449
16/1451,120/8449
181/8136,15/2841-3
181/8136,24/8966
181/8136,16/0-2
181/8136,61/1389
15/2841-3,24/8966
15/2841-3,16/0-2
15/2841-3,61/1389
24/8966,16/0-2
24/8966,61/1389
16/0-2,61/1389
65/3945,66/6852-4
65/3945,83/210
65/3945,48/4856
66/6852-4,83/210
66/6852-4,48/4856
83/210,48/4856
67/5807-1,40/3714
67/5807-1,123/7064
67/5807-1,81/2383
67/5807-1,27/2987-1
67/5807-1,93/5255
40/3714,123/7064
40/3714,81/2383
40/3714,27/2987-1
40/3714,93/5255
123/7064,81/2383
123/7064,27/2987-1
123/7064,93/5255
81/2383,27/2987-1
81/2383,93/5255
27/2987-1,93/5255
82/7672,m/LiamMcDaid
82/7672,81/6902
82/7672,195/1400
82/7672,162/1364
82/7672,118/6459
82/7672,36/1634
82/7672,29/69
82/7672,t/AMTyrrell
82/7672,t/JonathanTimmis
m/LiamMcDaid,81/6902
m/LiamMcDaid,195/1400
m/LiamMcDaid,162/1364
m/LiamMcDaid,118/6459
m/LiamMcDaid,36/1634
m/LiamMcDaid,29/69
m/LiamMcDaid,t/AMTyrrell
m/LiamMcDaid,t/JonathanTimmis
81/6902,195/1400
81/6902,162/1364
81/6902,118/6459
81/6902,36/1634
81/6902,29/69
81/6902,t/AMTyrrell
81/6902,t/JonathanTimmis
195/1400,162/1364
195/1400,118/6459
195/1400,36/1634
195/1400,29/69
195/1400,t/AMTyrrell
195/1400,t/JonathanTimmis
162/1364,118/6459
162/1364,36/1634
162/1364,29/69
162/1364,t/AMTyrrell
162/1364,t/JonathanTimmis
118/6459,36/1634
118/6459,29/69
118/6459,t/AMTyrrell
118/6459,t/JonathanTimmis
36/1634,29/69
36/1634,t/AMTyrrell
36/1634,t/JonathanTimmis
29/69,t/AMTyrrell
29/69,t/JonathanTimmis
t/AMTyrrell,t/JonathanTimmis
31/2088-3,23/2060-1
31/2088-3,68/8130
31/2088-3,48/4856
31/2088-3,20/2858
23/2060-1,68/8130
23/2060-1,48/4856
23/2060-1,20/2858
68/8130,48/4856
68/8130,20/2858
48/4856,20/2858
21/6121-38,85/1640
21/6121-38,w/JunWang2
85/1640,w/JunWang2
190/2607,50/3787
190/2607,58/4663
190/2607,151/6618
190/2607,46/1629
50/3787,58/4663
50/3787,151/6618
50/3787,46/1629
58/4663,151/6618
58/4663,46/1629
151/6618,46/1629
166/0548,166/0533
166/0548,09/1554
166/0533,09/1554
159/7994,34/3540
159/7994,14/3916
159/7994,72/3864
159/7994,a/AdelMAlimi
34/3540,14/3916
34/3540,72/3864
34/3540,a/AdelMAlimi
14/3916,72/3864
14/3916,a/AdelMAlimi
72/3864,a/AdelMAlimi
47/2620,18/7142
189/6584,20/7483
156/0202,42/1744
156/0202,161/0298
42/1744,161/0298
90/4149-3,99/4292-1
90/4149-3,161/5778
90/4149-3,42/2969
99/4292-1,161/5778
99/4292-1,42/2969
161/5778,42/2969
51/9554,18/3943
45/3211,02/5115
45/3211,99/6572
02/5115,99/6572
166/5186,22/6949
27/1817-1,w/JunWang13
84/3009,31/7266
84/3009,77/2845
31/7266,77/2845
213/1637,213/1784
213/1637,177/9287
213/1637,76/7747
213/1637,43/4171
213/1784,177/9287
213/1784,76/7747
213/1784,43/4171
177/9287,76/7747
177/9287,43/4171
76/7747,43/4171
04/8131,194/9312
04/8131,73/2273
04/8131,98/3089
194/9312,73/2273
194/9312,98/3089
73/2273,98/3089
220/8855,47/2026-2
154/1836,236/3431
154/1836,32/8511
154/1836,66/8680
154/1836,90/5065
236/3431,32/8511
236/3431,66/8680
236/3431,90/5065
32/8511,66/8680
32/8511,90/5065
66/8680,90/5065
154/1836,90/10315
154/1836,232/4646
154/1836,32/8511
154/1836,90/5065
90/10315,232/4646
90/10315,32/8511
90/10315,90/5065
232/4646,32/8511
232/4646,90/5065
32/8511,90/5065
18/2348,05/3068
18/2348,119/5917
05/3068,119/5917
26/2210,12/2633
26/2210,77/2845
26/2210,16/6908
26/2210,06/5965
26/2210,24/647
12/2633,77/2845
12/2633,16/6908
12/2633,06/5965
12/2633,24/647
77/2845,16/6908
77/2845,06/5965
77/2845,24/647
16/6908,06/5965
16/6908,24/647
06/5965,24/647
132/0802,82/4281
132/0802,85/1640
82/4281,85/1640
70/9897,47/6534-24
70/9897,38/3937
47/6534-24,38/3937
76/893,17/6125
76/893,41/3836
17/6125,41/3836
223/3017,74/982
223/3017,09/8595
223/3017,12/6911
74/982,09/8595
74/982,12/6911
09/8595,12/6911
139/1545,48/4856
139/1545,83/210
48/4856,83/210
10/1692,146/0208
10/1692,146/0253
10/1692,77/3331
146/0208,146/0253
146/0208,77/3331
146/0253,77/3331
18/8032,22/6949
18/8032,n/NikosNikolaidis
18/8032,p/IPitas
22/6949,n/NikosNikolaidis
22/6949,p/IPitas
n/NikosNikolaidis,p/IPitas
169/2322,74/5762
66/5973-3,150/9605
66/5973-3,21/7529
66/5973-3,21/6058
150/9605,21/7529
150/9605,21/6058
21/7529,21/6058
30/3241-3,40/6686-1
30/3241-3,02/6428-1
30/3241-3,48/4856
40/6686-1,02/6428-1
40/6686-1,48/4856
02/6428-1,48/4856
41/6013,06/864
41/6013,88/4280
41/6013,24/647
06/864,88/4280
06/864,24/647
88/4280,24/647
154/7186,58/3873
154/7186,12/65
154/7186,73/6583
154/7186,18/5299
58/3873,12/65
58/3873,73/6583
58/3873,18/5299
12/65,73/6583
12/65,18/5299
73/6583,18/5299
136/3843,49/5634
136/3843,48/2293
49/5634,48/2293
85/3231,13/5353
85/3231,96/755-3
85/3231,74/7037
85/3231,48/1853
85/3231,x/YuanXie
85/3231,84/7231
13/5353,96/755-3
13/5353,74/7037
13/5353,48/1853
13/5353,x/YuanXie
13/5353,84/7231
96/755-3,74/7037
96/755-3,48/1853
96/755-3,x/YuanXie
96/755-3,84/7231
74/7037,48/1853
74/7037,x/YuanXie
74/7037,84/7231
48/1853,x/YuanXie
48/1853,84/7231
x/YuanXie,84/7231
122/5334-3,24/647
122/5334-3,85/1640
24/647,85/1640
98/4025,l/KenliLi
98/4025,157/2422
l/KenliLi,157/2422
208/8098,181/2731-2
208/8098,24/647
181/2731-2,24/647
07/4630-3,01/513
07/4630-3,96/7721
07/4630-3,52/5716-20
07/4630-3,156/0786
01/513,96/7721
01/513,52/5716-20
01/513,156/0786
96/7721,52/5716-20
96/7721,156/0786
52/5716-20,156/0786
03/2611,221/0808
03/2611,134/1691
03/2611,05/5582
03/2611,34/9180
221/0808,134/1691
221/0808,05/5582
221/0808,34/9180
134/1691,05/5582
134/1691,34/9180
05/5582,34/9180
69/7024-3,217/1021
69/7024-3,42/2501
69/7024-3,123/6744
69/7024-3,79/3204
217/1021,42/2501
217/1021,123/6744
217/1021,79/3204
42/2501,123/6744
42/2501,79/3204
123/6744,79/3204
96/928,221/1729
96/928,20/6417-1
96/928,05/7736
96/928,89/6527-1
221/1729,20/6417-1
221/1729,05/7736
221/1729,89/6527-1
20/6417-1,05/7736
20/6417-1,89/6527-1
05/7736,89/6527-1
157/2440,31/316
157/2440,10/6543
157/2440,14/7119
157/2440,75/4419
31/316,10/6543
31/316,14/7119
31/316,75/4419
10/6543,14/7119
10/6543,75/4419
14/7119,75/4419
27/1490,39/4333-1
27/1490,77/2845
27/1490,08/5217
39/4333-1,77/2845
39/4333-1,08/5217
77/2845,08/5217
47/2653,77/2845
55/2270-35,p/NikhilRPal
55/2270-35,132/0802
55/2270-35,85/1640
p/NikhilRPal,132/0802
p/NikhilRPal,85/1640
132/0802,85/1640
190/4685,85/1640
193/2223,200/6004
193/2223,26/2439
193/2223,30/4519
193/2223,78/5816-4
200/6004,26/2439
200/6004,30/4519
200/6004,78/5816-4
26/2439,30/4519
26/2439,78/5816-4
30/4519,78/5816-4
193/2223,200/6004
193/2223,80/6273-1
193/2223,46/8665
193/2223,30/4519
200/6004,80/6273-1
200/6004,46/8665
200/6004,30/4519
80/6273-1,46/8665
80/6273-1,30/4519
46/8665,30/4519
248/1313,47/2762
248/1313,20/5094
248/1313,01/6560
47/2762,20/5094
47/2762,01/6560
20/5094,01/6560
15/3785,234/6625
15/3785,88/5785-1
15/3785,96/7721
15/3785,118/0299
234/6625,88/5785-1
234/6625,96/7721
234/6625,118/0299
88/5785-1,96/7721
88/5785-1,118/0299
96/7721,118/0299
10/3520,40/3714
10/3520,27/2987-1
10/3520,67/5807-1
10/3520,z/WeiZhao-14
40/3714,27/2987-1
40/3714,67/5807-1
40/3714,z/WeiZhao-14
27/2987-1,67/5807-1
27/2987-1,z/WeiZhao-14
67/5807-1,z/WeiZhao-14
242/1798,184/6772
242/1798,39/1917
242/1798,184/6851
242/1798,137/6026
184/6772,39/1917
184/6772,184/6851
184/6772,137/6026
39/1917,184/6851
39/1917,137/6026
184/6851,137/6026
145/9981,52/8573
145/9981,84/8221
52/8573,84/8221
161/9827,41/943
161/9827,64/3815
161/9827,233/0688
41/943,64/3815
41/943,233/0688
64/3815,233/0688
238/8885,229/4080
238/8885,202/6221
238/8885,139/7653
238/8885,66/2132
229/4080,202/6221
229/4080,139/7653
229/4080,66/2132
202/6221,139/7653
202/6221,66/2132
139/7653,66/2132
156/7303,194/2447
156/7303,180/9174
156/7303,137/3314
156/7303,195/9868
156/7303,132/6971
156/7303,g/MGrohe
194/2447,180/9174
194/2447,137/3314
194/2447,195/9868
194/2447,132/6971
194/2447,g/MGrohe
180/9174,137/3314
180/9174,195/9868
180/9174,132/6971
180/9174,g/MGrohe
137/3314,195/9868
137/3314,132/6971
137/3314,g/MGrohe
195/9868,132/6971
195/9868,g/MGrohe
132/6971,g/MGrohe
45/7737,156/4008-1
45/7737,63/5422
45/7737,181/2667-8
45/7737,203/6652
45/7737,147/0314
45/7737,41/1662-1
45/7737,70/11466
45/7737,94/7236
156/4008-1,63/5422
156/4008-1,181/2667-8
156/4008-1,203/6652
156/4008-1,147/0314
156/4008-1,41/1662-1
156/4008-1,70/11466
156/4008-1,94/7236
63/5422,181/2667-8
63/5422,203/6652
63/5422,147/0314
63/5422,41/1662-1
63/5422,70/11466
63/5422,94/7236
181/2667-8,203/6652
181/2667-8,147/0314
181/2667-8,41/1662-1
181/2667-8,70/11466
181/2667-8,94/7236
203/6652,147/0314
203/6652,41/1662-1
203/6652,70/11466
203/6652,94/7236
147/0314,41/1662-1
147/0314,70/11466
147/0314,94/7236
41/1662-1,70/11466
41/1662-1,94/7236
70/11466,94/7236
97/8704,130/9906
97/8704,134/7486
97/8704,44/11216
97/8704,48/474
130/9906,134/7486
130/9906,44/11216
130/9906,48/474
134/7486,44/11216
134/7486,48/474
44/11216,48/474
255/6650,118/3555
255/6650,57/5129
118/3555,57/5129
245/1753,185/5586
64/4247,245/9430
64/4247,25/8528
64/4247,180/5685
64/4247,83/663
64/4247,245/9494
64/4247,245/9486
64/4247,82/6720
64/4247,23/6266
245/9430,25/8528
245/9430,180/5685
245/9430,83/663
245/9430,245/9494
245/9430,245/9486
245/9430,82/6720
245/9430,23/6266
25/8528,180/5685
25/8528,83/663
25/8528,245/9494
25/8528,245/9486
25/8528,82/6720
25/8528,23/6266
180/5685,83/663
180/5685,245/9494
180/5685,245/9486
180/5685,82/6720
180/5685,23/6266
83/663,245/9494
83/663,245/9486
83/663,82/6720
83/663,23/6266
245/9494,245/9486
245/9494,82/6720
245/9494,23/6266
245/9486,82/6720
245/9486,23/6266
82/6720,23/6266
179/2615,19/3011
179/2615,161/0001
179/2615,230/3699
179/2615,69/157
179/2615,90/3799
179/2615,53/3245-1
179/2615,32/1213
19/3011,161/0001
19/3011,230/3699
19/3011,69/157
19/3011,90/3799
19/3011,53/3245-1
19/3011,32/1213
161/0001,230/3699
161/0001,69/157
161/0001,90/3799
161/0001,53/3245-1
161/0001,32/1213
230/3699,69/157
230/3699,90/3799
230/3699,53/3245-1
230/3699,32/1213
69/157,90/3799
69/157,53/3245-1
69/157,32/1213
90/3799,53/3245-1
90/3799,32/1213
53/3245-1,32/1213
183/7195,245/8138
183/7195,194/7251
183/7195,169/0834
183/7195,200/0191
183/7195,14/1270
183/7195,78/1948
183/7195,39/211
183/7195,10/3654
245/8138,194/7251
245/8138,169/0834
245/8138,200/0191
245/8138,14/1270
245/8138,78/1948
245/8138,39/211
245/8138,10/3654
194/7251,169/0834
194/7251,200/0191
194/7251,14/1270
194/7251,78/1948
194/7251,39/211
194/7251,10/3654
169/0834,200/0191
169/0834,14/1270
169/0834,78/1948
169/0834,39/211
169/0834,10/3654
200/0191,14/1270
200/0191,78/1948
200/0191,39/211
200/0191,10/3654
14/1270,78/1948
14/1270,39/211
14/1270,10/3654
78/1948,39/211
78/1948,10/3654
39/211,10/3654
86/8514,94/3104
86/8514,124/4033
86/8514,32/2695
86/8514,37/5372-1
94/3104,124/4033
94/3104,32/2695
94/3104,37/5372-1
124/4033,32/2695
124/4033,37/5372-1
32/2695,37/5372-1
184/6572,178/5589
184/6572,30/5330-1
184/6572,80/1641
178/5589,30/5330-1
178/5589,80/1641
30/5330-1,80/1641
168/9568,40/4905
249/7171,25/6438
132/3195,213/5908
253/6139,229/6888
253/6139,51/10816
253/6139,137/2362
253/6139,11/1386
229/6888,51/10816
229/6888,137/2362
229/6888,11/1386
51/10816,137/2362
51/10816,11/1386
137/2362,11/1386
250/5559,229/0705
250/5559,32/3412
229/0705,32/3412
16/5223,70/3848
16/5223,83/3374
16/5223,c/DCurtis
70/3848,83/3374
70/3848,c/DCurtis
83/3374,c/DCurtis
248/5730,214/3598
248/5730,14/1998
214/3598,14/1998
56/7393,167/2640
56/7393,59/803
56/7393,95/6985
56/7393,204/3594
56/7393,87/461
56/7393,120/0743
56/7393,98/10657
56/7393,09/4246
56/7393,29/2726-2
56/7393,07/4630
56/7393,47/10488
56/7393,167/3797
56/7393,98/5660
167/2640,59/803
167/2640,95/6985
167/2640,204/3594
167/2640,87/461
167/2640,120/0743
167/2640,98/10657
167/2640,09/4246
167/2640,29/2726-2
167/2640,07/4630
167/2640,47/10488
167/2640,167/3797
167/2640,98/5660
59/803,95/6985
59/803,204/3594
59/803,87/461
59/803,120/0743
59/803,98/10657
59/803,09/4246
59/803,29/2726-2
59/803,07/4630
59/803,47/10488
59/803,167/3797
59/803,98/5660
95/6985,204/3594
95/6985,87/461
95/6985,120/0743
95/6985,98/10657
95/6985,09/4246
95/6985,29/2726-2
95/6985,07/4630
95/6985,47/10488
95/6985,167/3797
95/6985,98/5660
204/3594,87/461
204/3594,120/0743
204/3594,98/10657
204/3594,09/4246
204/3594,29/2726-2
204/3594,07/4630
204/3594,47/10488
204/3594,167/3797
204/3594,98/5660
87/461,120/0743
87/461,98/10657
87/461,09/4246
87/461,29/2726-2
87/461,07/4630
87/461,47/10488
87/461,167/3797
87/461,98/5660
120/0743,98/10657
120/0743,09/4246
120/0743,29/2726-2
120/0743,07/4630
120/0743,47/10488
120/0743,167/3797
120/0743,98/5660
98/10657,09/4246
98/10657,29/2726-2
98/10657,07/4630
98/10657,47/10488
98/10657,167/3797
98/10657,98/5660
09/4246,29/2726-2
09/4246,07/4630
09/4246,47/10488
09/4246,167/3797
09/4246,98/5660
29/2726-2,07/4630
29/2726-2,47/10488
29/2726-2,167/3797
29/2726-2,98/5660
07/4630,47/10488
07/4630,167/3797
07/4630,98/5660
47/10488,167/3797
47/10488,98/5660
167/3797,98/5660
249/0276,142/0961
249/0276,81/7276
249/0276,74/2812
142/0961,81/7276
142/0961,74/2812
81/7276,74/2812
119/8860,213/6587
119/8860,168/7529
119/8860,222/4286
119/8860,40/6275
119/8860,211/2840
119/8860,11/3733
213/6587,168/7529
213/6587,222/4286
213/6587,40/6275
213/6587,211/2840
213/6587,11/3733
168/7529,222/4286
168/7529,40/6275
168/7529,211/2840
168/7529,11/3733
222/4286,40/6275
222/4286,211/2840
222/4286,11/3733
40/6275,211/2840
40/6275,11/3733
211/2840,11/3733
151/5692,38/4446
04/8328,249/8434
04/8328,202/8041
04/8328,249/8120
249/8434,202/8041
249/8434,249/8120
202/8041,249/8120
66/11298,51/2854
66/11298,47/3749-3
51/2854,47/3749-3
242/2083,22/6496
242/2083,178/0150
22/6496,178/0150
01/6368,10/1788
01/6368,205/9908
01/6368,11/3238
10/1788,205/9908
10/1788,11/3238
205/9908,11/3238
84/9736,84/9736
235/0082,23/8309
235/0082,07/3956
235/0082,22/2322
23/8309,07/3956
23/8309,22/2322
07/3956,22/2322
195/8150,99/3914
195/8150,76/5745
195/8150,95/5465
195/8150,35/1787
99/3914,76/5745
99/3914,95/5465
99/3914,35/1787
76/5745,95/5465
76/5745,35/1787
95/5465,35/1787
144/4532,241/3405
144/4532,241/3541
144/4532,241/3446
144/4532,154/1562
144/4532,26/10909
144/4532,s/JoshuaRSmith
241/3405,241/3541
241/3405,241/3446
241/3405,154/1562
241/3405,26/10909
241/3405,s/JoshuaRSmith
241/3541,241/3446
241/3541,154/1562
241/3541,26/10909
241/3541,s/JoshuaRSmith
241/3446,154/1562
241/3446,26/10909
241/3446,s/JoshuaRSmith
154/1562,26/10909
154/1562,s/JoshuaRSmith
26/10909,s/JoshuaRSmith
229/0171,133/3958
176/5602,224/0057
176/5602,62/5884
176/5602,15/4829
176/5602,183/6164
176/5602,177/6079
224/0057,62/5884
224/0057,15/4829
224/0057,183/6164
224/0057,177/6079
62/5884,15/4829
62/5884,183/6164
62/5884,177/6079
15/4829,183/6164
15/4829,177/6079
183/6164,177/6079
171/7901,19/6441
171/7901,149/4653
171/7901,255/6988
171/7901,173/5257
171/7901,162/5454
171/7901,250/7037
171/7901,91/4301
171/7901,47/6268
171/7901,31/1494
19/6441,149/4653
19/6441,255/6988
19/6441,173/5257
19/6441,162/5454
19/6441,250/7037
19/6441,91/4301
19/6441,47/6268
19/6441,31/1494
149/4653,255/6988
149/4653,173/5257
149/4653,162/5454
149/4653,250/7037
149/4653,91/4301
149/4653,47/6268
149/4653,31/1494
255/6988,173/5257
255/6988,162/5454
255/6988,250/7037
255/6988,91/4301
255/6988,47/6268
255/6988,31/1494
173/5257,162/5454
173/5257,250/7037
173/5257,91/4301
173/5257,47/6268
173/5257,31/1494
162/5454,250/7037
162/5454,91/4301
162/5454,47/6268
162/5454,31/1494
250/7037,91/4301
250/7037,47/6268
250/7037,31/1494
91/4301,47/6268
91/4301,31/1494
47/6268,31/1494
184/2008,186/0313
184/2008,248/8627
184/2008,j/DietmarJannach
186/0313,248/8627
186/0313,j/DietmarJannach
248/8627,j/DietmarJannach
03/1094,160/8097
03/1094,71/9062
03/1094,00/7739
160/8097,71/9062
160/8097,00/7739
71/9062,00/7739
200/0044,202/0555
200/0044,55/1363
200/0044,199/9778
200/0044,133/4832
200/0044,48/9167
200/0044,10/7033
202/0555,55/1363
202/0555,199/9778
202/0555,133/4832
202/0555,48/9167
202/0555,10/7033
55/1363,199/9778
55/1363,133/4832
55/1363,48/9167
55/1363,10/7033
199/9778,133/4832
199/9778,48/9167
199/9778,10/7033
133/4832,48/9167
133/4832,10/7033
48/9167,10/7033
252/4444,243/7293
252/4444,91/2951
243/7293,91/2951
147/5236,186/1486
147/5236,217/9308
147/5236,23/4315
147/5236,24/604
147/5236,43/4261
147/5236,z/BenYZhao
186/1486,217/9308
186/1486,23/4315
186/1486,24/604
186/1486,43/4261
186/1486,z/BenYZhao
217/9308,23/4315
217/9308,24/604
217/9308,43/4261
217/9308,z/BenYZhao
23/4315,24/604
23/4315,43/4261
23/4315,z/BenYZhao
24/604,43/4261
24/604,z/BenYZhao
43/4261,z/BenYZhao
171/7773,15/9453
72/11385,88/5605
72/11385,35/8314
72/11385,133/9941
72/11385,k/StephenWKeckler
72/11385,17/5332
88/5605,35/8314
88/5605,133/9941
88/5605,k/StephenWKeckler
88/5605,17/5332
35/8314,133/9941
35/8314,k/StephenWKeckler
35/8314,17/5332
133/9941,k/StephenWKeckler
133/9941,17/5332
k/StephenWKeckler,17/5332
185/6840,78/6574-1
185/6840,03/10932
185/6840,20/2970-2
78/6574-1,03/10932
78/6574-1,20/2970-2
03/10932,20/2970-2
39/9577,249/4260
39/9577,21/6121
39/9577,249/4329
39/9577,117/0348
39/9577,80/2430
39/9577,249/4388
39/9577,80/8845
249/4260,21/6121
249/4260,249/4329
249/4260,117/0348
249/4260,80/2430
249/4260,249/4388
249/4260,80/8845
21/6121,249/4329
21/6121,117/0348
21/6121,80/2430
21/6121,249/4388
21/6121,80/8845
249/4329,117/0348
249/4329,80/2430
249/4329,249/4388
249/4329,80/8845
117/0348,80/2430
117/0348,249/4388
117/0348,80/8845
80/2430,249/4388
80/2430,80/8845
249/4388,80/8845
24/2319,79/2621
24/2319,248/5551
24/2319,t/FabianJTheis
79/2621,248/5551
79/2621,t/FabianJTheis
248/5551,t/FabianJTheis
24/2319,79/2621
24/2319,248/5551
24/2319,t/FabianJTheis
79/2621,248/5551
79/2621,t/FabianJTheis
248/5551,t/FabianJTheis
24/2319,79/2621
24/2319,248/5551
24/2319,t/FabianJTheis
79/2621,248/5551
79/2621,t/FabianJTheis
248/5551,t/FabianJTheis
24/2319,79/2621
24/2319,248/5551
24/2319,t/FabianJTheis
79/2621,248/5551
79/2621,t/FabianJTheis
248/5551,t/FabianJTheis
64/6896,18/434
64/6896,05/2609
18/434,05/2609
64/6896,18/434
64/6896,05/2609
18/434,05/2609
84/3994,86/3862
84/3994,27/1683
84/3994,96/4104
84/3994,68/1212
84/3994,29/7058
86/3862,27/1683
86/3862,96/4104
86/3862,68/1212
86/3862,29/7058
27/1683,96/4104
27/1683,68/1212
27/1683,29/7058
96/4104,68/1212
96/4104,29/7058
68/1212,29/7058
46/7793,16/4505
46/7793,18/568
16/4505,18/568
153/2097,153/2097
236/4547,247/8660
236/4547,55/3805
247/8660,55/3805
236/5814,14/5737
169/9748,33/3791
169/9748,178/8539
169/9748,t/YuandongTian
169/9748,f/RFonseca
33/3791,178/8539
33/3791,t/YuandongTian
33/3791,f/RFonseca
178/8539,t/YuandongTian
178/8539,f/RFonseca
t/YuandongTian,f/RFonseca
63/7799,15/9005
63/7799,72/6104
15/9005,72/6104
03/1094,160/8097
03/1094,71/9062
03/1094,00/7739
160/8097,71/9062
160/8097,00/7739
71/9062,00/7739
145/9981,52/8573
145/9981,84/8221
52/8573,84/8221
36/1838,136/5442
36/1838,230/4398
36/1838,166/0573
36/1838,86/5857
36/1838,h/TiejunHuang
36/1838,66/10525
136/5442,230/4398
136/5442,166/0573
136/5442,86/5857
136/5442,h/TiejunHuang
136/5442,66/10525
230/4398,166/0573
230/4398,86/5857
230/4398,h/TiejunHuang
230/4398,66/10525
166/0573,86/5857
166/0573,h/TiejunHuang
166/0573,66/10525
86/5857,h/TiejunHuang
86/5857,66/10525
h/TiejunHuang,66/10525
208/8007,241/9613
208/8007,09/7822
241/9613,09/7822
176/5602,224/0057
176/5602,15/4829
176/5602,62/5884
176/5602,183/6164
176/5602,177/6079
224/0057,15/4829
224/0057,62/5884
224/0057,183/6164
224/0057,177/6079
15/4829,62/5884
15/4829,183/6164
15/4829,177/6079
62/5884,183/6164
62/5884,177/6079
183/6164,177/6079
205/2860,199/2689
205/2860,10/2670
199/2689,10/2670
205/2594,242/7909
205/2594,03/7627
205/2594,152/6599
205/2594,66/6804
205/2594,14/2770
242/7909,03/7627
242/7909,152/6599
242/7909,66/6804
242/7909,14/2770
03/7627,152/6599
03/7627,66/6804
03/7627,14/2770
152/6599,66/6804
152/6599,14/2770
66/6804,14/2770
23/3287,39/449
171/7773,15/9453
244/9993,55/130
244/9993,217/3528
244/9993,244/9498
244/9993,147/5169
244/9993,180/0823
244/9993,60/7025
244/9993,132/9084
55/130,217/3528
55/130,244/9498
55/130,147/5169
55/130,180/0823
55/130,60/7025
55/130,132/9084
217/3528,244/9498
217/3528,147/5169
217/3528,180/0823
217/3528,60/7025
217/3528,132/9084
244/9498,147/5169
244/9498,180/0823
244/9498,60/7025
244/9498,132/9084
147/5169,180/0823
147/5169,60/7025
147/5169,132/9084
180/0823,60/7025
180/0823,132/9084
60/7025,132/9084
127/5754,127/5234
127/5754,239/2003
127/5754,247/9375
127/5754,247/9642
127/5754,75/7457
127/5754,12/1751
127/5754,35/5410
127/5234,239/2003
127/5234,247/9375
127/5234,247/9642
127/5234,75/7457
127/5234,12/1751
127/5234,35/5410
239/2003,247/9375
239/2003,247/9642
239/2003,75/7457
239/2003,12/1751
239/2003,35/5410
247/9375,247/9642
247/9375,75/7457
247/9375,12/1751
247/9375,35/5410
247/9642,75/7457
247/9642,12/1751
247/9642,35/5410
75/7457,12/1751
75/7457,35/5410
12/1751,35/5410
228/1590,180/0351
228/1590,228/1824
228/1590,156/7882
228/1590,36/4118
228/1590,24/3343
180/0351,228/1824
180/0351,156/7882
180/0351,36/4118
180/0351,24/3343
228/1824,156/7882
228/1824,36/4118
228/1824,24/3343
156/7882,36/4118
156/7882,24/3343
36/4118,24/3343
178/7315,204/3393
178/7315,25/692
178/7315,24/7536
204/3393,25/692
204/3393,24/7536
25/692,24/7536
230/4534,249/2831
205/2610,37/1282
151/9349,205/2692
151/9349,129/1281
151/9349,84/6696
151/9349,r/DanielaRus
205/2692,129/1281
205/2692,84/6696
205/2692,r/DanielaRus
129/1281,84/6696
129/1281,r/DanielaRus
84/6696,r/DanielaRus
136/9162,120/7593
136/9162,251/8428
120/7593,251/8428
04/8328,249/8434
04/8328,202/8041
04/8328,249/8120
249/8434,202/8041
249/8434,249/8120
202/8041,249/8120
254/0954,254/0954
199/2201,199/1993
199/2201,57/6298
199/1993,57/6298
252/5501,80/5718
252/5501,202/5754
252/5501,254/1907
252/5501,136/0864
252/5501,155/6805
252/5501,85/1289
252/5501,88/4427
80/5718,202/5754
80/5718,254/1907
80/5718,136/0864
80/5718,155/6805
80/5718,85/1289
80/5718,88/4427
202/5754,254/1907
202/5754,136/0864
202/5754,155/6805
202/5754,85/1289
202/5754,88/4427
254/1907,136/0864
254/1907,155/6805
254/1907,85/1289
254/1907,88/4427
136/0864,155/6805
136/0864,85/1289
136/0864,88/4427
155/6805,85/1289
155/6805,88/4427
85/1289,88/4427
21/6891,157/6334
21/6891,30/5330
21/6891,80/1641
21/6891,92/9726
21/6891,118/8180
157/6334,30/5330
157/6334,80/1641
157/6334,92/9726
157/6334,118/8180
30/5330,80/1641
30/5330,92/9726
30/5330,118/8180
80/1641,92/9726
80/1641,118/8180
92/9726,118/8180
239/8862,45/2527
13/2476,222/3238
13/2476,209/4975
13/2476,95/386
13/2476,160/8158
13/2476,51/7117
13/2476,190/7108
222/3238,209/4975
222/3238,95/386
222/3238,160/8158
222/3238,51/7117
222/3238,190/7108
209/4975,95/386
209/4975,160/8158
209/4975,51/7117
209/4975,190/7108
95/386,160/8158
95/386,51/7117
95/386,190/7108
160/8158,51/7117
160/8158,190/7108
51/7117,190/7108
238/6322,200/5842
238/6322,55/6683
200/5842,55/6683
255/5831,49/5577
234/0656,234/0656
167/4756,167/4756
32/11535-1,40/7475
32/11535-1,141/9937
32/11535-1,00/3214
40/7475,141/9937
40/7475,00/3214
141/9937,00/3214
180/6084,187/2928
180/6084,192/6610
180/6084,98/5714
187/2928,192/6610
187/2928,98/5714
192/6610,98/5714
235/6028,207/7663
235/6028,213/4743
235/6028,12/10820
207/7663,213/4743
207/7663,12/10820
213/4743,12/10820
04/10864,218/1928
04/10864,91/1905
04/10864,216/4782
218/1928,91/1905
218/1928,216/4782
91/1905,216/4782
57/3737,179/4338
57/3737,56/1520
57/3737,121/8101
179/4338,56/1520
179/4338,121/8101
56/1520,121/8101
35/837-22,200/8650
35/837-22,119/1901
35/837-22,34/8938
35/837-22,68/1538
200/8650,119/1901
200/8650,34/8938
200/8650,68/1538
119/1901,34/8938
119/1901,68/1538
34/8938,68/1538
22/515,225/4280
22/515,222/7461
22/515,228/6456
22/515,228/6328
225/4280,222/7461
225/4280,228/6456
225/4280,228/6328
222/7461,228/6456
222/7461,228/6328
228/6456,228/6328
222/7521,31/7224
222/7521,73/10581
31/7224,73/10581
232/9472,25/1439-2
232/9472,70/530
232/9472,71/8071
25/1439-2,70/530
25/1439-2,71/8071
70/530,71/8071
85/10721,85/7098
85/10721,129/9138
85/10721,131/6569
85/10721,139/3779
85/10721,154/6363
85/10721,177/9174
85/7098,129/9138
85/7098,131/6569
85/7098,139/3779
85/7098,154/6363
85/7098,177/9174
129/9138,131/6569
129/9138,139/3779
129/9138,154/6363
129/9138,177/9174
131/6569,139/3779
131/6569,154/6363
131/6569,177/9174
139/3779,154/6363
139/3779,177/9174
154/6363,177/9174
150/4174,02/3459
150/4174,180/6102
150/4174,180/6034
150/4174,65/7490
150/4174,24/856
150/4174,98/679
02/3459,180/6102
02/3459,180/6034
02/3459,65/7490
02/3459,24/856
02/3459,98/679
180/6102,180/6034
180/6102,65/7490
180/6102,24/856
180/6102,98/679
180/6034,65/7490
180/6034,24/856
180/6034,98/679
65/7490,24/856
65/7490,98/679
24/856,98/679
160/4542,229/8514
160/4542,88/5557
160/4542,56/1525
160/4542,145/2736
229/8514,88/5557
229/8514,56/1525
229/8514,145/2736
88/5557,56/1525
88/5557,145/2736
56/1525,145/2736
94/11189,79/11187
94/11189,99/3158
79/11187,99/3158
184/4409,192/8101
184/4409,69/11313
184/4409,87/4344
184/4409,21/3557
184/4409,156/1738
184/4409,42/5266
184/4409,70/9913
184/4409,184/4409
192/8101,69/11313
192/8101,87/4344
192/8101,21/3557
192/8101,156/1738
192/8101,42/5266
192/8101,70/9913
192/8101,184/4409
69/11313,87/4344
69/11313,21/3557
69/11313,156/1738
69/11313,42/5266
69/11313,70/9913
69/11313,184/4409
87/4344,21/3557
87/4344,156/1738
87/4344,42/5266
87/4344,70/9913
87/4344,184/4409
21/3557,156/1738
21/3557,42/5266
21/3557,70/9913
21/3557,184/4409
156/1738,42/5266
156/1738,70/9913
156/1738,184/4409
42/5266,70/9913
42/5266,184/4409
70/9913,184/4409
153/6656,165/1014
153/6656,13/878
153/6656,153/6627
153/6656,f/AFdCaballero
165/1014,13/878
165/1014,153/6627
165/1014,f/AFdCaballero
13/878,153/6627
13/878,f/AFdCaballero
153/6627,f/AFdCaballero
171/8768,145/2736
171/8768,160/4542
171/8768,88/5557
171/8768,56/1525
145/2736,160/4542
145/2736,88/5557
145/2736,56/1525
160/4542,88/5557
160/4542,56/1525
88/5557,56/1525
216/6132,51/1982
216/6132,71/2079
51/1982,71/2079
65/2829,30/3708
65/2829,90/1061
65/2829,228/9504
65/2829,25/11048
65/2829,28/1626
30/3708,90/1061
30/3708,228/9504
30/3708,25/11048
30/3708,28/1626
90/1061,228/9504
90/1061,25/11048
90/1061,28/1626
228/9504,25/11048
228/9504,28/1626
25/11048,28/1626
64/6025-6,143/0259
64/6025-6,174/5725
64/6025-6,29/2868
64/6025-6,00/34
64/6025-6,49/3543
143/0259,174/5725
143/0259,29/2868
143/0259,00/34
143/0259,49/3543
174/5725,29/2868
174/5725,00/34
174/5725,49/3543
29/2868,00/34
29/2868,49/3543
00/34,49/3543
135/2815,162/9553
135/2815,79/5792
135/2815,21/5607
135/2815,41/2868
135/2815,66/8108
162/9553,79/5792
162/9553,21/5607
162/9553,41/2868
162/9553,66/8108
79/5792,21/5607
79/5792,41/2868
79/5792,66/8108
21/5607,41/2868
21/5607,66/8108
41/2868,66/8108
37/1873,37/1873
56/11155,g/JuanManuelGorriz
56/11155,75/1365-1
56/11155,31/1885
g/JuanManuelGorriz,75/1365-1
g/JuanManuelGorriz,31/1885
75/1365-1,31/1885
64/8897,42/3570
64/8897,61/6223
64/8897,177/7435
42/3570,61/6223
42/3570,177/7435
61/6223,177/7435
71/3314,10/5495
71/3314,228/2632
71/3314,229/8455
71/3314,42/6144
10/5495,228/2632
10/5495,229/8455
10/5495,42/6144
228/2632,229/8455
228/2632,42/6144
229/8455,42/6144
150/2824,139/8714
150/2824,72/164
139/8714,72/164
176/8857,229/8400
176/8857,93/263
176/8857,88/1941
176/8857,94/1609
229/8400,93/263
229/8400,88/1941
229/8400,94/1609
93/263,88/1941
93/263,94/1609
88/1941,94/1609
60/3192,b/MariaJoseCastroBleda
215/7588,182/1000
215/7588,74/637-6
215/7588,44/1249
182/1000,74/637-6
182/1000,44/1249
74/637-6,44/1249
160/5057,05/4118
160/5057,160/5157
160/5057,54/10350
05/4118,160/5157
05/4118,54/10350
160/5157,54/10350
142/6165,95/10376
142/6165,223/8813
142/6165,223/8899
142/6165,223/8850
142/6165,223/8861
95/10376,223/8813
95/10376,223/8899
95/10376,223/8850
95/10376,223/8861
223/8813,223/8899
223/8813,223/8850
223/8813,223/8861
223/8899,223/8850
223/8899,223/8861
223/8850,223/8861
211/0080,215/4440
211/0080,151/4584
211/0080,64/3062-10
215/4440,151/4584
215/4440,64/3062-10
151/4584,64/3062-10
221/1285,200/1843
211/0630,218/7052
211/0630,140/4274
218/7052,140/4274
218/7043,218/7482
218/7043,218/7411
218/7482,218/7411
43/8508,46/10960
172/9162,40/6440
152/5361,168/2063
152/5361,213/2732
152/5361,122/1934
168/2063,213/2732
168/2063,122/1934
213/2732,122/1934
202/9182,202/9182
138/6274,217/3963
219/0958,19/6782
219/0958,89/5992-13
219/0958,97/9983
219/0958,38/4585
19/6782,89/5992-13
19/6782,97/9983
19/6782,38/4585
89/5992-13,97/9983
89/5992-13,38/4585
97/9983,38/4585
30/3282,50/6061
30/3282,66/589
50/6061,66/589
30/3282,50/6061
30/3282,154/1836
50/6061,154/1836
30/3282,18/2214-1
231/2398,202/8506
231/2398,54/5792
202/8506,54/5792
79/6988,44/3507
79/6988,92/9685
79/6988,12/3320
79/6988,25/1735
44/3507,92/9685
44/3507,12/3320
44/3507,25/1735
92/9685,12/3320
92/9685,25/1735
12/3320,25/1735
58/6493,133/8519
35/5426,35/5426
22/6906,22/6906
217/3939,217/3934
217/3939,217/3917
217/3934,217/3917
217/3939,217/3934
217/3939,217/3917
217/3934,217/3917
47/5,225/8005
34/3883,21/1729
07/5653,65/1484
07/5653,213/2662
65/1484,213/2662
32/8982,19/2522
32/8982,49/8978
32/8982,73/5060
19/2522,49/8978
19/2522,73/5060
49/8978,73/5060
218/7516,116/7714
218/7516,206/5806
218/7516,218/7000
218/7516,116/7776
116/7714,206/5806
116/7714,218/7000
116/7714,116/7776
206/5806,218/7000
206/5806,116/7776
218/7000,116/7776
30/2702,29/1005
30/2702,82/1331
30/2702,92/5826
30/2702,176/8857
30/2702,24/7606
29/1005,82/1331
29/1005,92/5826
29/1005,176/8857
29/1005,24/7606
82/1331,92/5826
82/1331,176/8857
82/1331,24/7606
92/5826,176/8857
92/5826,24/7606
176/8857,24/7606
166/7572,19/8188
166/7572,76/7578
166/7572,157/0251
19/8188,76/7578
19/8188,157/0251
76/7578,157/0251
75/7278,216/1176
153/0321,68/3870
153/0321,38/7799
68/3870,38/7799
226/9804,226/9804
216/0567,216/0567
198/6148,213/2621
198/6148,97/7482
213/2621,97/7482
213/2692,213/2692
213/2692,213/2748
24/5125,230/2305
24/5125,04/8069
230/2305,04/8069
75/7662,66/645
75/7662,230/2117
75/7662,62/6924
66/645,230/2117
66/645,62/6924
230/2117,62/6924
02/7072,214/1352
02/7072,85/2221
02/7072,95/7770
02/7072,h/CesarHervasMartinez
214/1352,85/2221
214/1352,95/7770
214/1352,h/CesarHervasMartinez
85/2221,95/7770
85/2221,h/CesarHervasMartinez
95/7770,h/CesarHervasMartinez
02/4420,70/8228
02/4420,h/CesarHervasMartinez
70/8228,h/CesarHervasMartinez
216/0611,216/1182
216/0611,128/8706
216/1182,128/8706
83/6345,223/2908
12/6105,12/6105
228/7493,210/6526
183/5969,44/1276
226/9645,226/9803
226/9645,226/9897
226/9803,226/9897
196/8065,40/1226
196/8065,22/5632
196/8065,26/7279
40/1226,22/5632
40/1226,26/7279
22/5632,26/7279
213/2709,213/2653
213/2709,213/2766
213/2709,213/2741
213/2653,213/2766
213/2653,213/2741
213/2766,213/2741
225/7982,57/4255
60/2475,93/8538
60/2475,216/6899
60/2475,44/2639
93/8538,216/6899
93/8538,44/2639
216/6899,44/2639
226/6722,22/3520
226/6722,52/3525
22/3520,52/3525
209/7713,209/7524
209/7713,217/4147
209/7524,217/4147
178/6963,77/2845
04/9946,22/582
70/4150,74/1336
70/4150,150/4105
74/1336,150/4105
159/6717,54/2384
172/0846,d/IvanTomovDimov
172/0846,117/3470
d/IvanTomovDimov,117/3470
161/3030,219/0569
161/3030,171/5846
161/3030,81/11074
219/0569,171/5846
219/0569,81/11074
171/5846,81/11074
156/3189,156/3189
187/0138,186/1492
34/1780,74/2828
34/1780,95/3736-41
34/1780,03/2525
74/2828,95/3736-41
74/2828,03/2525
95/3736-41,03/2525
32/6740,73/10765
74/2853,33/5440
03/1777,02/6731
03/1777,131/7538
02/6731,131/7538
210/8903,87/10067
210/8903,83/6792
87/10067,83/6792
30/6033,216/3623
30/6033,217/4041
30/6033,137/5191
30/6033,23/6950
216/3623,217/4041
216/3623,137/5191
216/3623,23/6950
217/4041,137/5191
217/4041,23/6950
137/5191,23/6950
15/5923,59/5806-1
15/5923,120/5247
15/5923,98/3794
15/5923,11/10757
59/5806-1,120/5247
59/5806-1,98/3794
59/5806-1,11/10757
120/5247,98/3794
120/5247,11/10757
98/3794,11/10757
216/0728,56/2203
04/2330,66/3048
21/9114,127/9497
21/9114,24/7032
127/9497,24/7032
148/5006,99/4292-1
09/2019,157/4019
228/7512,77/9343
214/1347,201/5497
214/1347,210/9171
214/1347,201/5505
201/5497,210/9171
201/5497,201/5505
210/9171,201/5505
53/11234,56/7053
53/11234,219/0877
56/7053,219/0877
95/4832,73/9976
95/4832,84/2863
95/4832,49/6348
73/9976,84/2863
73/9976,49/6348
84/2863,49/6348
213/2664,67/4375
213/2664,213/2750
67/4375,213/2750
148/0135,216/6955
123/8054,201/1079
123/8054,201/1159
123/8054,50/88
201/1079,201/1159
201/1079,50/88
201/1159,50/88
153/3203,153/3361
153/3203,172/5920
153/3203,a/AAbraham
153/3361,172/5920
153/3361,a/AAbraham
172/5920,a/AAbraham
119/4926,206/6499
119/4926,135/2380
119/4926,s/VaclavSnasel
119/4926,a/AAbraham
206/6499,135/2380
206/6499,s/VaclavSnasel
206/6499,a/AAbraham
135/2380,s/VaclavSnasel
135/2380,a/AAbraham
s/VaclavSnasel,a/AAbraham
219/0748,76/1882
219/0748,219/0906
219/0748,219/0741
76/1882,219/0906
76/1882,219/0741
219/0906,219/0741
216/0751,19/360
216/0751,148/0989
19/360,148/0989
175/8874,89/2647
175/8874,54/628
175/8874,175/8899
89/2647,54/628
89/2647,175/8899
54/628,175/8899
181/0544,181/0543
181/0544,12/65
181/0544,41/3944
181/0544,154/1836
181/0543,12/65
181/0543,41/3944
181/0543,154/1836
12/65,41/3944
12/65,154/1836
41/3944,154/1836
13/7717,194/4330
13/7717,12/8605
13/7717,85/7432
13/7717,136/8469
194/4330,12/8605
194/4330,85/7432
194/4330,136/8469
12/8605,85/7432
12/8605,136/8469
85/7432,136/8469
128/0638,154/1836
184/5639,94/2061
184/5639,79/1387
184/5639,p/VasilePalade
94/2061,79/1387
94/2061,p/VasilePalade
79/1387,p/VasilePalade
171/2426,29/1997
154/1836,128/0638
154/1836,30/3282
154/1836,77/5784
154/1836,57/2671
128/0638,30/3282
128/0638,77/5784
128/0638,57/2671
30/3282,77/5784
30/3282,57/2671
77/5784,57/2671
136/9306,02/6407
136/9306,136/0133
136/9306,06/2485
136/9306,50/9089
02/6407,136/0133
02/6407,06/2485
02/6407,50/9089
136/0133,06/2485
136/0133,50/9089
06/2485,50/9089
18/2348,05/3068
18/2348,28/2999
05/3068,28/2999
223/2864,171/5846
223/2864,171/6007
171/5846,171/6007
20/6234,30/5688-13
201/9046,175/1354
201/9046,52/2889
201/9046,63/1807-1
175/1354,52/2889
175/1354,63/1807-1
52/2889,63/1807-1
136/2225,97/8470
150/2824,139/8714
150/2824,72/164
139/8714,72/164
69/4822-2,157/0251
95/6619-2,32/687
95/6619-2,150/4111
95/6619-2,146/2963
95/6619-2,86/6196
95/6619-2,226/9813
32/687,150/4111
32/687,146/2963
32/687,86/6196
32/687,226/9813
150/4111,146/2963
150/4111,86/6196
150/4111,226/9813
146/2963,86/6196
146/2963,226/9813
86/6196,226/9813
18/5837,53/10780
18/5837,203/2469
18/5837,18/3246-4
18/5837,10/6178
53/10780,203/2469
53/10780,18/3246-4
53/10780,10/6178
203/2469,18/3246-4
203/2469,10/6178
18/3246-4,10/6178
216/1232,72/3527
218/7357,39/3957
126/2513,217/4072
126/2513,56/10766
217/4072,56/10766
154/8446,71/10021
154/8446,76/9832
71/10021,76/9832
229/4836,229/4674
226/9995,226/9903
181/2812,172/4958
181/2812,136/9458
181/2812,l/AndrewChiSingLeung
172/4958,136/9458
172/4958,l/AndrewChiSingLeung
136/9458,l/AndrewChiSingLeung
35/1916,217/4043
39/9266,58/6810-55
39/9266,190/7297
39/9266,190/7786
39/9266,190/7400
39/9266,59/8206
58/6810-55,190/7297
58/6810-55,190/7786
58/6810-55,190/7400
58/6810-55,59/8206
190/7297,190/7786
190/7297,190/7400
190/7297,59/8206
190/7786,190/7400
190/7786,59/8206
190/7400,59/8206
145/0096,64/3148
145/0096,88/3340
145/0096,59/6097
145/0096,75/4895
145/0096,77/35-14
145/0096,221/1105
64/3148,88/3340
64/3148,59/6097
64/3148,75/4895
64/3148,77/35-14
64/3148,221/1105
88/3340,59/6097
88/3340,75/4895
88/3340,77/35-14
88/3340,221/1105
59/6097,75/4895
59/6097,77/35-14
59/6097,221/1105
75/4895,77/35-14
75/4895,221/1105
77/35-14,221/1105
197/6628,197/6869
197/6628,97/3226
197/6869,97/3226
36/10382,36/10382
14/10355,44/8462
14/10355,58/1076
14/10355,32/283
44/8462,58/1076
44/8462,32/283
58/1076,32/283
77/686,54/5748
77/686,154/1964
77/686,05/3054
77/686,66/8492
77/686,123/0988
54/5748,154/1964
54/5748,05/3054
54/5748,66/8492
54/5748,123/0988
154/1964,05/3054
154/1964,66/8492
154/1964,123/0988
05/3054,66/8492
05/3054,123/0988
66/8492,123/0988
216/7005,47/2929
216/7005,14/3107
216/7005,161/2744
216/7005,38/5213
47/2929,14/3107
47/2929,161/2744
47/2929,38/5213
14/3107,161/2744
14/3107,38/5213
161/2744,38/5213
07/4410,90/6986-1
07/4410,24/647
07/4410,03/9488
07/4410,143/6314
90/6986-1,24/647
90/6986-1,03/9488
90/6986-1,143/6314
24/647,03/9488
24/647,143/6314
03/9488,143/6314
97/367,158/1808
97/367,216/7015
158/1808,216/7015
12/8387,14/38
12/8387,226/6694
12/8387,213/5060
12/8387,44/283
12/8387,59/8206
14/38,226/6694
14/38,213/5060
14/38,44/283
14/38,59/8206
226/6694,213/5060
226/6694,44/283
226/6694,59/8206
213/5060,44/283
213/5060,59/8206
44/283,59/8206
221/1102,91/1037
221/1102,85/1640
221/1102,24/647
91/1037,85/1640
91/1037,24/647
85/1640,24/647
38/1670,202/8703
89/5992-25,22/9518
89/5992-25,86/1262
89/5992-25,68/3832
22/9518,86/1262
22/9518,68/3832
86/1262,68/3832
89/5992-25,22/9518
89/5992-25,68/3832
89/5992-25,224/9815
89/5992-25,224/9995
89/5992-25,86/1262
22/9518,68/3832
22/9518,224/9815
22/9518,224/9995
22/9518,86/1262
68/3832,224/9815
68/3832,224/9995
68/3832,86/1262
224/9815,224/9995
224/9815,86/1262
224/9995,86/1262
216/1026,216/0842
216/1026,216/0617
216/0842,216/0617
54/5985,89/6978
54/5985,13/2692-20
89/6978,13/2692-20
20/8180,73/6284
20/8180,40/1762
20/8180,62/7833
20/8180,33/5774
20/8180,39/6153-9
73/6284,40/1762
73/6284,62/7833
73/6284,33/5774
73/6284,39/6153-9
40/1762,62/7833
40/1762,33/5774
40/1762,39/6153-9
62/7833,33/5774
62/7833,39/6153-9
33/5774,39/6153-9
89/1615,44/3992
89/1615,95/3736
89/1615,06/1909
89/1615,91/2882
44/3992,95/3736
44/3992,06/1909
44/3992,91/2882
95/3736,06/1909
95/3736,91/2882
06/1909,91/2882
58/10320,181/2799
58/10320,43/3166
58/10320,84/11029
181/2799,43/3166
181/2799,84/11029
43/3166,84/11029
210/8413,24/6114
210/8413,28/5916
210/8413,132/4655
24/6114,28/5916
24/6114,132/4655
28/5916,132/4655
166/2976,03/607
166/2976,73/8829
166/2976,51/10501
166/2976,95/2418
03/607,73/8829
03/607,51/10501
03/607,95/2418
73/8829,51/10501
73/8829,95/2418
51/10501,95/2418
220/8298,220/8076
220/8298,176/1624
220/8298,09/6631
220/8076,176/1624
220/8076,09/6631
176/1624,09/6631
04/10257,20/10800
04/10257,147/9048
04/10257,16/11107
04/10257,06/3460
20/10800,147/9048
20/10800,16/11107
20/10800,06/3460
147/9048,16/11107
147/9048,06/3460
16/11107,06/3460
09/9441,229/9833
09/9441,229/9628
09/9441,54/4089
09/9441,131/6356
229/9833,229/9628
229/9833,54/4089
229/9833,131/6356
229/9628,54/4089
229/9628,131/6356
54/4089,131/6356
167/6427,180/0276-1
167/6427,181/3964
180/0276-1,181/3964
31/11246,146/2402
31/11246,18/2874
146/2402,18/2874
140/4792,221/2219
140/4792,61/11015
140/4792,30/3510
221/2219,61/11015
221/2219,30/3510
61/11015,30/3510
164/5739,22/8697
164/5739,l/JLucke
22/8697,l/JLucke
202/2108,120/8238
202/2108,41/406
120/8238,41/406
206/2207,99/1019
125/2132,45/8542
125/2132,41/9736
125/2132,56/953
45/8542,41/9736
45/8542,56/953
41/9736,56/953
215/7405,08/1761
171/1222,80/11163
35/1495,77/6771
159/9561,44/10840
231/8987,215/3637
231/8987,49/2394
215/3637,49/2394
206/7949,26/2257
150/7004,231/8866
150/7004,46/1669
150/7004,116/8390
150/7004,06/7930
150/7004,35/5215
150/7004,86/4183-1
150/7004,00/4918-2
231/8866,46/1669
231/8866,116/8390
231/8866,06/7930
231/8866,35/5215
231/8866,86/4183-1
231/8866,00/4918-2
46/1669,116/8390
46/1669,06/7930
46/1669,35/5215
46/1669,86/4183-1
46/1669,00/4918-2
116/8390,06/7930
116/8390,35/5215
116/8390,86/4183-1
116/8390,00/4918-2
06/7930,35/5215
06/7930,86/4183-1
06/7930,00/4918-2
35/5215,86/4183-1
35/5215,00/4918-2
86/4183-1,00/4918-2
62/10432,62/10432
92/2376,215/4915
92/2376,27/6952
92/2376,39/6416
92/2376,35/6732
92/2376,08/8693
92/2376,86/2741
92/2376,61/1218
215/4915,27/6952
215/4915,39/6416
215/4915,35/6732
215/4915,08/8693
215/4915,86/2741
215/4915,61/1218
27/6952,39/6416
27/6952,35/6732
27/6952,08/8693
27/6952,86/2741
27/6952,61/1218
39/6416,35/6732
39/6416,08/8693
39/6416,86/2741
39/6416,61/1218
35/6732,08/8693
35/6732,86/2741
35/6732,61/1218
08/8693,86/2741
08/8693,61/1218
86/2741,61/1218
27/10136,174/4606
27/10136,160/1683
27/10136,40/6431
27/10136,207/7109
27/10136,g/CLeeGiles
174/4606,160/1683
174/4606,40/6431
174/4606,207/7109
174/4606,g/CLeeGiles
160/1683,40/6431
160/1683,207/7109
160/1683,g/CLeeGiles
40/6431,207/7109
40/6431,g/CLeeGiles
207/7109,g/CLeeGiles
155/2110,56/10453
89/8483,70/6041
89/8483,00/100
70/6041,00/100
93/6604,77/2845
93/6604,32/3199
93/6604,132/9508
93/6604,80/2747-3
77/2845,32/3199
77/2845,132/9508
77/2845,80/2747-3
32/3199,132/9508
32/3199,80/2747-3
132/9508,80/2747-3
88/1924,85/1640
88/1924,09/639
85/1640,09/639
49/8910,30/6344
49/8910,201/4180
30/6344,201/4180
13/7690,15/3402
13/7690,163/6877
13/7690,163/6849
13/7690,39/8961
13/7690,70/10416
13/7690,116/5259
15/3402,163/6877
15/3402,163/6849
15/3402,39/8961
15/3402,70/10416
15/3402,116/5259
163/6877,163/6849
163/6877,39/8961
163/6877,70/10416
163/6877,116/5259
163/6849,39/8961
163/6849,70/10416
163/6849,116/5259
39/8961,70/10416
39/8961,116/5259
70/10416,116/5259
189/2260,133/9322
189/2260,120/9142
133/9322,120/9142
77/3270,34/6942
77/3270,66/645
77/3270,80/4226
34/6942,66/645
34/6942,80/4226
66/645,80/4226
207/7482,36/5430
207/7482,19/294
36/5430,19/294
154/1930,w/JunWang2
120/4505,79/2013
120/4505,85/1640
79/2013,85/1640
120/4505,79/2013
120/4505,85/1640
79/2013,85/1640
01/2038,219/2986
01/2038,15/6556
219/2986,15/6556
96/755-3,74/8069
96/755-3,200/8944
96/755-3,149/6993
96/755-3,13/5353
74/8069,200/8944
74/8069,149/6993
74/8069,13/5353
200/8944,149/6993
200/8944,13/5353
149/6993,13/5353
21/6802,37/6513
21/6802,00/100
37/6513,00/100
158/0513,158/0513
193/2295,60/5787
193/2295,193/2357
193/2295,53/11097
60/5787,193/2357
60/5787,53/11097
193/2357,53/11097
180/5272,50/2970
180/5272,38/9055
50/2970,38/9055
38/11037,b/MounirBoukadoum
219/3124,162/8504
219/3124,34/7343
219/3124,24/647
162/8504,34/7343
162/8504,24/647
34/7343,24/647
175/1502,19/5035
34/7343,219/3124
34/7343,162/8504
34/7343,24/647
219/3124,162/8504
219/3124,24/647
162/8504,24/647
181/8028,77/2845
75/4947-1,24/647
75/4947-1,55/6007
24/647,55/6007
128/1882,158/6716
128/1882,12/1731
128/1882,230/0644
158/6716,12/1731
158/6716,230/0644
12/1731,230/0644
216/6717,85/5090
216/6717,216/6592
85/5090,216/6592
135/7980,70/8849
135/7980,65/5135
135/7980,07/7226
70/8849,65/5135
70/8849,07/7226
65/5135,07/7226
36/8248,38/10578
195/2859,24/2718
195/2859,p/WitoldPedrycz
24/2718,p/WitoldPedrycz
29/11048,115/8918
29/11048,76/603
115/8918,76/603
145/6178,44/3232
27/4804,27/4804
153/2952,27/6974
153/2952,97/5229
153/2952,24/3562
27/6974,97/5229
27/6974,24/3562
97/5229,24/3562
84/5324,75/6825
84/5324,63/7026-5
84/5324,25/4656
75/6825,63/7026-5
75/6825,25/4656
63/7026-5,25/4656
14/7119,31/316
14/7119,24/647
14/7119,154/4701
31/316,24/647
31/316,154/4701
24/647,154/4701
92/2954,44/4805
92/2954,43/8685
92/2954,228/0463
92/2954,41/8685
44/4805,43/8685
44/4805,228/0463
44/4805,41/8685
43/8685,228/0463
43/8685,41/8685
228/0463,41/8685
14/5410,73/2273
228/1539,211/7927
228/1539,74/7975
228/1539,19/6211
211/7927,74/7975
211/7927,19/6211
74/7975,19/6211
181/8136,15/2841-3
181/8136,16/0-2
181/8136,121/9270
15/2841-3,16/0-2
15/2841-3,121/9270
16/0-2,121/9270
38/123,38/123
29/3547,67/1466
29/3547,27/1193
29/3547,77/2845
67/1466,27/1193
67/1466,77/2845
27/1193,77/2845
67/5807,39/4333-1
67/5807,94/7131
67/5807,77/2845
67/5807,27/1490
39/4333-1,94/7131
39/4333-1,77/2845
39/4333-1,27/1490
94/7131,77/2845
94/7131,27/1490
77/2845,27/1490
80/1563,97/5229
80/1563,s/BoShen-1
80/1563,24/647
80/1563,42/2969
97/5229,s/BoShen-1
97/5229,24/647
97/5229,42/2969
s/BoShen-1,24/647
s/BoShen-1,42/2969
24/647,42/2969
51/3710-99,97/5229
51/3710-99,21/679
97/5229,21/679
03/1467-5,00/4449
03/1467-5,211/3333
00/4449,211/3333
132/4091,182/6264
132/4091,94/1127
132/4091,34/9720
132/4091,k/NikolaKKasabov
182/6264,94/1127
182/6264,34/9720
182/6264,k/NikolaKKasabov
94/1127,34/9720
94/1127,k/NikolaKKasabov
34/9720,k/NikolaKKasabov
190/4780,75/6825
190/4780,63/7026-5
190/4780,131/9906
75/6825,63/7026-5
75/6825,131/9906
63/7026-5,131/9906
154/4024,77/8863
154/4024,54/476-4
154/4024,77/2845
77/8863,54/476-4
77/8863,77/2845
54/476-4,77/2845
168/9703,42/3287
168/9703,44/1231
168/9703,77/2845
42/3287,44/1231
42/3287,77/2845
44/1231,77/2845
226/6721,98/7603
65/2845,65/2845
73/5511,73/5511
13/9220,66/589
13/9220,196/0333
66/589,196/0333
04/5106,189/2507
04/5106,132/8523
04/5106,217/3617
189/2507,132/8523
189/2507,217/3617
132/8523,217/3617
180/7135,81/9894
207/4674,n/MinhLeNguyen
207/4674,230/0437
207/4674,58/2848
n/MinhLeNguyen,230/0437
n/MinhLeNguyen,58/2848
230/0437,58/2848
220/8130,65/510
144/6894,144/6894
144/6894,76/1130
219/2960,81/325
219/2960,219/3132
219/2960,126/8343
219/2960,77/2845
219/2960,128/0638
81/325,219/3132
81/325,126/8343
81/325,77/2845
81/325,128/0638
219/3132,126/8343
219/3132,77/2845
219/3132,128/0638
126/8343,77/2845
126/8343,128/0638
77/2845,128/0638
129/9411,43/3931
129/9411,68/11145
129/9411,42/7943
129/9411,130/1013
43/3931,68/11145
43/3931,42/7943
43/3931,130/1013
68/11145,42/7943
68/11145,130/1013
42/7943,130/1013
28/775,202/6378
28/775,150/0714
28/775,80/6273-1
202/6378,150/0714
202/6378,80/6273-1
150/0714,80/6273-1
71/2155,03/4407
71/2155,84/2010
03/4407,84/2010
230/0592,230/0508
230/0592,54/10418
230/0508,54/10418
197/7720,54/3026
197/7720,66/589
54/3026,66/589
205/2847,89/3077
205/2847,93/5681
89/3077,93/5681
132/0802,85/1640
51/595,131/9781
51/595,98/9818
131/9781,98/9818
04/6283,s/KennethOStanley
04/6283,81/7183
s/KennethOStanley,81/7183
187/4364,187/4694
187/4364,228/0529
187/4364,92/10402
187/4364,150/0591
187/4694,228/0529
187/4694,92/10402
187/4694,150/0591
228/0529,92/10402
228/0529,150/0591
92/10402,150/0591
14/5202,150/4295
14/5202,145/1939
14/5202,226/6619
14/5202,72/8516
14/5202,94/3019
14/5202,86/1927
150/4295,145/1939
150/4295,226/6619
150/4295,72/8516
150/4295,94/3019
150/4295,86/1927
145/1939,226/6619
145/1939,72/8516
145/1939,94/3019
145/1939,86/1927
226/6619,72/8516
226/6619,94/3019
226/6619,86/1927
72/8516,94/3019
72/8516,86/1927
94/3019,86/1927
10/6543,211/3415
10/6543,40/3427
10/6543,50/2415
10/6543,42/2969
211/3415,40/3427
211/3415,50/2415
211/3415,42/2969
40/3427,50/2415
40/3427,42/2969
50/2415,42/2969
133/4302,31/8837
133/4302,184/7824
133/4302,209/8492
133/4302,53/7941
133/4302,209/8244
133/4302,209/8331
133/4302,209/8320
133/4302,22/4341
31/8837,184/7824
31/8837,209/8492
31/8837,53/7941
31/8837,209/8244
31/8837,209/8331
31/8837,209/8320
31/8837,22/4341
184/7824,209/8492
184/7824,53/7941
184/7824,209/8244
184/7824,209/8331
184/7824,209/8320
184/7824,22/4341
209/8492,53/7941
209/8492,209/8244
209/8492,209/8331
209/8492,209/8320
209/8492,22/4341
53/7941,209/8244
53/7941,209/8331
53/7941,209/8320
53/7941,22/4341
209/8244,209/8331
209/8244,209/8320
209/8244,22/4341
209/8331,209/8320
209/8331,22/4341
209/8320,22/4341
217/2746,11/1423
217/2746,09/4875
11/1423,09/4875
206/7050,01/9539
206/7050,08/6597
01/9539,08/6597
45/6379,07/10875
45/6379,21/10875
07/10875,21/10875
194/2611,86/5476
194/2611,81/1684
194/2611,68/6739
194/2611,96/2976
194/2611,171/2514
194/2611,41/9830
86/5476,81/1684
86/5476,68/6739
86/5476,96/2976
86/5476,171/2514
86/5476,41/9830
81/1684,68/6739
81/1684,96/2976
81/1684,171/2514
81/1684,41/9830
68/6739,96/2976
68/6739,171/2514
68/6739,41/9830
96/2976,171/2514
96/2976,41/9830
171/2514,41/9830
198/9362,97/1443-1
198/9362,17/5585
97/1443-1,17/5585
43/4866,82/9587
43/4866,25/63
82/9587,25/63
35/3903,68/1298
35/3903,124/4834
35/3903,220/7918
68/1298,124/4834
68/1298,220/7918
124/4834,220/7918
05/3420,75/6825
05/3420,142/3959
05/3420,63/7026-5
75/6825,142/3959
75/6825,63/7026-5
142/3959,63/7026-5
99/4292-1,l/DerongLiu
90/4225-15,40/2619
90/4225-15,14/6145-3
40/2619,14/6145-3
84/864,72/6275
84/864,08/5217
84/864,42/2969
72/6275,08/5217
72/6275,42/2969
08/5217,42/2969
99/4292-1,l/DerongLiu
99/4292-1,02/6428
99/4292-1,88/5785
l/DerongLiu,02/6428
l/DerongLiu,88/5785
02/6428,88/5785
132/1478,85/1640
132/1478,119/5942
132/1478,05/3941
85/1640,119/5942
85/1640,05/3941
119/5942,05/3941
89/8625,70/6592
89/8625,68/651
70/6592,68/651
91/1037,67/1248
91/1037,43/180-1
91/1037,24/647
91/1037,85/1640
67/1248,43/180-1
67/1248,24/647
67/1248,85/1640
43/180-1,24/647
43/180-1,85/1640
24/647,85/1640
98/4025,45/1561-3
98/4025,17/1185
98/4025,52/7699
98/4025,57/2281-2
45/1561-3,17/1185
45/1561-3,52/7699
45/1561-3,57/2281-2
17/1185,52/7699
17/1185,57/2281-2
52/7699,57/2281-2
98/4025,142/3918
98/4025,57/2281-2
98/4025,47/6529-4
142/3918,57/2281-2
142/3918,47/6529-4
57/2281-2,47/6529-4
157/2440,31/316
157/2440,10/6543
157/2440,49/687
157/2440,75/4419
31/316,10/6543
31/316,49/687
31/316,75/4419
10/6543,49/687
10/6543,75/4419
49/687,75/4419
12/8416,68/6277
12/8416,77/2845
12/8416,42/2969
12/8416,51/5017
68/6277,77/2845
68/6277,42/2969
68/6277,51/5017
77/2845,42/2969
77/2845,51/5017
42/2969,51/5017
72/7503,03/8231-1
72/7503,63/7026-5
72/7503,75/6825
03/8231-1,63/7026-5
03/8231-1,75/6825
63/7026-5,75/6825
154/4701,158/8667
154/4701,31/316
154/4701,10/4661-102
154/4701,27/1490
158/8667,31/316
158/8667,10/4661-102
158/8667,27/1490
31/316,10/4661-102
31/316,27/1490
10/4661-102,27/1490
190/4685,85/1640
28/4937,85/1640
28/4937,05/3941
85/1640,05/3941
24/10134,90/6986-1
24/10134,24/647
24/10134,75/4419
90/6986-1,24/647
90/6986-1,75/4419
24/647,75/4419
150/4170,44/2060
150/4170,97/543
44/2060,97/543
29/8346,28/775
29/8346,63/7279
28/775,63/7279
198/2940,76/6623
198/2940,03/5885
198/2940,77/2845
198/2940,156/4383
76/6623,03/5885
76/6623,77/2845
76/6623,156/4383
03/5885,77/2845
03/5885,156/4383
77/2845,156/4383
33/6533,72/3054
223/2933,223/3016
35/5426,202/6349
118/9950,132/9508
118/9950,77/2845
132/9508,77/2845
88/1924,85/1640
04/7100,54/4063
04/7100,137/1235
54/4063,137/1235
61/3388,18/6404-1
61/3388,64/4136
61/3388,180/2692
18/6404-1,64/4136
18/6404-1,180/2692
64/4136,180/2692
223/3013,74/982
223/3013,149/5091
223/3013,223/3017
74/982,149/5091
74/982,223/3017
149/5091,223/3017
217/7880,217/7498
217/7880,15/245
217/7498,15/245
03/1359,73/6284
03/1359,40/1762
03/1359,33/5774
03/1359,75/4601
73/6284,40/1762
73/6284,33/5774
73/6284,75/4601
40/1762,33/5774
40/1762,75/4601
33/5774,75/4601
158/0513,158/0513
25/8458,81/5260
25/8458,57/0
81/5260,57/0
34/3271,90/746
